"Property","English","Spanish","German","Japanese","Korean","Chinese (Simplified)","Russian"
"_TranslationBy","Translation provided by:","Traducción proporcionada por: ","Übersetzung bereitgestellt von","翻訳を提供しました","번역 제공:","翻译由","Перевод предоставлен"
"_TranslatorName","Your Name","Yami","Thryrallo / DrBlackRat","Tony_Lewis","Korea_Yujin","momo","Pacmard"
"_TranslatorContact","Your Discord","@yamikadesu","@thryrallo / @drblackrat","@tony_lewis","@korea_yujin","@xmaomao","@pacmard"
"_ForgotToLockMaterial",";;YOU_FORGOT_TO_LOCK_THIS_MATERIAL;",";;OLIVIDASTE BLOQUEAR ESTE MATERIAL;",";;DU HAST VERGESSEN DIESES MATERIAL ZU SPERREN;",";;マテリアルのロックをお忘れです;",";;마테리얼을 잠그는 것을 잊으셨습니다;","材质未锁定",";;ВЫ ЗАБЫЛИ ЗАБЛОКИРОВАТЬ ЭТОТ МАТЕРИАЛ;"
"_LockTooltip","Animations don't work by default when locked in. Right click a property if you want to animate it. The shader will lock in automatically at upload time.","Las animaciones no funcionan por defecto cuando están bloqueadas. Haga clic derecho en una propiedad si desea animarla. El sombreador se bloqueará automáticamente en el tiempo de carga.","Animationen funktionieren standardmäßig nicht, wenn das Material gesperrt ist. Klicke mit der rechten Maustaste auf eine Eigenschaft, und aktivieren ""Animieren"" damit diese auch im gesperrten Zustand animiert werden kann.","","애니메이션은 기본적으로 잠겨 있으면 작동하지 않습니다. 잠겨 있는 경우 속성을 마우스 오른쪽 버튼으로 클릭하십시오","默认情况下，锁定时动画不生效。如果要对属性进行动画处理，请右键单击该属性。着色器将在上传时自动锁定。","По умолчанию анимации не работают когда материал заблокирован.Щелкните правой кнопкой мыши по свойству и выберите «Анимировать» чтобы включить анимации даже при заблокированном материале."
"GeometryShader_Enabled","GEOMETRY SHADER ENABLED","SOMBREADOR DE GEOMETRÍA ACTIVADO","GEOMETRIE-SHADER AKTIVIERT","ジオメトリ シェーダが有効","지오메트리 셰이더 활성화됨","几何着色器已启用","ГЕОМЕТРИЧЕСКИЙ ШЕЙДЕР ВКЛЮЧЕН"
"Tessellation_Enabled","TESSELLATION ENABLED","TESELADO ACTIVADO","TESSELLIERUNG AKTIVIERT","テッセレーション有効","테셀레이션 활성화됨","曲面细分已启用","ТЕССЕЛЯЦИЯ ВКЛЮЧЕНА"
"_Mode","Rendering Preset","Ajuste predeterminado de renderizado","Rendering-Voreinstellung","レンダリング プリセット","렌더링 프리셋","渲染预设","Предустановки Рендеринга"
"m_mainCategory","Color & Normals","Color y normales","Farbe & Normalen","色とノーマル (法線)","색상 & 노멀","颜色 & 法线","Цвет & Нормали"
"_Color","Color & Alpha","Color y alfa","Farbe & Alpha","カラー＆アルファ","색상 & 알파","颜色 & Alpha","Цвет & Альфа"
"_MainTex","Texture","Textura principal","Textur","テクスチャ","텍스처","主色","Текстура"
"_MainTexUV","UV","UV","UV","UV","UV","UV","UV"
"_MainTexPan","Panning","Barrido","Bewegung","パンニング","패닝","平移","Прокрутка"
"_MainPixelMode","Pixel Mode","Modo píxel","Pixelmodus","ピクセル モード","픽셀 모드","像素模式","Пиксельный Режим"
"_MainTexStochastic","Stochastic Sampling","Muestreo estocástico","Stochastisches Sampling","確率的サンプリング","확률적 샘플링","随机采样 (Stochastic)","Стохастическая Выборка"
"_BumpMap","Normal Map","Mapa de normales","Normale Textur","ノーマルマップ (法線マップ)","노멀 맵","法线贴图","Карта Нормалей"
"_BumpMapPan","Panning","Barrido","Bewegung","パンニング","패닝","平移","Прокрутка"
"_BumpMapUV","UV","UV","UV","UV","UV","UV","UV"
"_BumpScale","Intensity","Intensidad","Intensität","輝度調整","강도","强度","Интенсивность"
"_BumpMapStochastic","Stochastic Sampling","Muestreo estocástico","Stochastisches Sampling","確率的サンプリング","확률적 샘플링","随机采样 (Stochastic)","Стохастическая Выборка"
"_ClippingMask","Clipping Mask","Máscara de recorte (Canal alfa)","Alpha-Textur","アルファマップ","알파 맵","剪裁遮罩 (Alpha通道)","Маска Отсечения"
"_ClippingMaskPan","Panning","Barrido","Bewegung","パンニング","패닝","平移","Прокрутка"
"_ClippingMaskUV","UV","UV","UV","UV","UV","UV","UV"
"_Inverse_Clipping","Inverse Clipping","Invertir recorte","Umkehren","反転","반전","反转剪裁","Обратное Отсечение"
"_Cutoff","Alpha Cutoff","Umbral alfa","Alpha-Cutoff","アルファ カットオフ","알파 컷오프","Alpha 阈值 (Cutoff)","Порог отсечения Альфа-канала"
"m_start_MainHueShift","Color Adjust","Cambio de tono","Farbanpassung","ぼかし調整","색조 조정","色相调整","Коррекция Цвета"
"_MainColorAdjustToggle","Adjust Colors","Ajustar colores","Farben anpassen","色を調整する","색상 조정","调整颜色","Коррекция Цвета"
"_MainColorAdjustTexture","Mask (Expand)","Máscara de ajuste (Expandir)","Maske (Erweitern)","マスク（拡大）","마스크 (확장)","调整遮罩 (展开)","Маска (Развернуть)"
"_MainColorAdjustTexturePan","Panning","Barrido","Bewegung","パンニング","패닝","平移","Прокрутка"
"_MainColorAdjustTextureUV","UV","UV","UV","UV","UV","UV","UV"
"_Saturation","Saturation","Saturación","Sättigung","彩度","채도","饱和度","Насыщенность"
"_MainChromatize","Chromatize","Cromatizar","Chromatisieren","クロマタイズ","크로마타이즈","色度化","Хроматизировать"
"_MainTintColor","Tint","Tinte","Tönung","ティント","틴트","着色","Оттенок"
"_MainBrightness","Brightness","Brillo","Helligkeit","明るさ","밝기","亮度","Яркость"
"_MainHueShiftToggle","<size=13><b>  Hue Shift</b></size>","<size=13><b>Cambio de tono </b></size>","<size=13><b>Farbtonverschiebung</b></size>","<size=13><b>ぼかしシフト</b></size>","<size=13><b>색조 시프트</b></size>","<size=13><b>色相偏移 (Hue Shift)</b></size>","<size=13><b>Сдвиг Тона</b></size>"
"_MainHueShiftReplace","Hue Replace?","¿Reemplazo de tono?","Farbton ersetzen?","ぼかし置換","색조 교체","替换色相?","Замена Тона?"
"_MainHueShift","Hue Shift","Cambio de tono","Farbtonverschiebung","ぼかしシフト","색조 시프트","色相偏移","Сдвиг Тона"
"_MainHueShiftSpeed","Hue Shift Speed","Velocidad del cambio","Farbtonverschiebungsgeschwindigkeit","ぼかしシフト速度","색조 시프트 속도","色相偏移速度","Скорость Сдвига Тона"
"_MainHueALCTEnabled","Hue Shift Audio Link","<size=13><b>Cambio de tono del AudioLink </b></size>","<size=13><b>Hue Shift Audio Link</b></size>","<size=13><b> ぼかしシフト・オーディオリンク</b></size>","<size=13><b>색조 시프트 오디오 링크</b></size>","<size=13><b>色相偏移 AudioLink</b></size>","<size=13><b>AudioLink Сдвиг Тона</b></size>"
"_MainALHueShiftBand","Band","Banda","Band","バンド","밴드","频段","Частота"
"_MainALHueShiftCTIndex","Motion Type","Tipo de movimiento","Bewegungstyp","モーションタイプ","모션 타입","运动类型","Тип Движения"
"_MainHueALMotionSpeed","Motion Speed","Velocidad de movimiento","Bewegungsgeschwindigkeit","モーションスピード","모션 속도","运动速度","Скорость Движения"
"m_start_MainHueShiftGlobalMask","Global Mask","Máscara global","Globale Maske","グローバル マスク","글로벌 마스크","全局遮罩","Глобальная Маска"
"_MainHueGlobalMask","Hue","Tono","Farbton","ぼかし","색조","色相","Тон"
"_MainHueGlobalMaskBlendType","Blending","Tipo de mezcla","Mischen","ブレンディング","블렌딩","混合类型","Смешивание"
"_MainSaturationGlobalMask","Saturation","Saturación","Sättigung","色調","채도","饱和度","Насыщенность"
"_MainSaturationGlobalMaskBlendType","Blending","Tipo de mezcla","Mischen","ブレンディング","블렌딩","混合类型","Смешивание"
"_MainBrightnessGlobalMask","Brightness","Brillo","Helligkeit","明るさ","밝기","亮度","Яркость"
"_MainBrightnessGlobalMaskBlendType","Blending","Tipo de mezcla","Mischen","ブレンディング","블렌딩","混合类型","Смешивание"
"_AlphaForceOpaque","Force Opaque","Forzar opacidad","Undurchsichtig erzwingen","不透明を強制","불투명 강제","强制不透明","Принудительная непрозрачность"
"_AlphaMod","Alpha Mod","Modo alfa","Alpha-Mod","透明度","알파 모드","Alpha 模式","Альфа-мод"
"_AlphaPremultiply","Alpha Premultiply","Alfa premultiplicativo","Alpha-Vormultiplikation","アルファ事前乗算","알파 미리 곱하기","Alpha 预乘","Альфа-премультипликация"
"_AlphaBoostFA","Boost Transparency in ForwardAdd","Aumentar transparencia en pasada de adición directa (ForwardAdd)","Erhöhen Sie die Transparenz in ForwardAdd","ForwardAdd で透明性を高める","ForwardAdd에서 투명도 높이기","在 ForwardAdd 中增强透明度","Повышение прозрачности в ForwardAdd"
"_AlphaToCoverage","A2CToggle","<size=13><b>Transparencia por cobertura (A2C) </b></size>","<size=13><b> Alpha bis Abdeckung</b></size>","<size=13><b>アルファを範囲に使用する</b></size>","<size=13><b>알파 대 커버리지</b></size>","<size=13><b>Alpha To Coverage (A2C)</b></size>",""
"_AlphaSharpenedA2C","Sharpened  A2C","Transparencia por cobertura nítida","A2C geschärft","鮮明なA2C","선명한 A2C","锐化 A2C",""
"_AlphaMipScale","Mip Level Alpha Scale","Escala alfa por nivel de Mipmap","Mip-Level-Alpha-Skala","ミップ レベル アルファ スケール","맵 레벨 알파 스케일","Mip 层级 Alpha 缩放",""
"_AlphaDithering","Dithering","<size=13><b>Tramado (Dithering) </b></size>","<size=13><b>Dithering</b></size>","<size=13><b>ディザリング</b></size>","<size=13><b>디더링</b></size>","<size=13><b>抖动 (Dithering)</b></size>","<size=13><b>Дизеринг (Dithering) </b></size>"
"_AlphaDitherGradient","Dither Gradient","Gradiente de tramado","Dither-Gradient","ディザグラデーション","디더 그라데이션","抖动渐变","Градиент Дизеринга"
"_AlphaDistanceFade","Distance Alpha","<size=13><b>Atenuación alfa por distancia </b></size>","<size=13><b> Abstand Alpha</b></size>","<size=13><b>距離アルファ</b></size>","<size=13><b>거리 알파</b></size>","<size=13><b>距离淡入淡出 (Alpha)</b></size>","<size=13><b>Затухание альфы с расстоянием</b></size>"
"_AlphaDistanceFadeType","Pos To Use","Posición a usar","Zu verwendende Position","使用する位置","사용할 위치","使用位置","Использовать Позицию"
"_AlphaDistanceFadeMinAlpha","Min Distance Alpha","Alfa mínimo por distancia","Mindestabstand Alpha","最小距離アルファ","최소 거리 알파","最小距离 Alpha","Мин. Расстояние Альфа"
"_AlphaDistanceFadeMaxAlpha","Max Distance Alpha","Alfa máximo por distancia","Maximale Entfernung Alpha","最大距離アルファ","최대 거리 알파","最大距离 Alpha","Макс. Расстояние Альфа"
"_AlphaDistanceFadeMin","Min Distance","Distancia mínima","Mindestabstand","最小距離","최소 거리","最小距离","Мин. Расстояние"
"_AlphaDistanceFadeMax","Max Distance","Distancia máxima","Maximale Entfernung","最大距離","최대 거리","最大距离","Макс. Расстояние"
"_AlphaFresnel","Fresnel Alpha","<size=13><b>Alfa de Fresnel </b></size>","<size=13><b>Fresnel-Alpha</b></size>","<size=13><b> フレネル アルファ</b></size>","<size=13><b>프레넬 알파</b></size>","<size=13><b>菲涅尔 Alpha</b></size>","<size=13><b>Френель Альфа</b></size>"
"_AlphaFresnelAlpha","Intensity","Intensidad","Intensität","強さ","강도","强度","Интенсивность"
"_AlphaFresnelSharpness","Sharpness","Nitidez","Schärfe","鮮明さ","선명도","锐度","Резкость"
"_AlphaFresnelWidth","Width","Ancho","Breite","幅","너비","宽度","Ширина"
"_AlphaFresnelInvert","Invert","Invertir","Umkehren","反転","반전","反转","Инвертировать"
"_AlphaAngular","Angular Alpha","<size=13><b>Alfa angular </b></size>","<size=13><b>Angular Alpha</b></size>","<size=13><b>角度のあるアルファ</b></size>","<size=13><b>각도 알파</b></size>","<size=13><b>角度 Alpha</b></size>","<size=13><b>Угловая Альфа</b></size>"
"_AngleType","Angle Type","Tipo de ángulo","Winkeltyp","アングルタイプ","각도 유형","角度类型","Тип Угла"
"_AngleCompareTo","Model or Vert Positon","Comparar con modelo o posición de vértice","Modell oder vertikale Position","モデルまたは頂点位置","모델 또는 수직 위치","模型或顶点位置",""
"_AngleForwardDirection","Forward Direction","Dirección frontal","Vorwärtsrichtung","順方向","전방","前向方向",""
"_CameraAngleMin","Camera Angle Min","Ángulo mínimo de cámara","Kamerawinkel min","カメラアングル最小","카메라 각도 최소","最小摄像机角度",""
"_CameraAngleMax","Camera Angle Max","Ángulo máximo de cámara","Kamerawinkel max","カメラアングル最大","카메라 각도 최대","最大摄像机角度",""
"_ModelAngleMin","Model Angle Min","Ángulo mínimo de modelo","Modell Winkel min","モデル角度最小","모델 각도 최소","最小模型角度",""
"_ModelAngleMax","Model Angle Max","Ángulo máximo de modelo","Modell Winkel max","モデル角度最大","모델 각도 최대","最大模型角度",""
"_AngleMinAlpha","Min Alpha","Alfa mínimo","Min-Alpha","最小アルファ","최소 알파","最小 Alpha","Мин. Альфа"
"_AlphaAudioLinkEnabled","Alpha Audio Link","<size=13><b>Alfa del AudioLink </b></size>","<size=13><b> Alpha-Audio-Link</b></size>","<size=13><b>アルファ・オーディオリンク</b></size>","<size=13><b>알파 오디오 링크</b></size>","<size=13><b>Alpha AudioLink</b></size>","<size=13><b>Альфа AudioLink</b></size>"
"_AlphaAudioLinkAddBand","Add Band","Banda de suma","Band hinzufügen","バンドを追加","밴드 추가","添加频段","Добавить Частоту"
"_AlphaAudioLinkAddRange","Add Range","Rango de suma","Bereich hinzufügen","範囲を追加","범위 추가","添加范围","Добавить Диапазон"
"m_start_AlphaGlobalMask","","Máscara global alfa","Globale Maske","グローバル マスク","글로벌 마스크","Alpha 全局遮罩","Альфа Глобальная Маска"
"_AlphaGlobalMask","Global Mask","Alfa","Alpha","アルファ","알파","Alpha","Глобальная Маска"
"_AlphaGlobalMaskBlendType","Blending","Tipo de mezcla","Mischen","ブレンディング","블렌딩","混合类型","Смешивание"
"m_start_DetailOptions","Detail Normals & Texture","Opciones del detalle","Einzelheiten","ディテール","디테일","细节选项","Нормаль & Текстура Деталей"
"_DetailEnabled","Enable","Activar detalles","Aktivieren","有効","활성화","启用细节","Включить"
"_DetailMask","Detail Mask (Expand)","Máscara del detalle (Expandir)","Detailmaske (Erweitern)","ディテールマスク (拡張)","디테일 마스크 (확장)","细节遮罩 (展开)","Маска Деталей (Развернуть)"
"_DetailMaskPan","Panning","Barrido","Bewegung","パンニング","패닝","平移","Прокрутка"
"_DetailMaskUV","UV","UV","UV","UV","UV","UV","UV"
"_DetailTint","Tint","Tinte del detalle","Detail-Textur-Tönung","ディテールテクスチャの色","디테일 텍스처 틴트","细节着色","Оттенок"
"_DetailMaskStochastic","Stochastic Sampling","Muestreo estocástico","Stochastisches Sampling","確率的サンプリング","확률적 샘플링","随机采样","Стохастическая Выборка"
"_DetailTex","Detail Texture","Textura del detalle","Detail-Textur","ディテールテクスチャ","디테일 텍스처","细节纹理","Текстура Деталей"
"_DetailTexPan","Panning","Barrido","Bewegung","パンニング","패닝","平移","Прокрутка"
"_DetailTexUV","UV","UV","UV","UV","UV","UV","UV"
"_DetailTexStochastic","Stochastic Sampling","Muestreo estocástico","Stochastisches Sampling","確率的サンプリング","확률적 샘플링","随机采样","Стохастическая Выборка"
"_DetailTexIntensity","Intensity","Intensidad de la textura del detalle","Detail Tex-Intensität","ディテールテクスチャの透明度の調整","디테일 텍스처 강도","细节纹理强度","Интенсивность"
"_DetailBrightness","Brightness","Brillo del detalle:","Detailhelligkeit:","ディテール輝度:","디테일 밝기:","细节亮度:","Яркость"
"_DetailNormalMap","Detail Normal","Mapa de normales del detalle","Details Normal","ディティールノーマル","디테일 노멀","细节法线","Нормаль Деталей"
"_DetailNormalMapScale","Intensity","Intensidad del mapa de normales del detalle","Detail Normale Intensität","ディテールノーマル(法線)の大きさ","디테일 노멀 강도","细节法线强度","Интенсивность"
"_DetailNormalMapPan","Panning","Barrido","Bewegung","パンニング","패닝","平移","Прокрутка"
"_DetailNormalMapUV","UV","UV","UV","UV","UV","UV","UV"
"_DetailNormalMapStochastic","Stochastic Sampling","Muestreo estocástico","Stochastisches Sampling","確率的サンプリング","확률적 샘플링","随机采样","Стохастическая Выборка"
"m_start_vertexManipulation","Basics & Fun","Manipulación de vértices","Vertex-Optionen","頂点オプション","버텍스 옵션","顶点操作","Базовое & Интересное"
"_VertexManipulationsEnabled","Enabled","Activar manipulación de vértices","Ermöglicht","有効","활성화됨","启用顶点操作","Включено"
"_VertexManipulationLocalTranslation","Local Translation","Traslación local","Lokale Übersetzung","ローカルトランスレーション","로컬 변환","本地位移","Локальное Преобразование"
"_VertexManipulationLocalRotation","Rotation","Rotación local","Lokale Rotation","ローカルローテーション","로컬 회전","本地旋转","Вращение"
"_VertexManipulationLocalRotationSpeed","Rotation Speed","Velocidad de rotación local","Lokale Rotationsgeschwindigkeit","ローカル回転速度","로컬 회전 속도","本地旋转速度","Скорость Ротации"
"_VertexManipulationLocalScale","Scale","Escala local","Lokale Skala","ローカル スケール","로컬 스케일","本地缩放","Локальный масштаб"
"_VertexManipulationWorldTranslation","World Translation","Traslación global","Weltübersetzung","ワールド基準でメッシュを移動","월드 변환","世界位移","Глобальное Преобразование"
"_VertexManipulationHeight","Height","Altura de vértice","Scheitelhöhe","頂点の高さ","버텍스 높이","顶点高度","Высота"
"_VertexManipulationHeightMask","Height Map Texture","Mapa de altura","HöhenTextur","ハイトマップ","높이 맵","高度图","Текстура Карты Высот"
"_VertexManipulationHeightMaskPan","Panning","Barrido","Bewegung","パンニング","패닝","平移","Прокрутка"
"_VertexManipulationHeightMaskUV","UV","UV","UV","UV","UV","UV","UV"
"_VertexManipulationHeightMaskChannel","Mask Channel","Canal","Kanal","チャンネル","채널","通道","Канал Маски"
"_VertexManipulationHeightBias","Map Bias","Máscara de sesgo","Maskenverzerrung","マスクの傾き","마스크 바이어스","遮罩偏移","Смещение Карты"
"_VertexRoundingEnabled","Rounding Enabled","Activar redondeo de vértices","Rundung aktiviert","丸める","라운딩 활성화","启用顶点圆角","Округление Включено"
"_VertexRoundingSpace","Rounding Space","Espacio de redondeo","Rundungsraum","丸めるスペース","라운딩 공간","圆角空间","Пространство Округления"
"_VertexRoundingDivision","Rounding Interval","Intervalo de redondeo","Rundungsintervall","丸める間隔","라운딩 간격","圆角间隔","Интервал Округления"
"_VertexBarrelMode","<size=13><b>  Barrel Mode</b></size>","<size=13><b>Modo del barril </b></size>","<size=13><b>Fassmodus</b></size>","<size=13><b>バレルモード</b></size>","<size=13><b>배럴 모드</b></size>","<size=13><b>桶形失真模式</b></size>","<size=13><b>Режим Бочки</b></size>"
"_VertexBarrelWidth","Barrel Width","Ancho del barril","Fassbreite","バレル幅","배럴 너비","桶形宽度","Ширина Бочки"
"_VertexBarrelAlpha","Barrel Alpha","Alfa del barril","Barrel Alpha","バレルアルファ","배럴 알파","桶形 Alpha","Альфа Бочки"
"_VertexBarrelHeight","Barrel Height","Altura del barril","Laufhöhe","バレルの高さ","배럴 높이","桶形高度","Высота Бочки"
"_VertexAudioLinkEnabled","Audio Link","<size=13><b>AudioLink de los vértices </b></size>","<size=13><b>Audiolink</b></size>","<size=13><b>オーディオリンク</b></size>","<size=13><b>오디오링크</b></size>","<size=13><b>顶点 AudioLink</b></size>","<size=13><b>AudioLink</b></size>"
"_VertexLocalTranslationALBand","Band","Banda de traslación local","Lokale Übersetzungsband","ローカル変換バンド","로컬 변환 밴드","本地位移频段","Частота"
"_VertexLocalTranslationALMin","Translation Min","Traslación local mínima","Lokale Übersetzung Min","ローカル翻訳分","로컬 변환 최소","本地位移最小","Локальное Преобразование Мин."
"_VertexLocalTranslationALMax","Translation Max","Traslación local máxima","Lokale Übersetzung max","ローカル変換最大","로컬 변환 최대","本地位移最大","Локальное Преобразование Макс."
"_VertexLocalRotationALBandX","Band X","Banda de rotación X","Rotationsband X","回転バンド X","회전 밴드 X","旋转频段 X","Частота X"
"_VertexLocalRotationALBandY","Band Y","Banda de rotación Y","Rotationsband Y","回転バンド Y","회전 밴드 Y","旋转频段 Y","Частота Y"
"_VertexLocalRotationALBandZ","Band Z","Banda de rotación Z","Rotationsband Z","回転バンド Z","회전 밴드 Z","旋转频段 Z","Частота Z"
"_VertexLocalRotationAL","Rotation","Rotación","Drehung","回転","회전","旋转","Вращение"
"_VertexLocalRotationCTALBandX","Band X","Banda X","Band X","バンド X","밴드 X","频段 X","Частота X"
"_VertexLocalRotationCTALTypeX","Motion Type X","Tipo de movimiento X","Bewegungstyp X","モーションタイプX","모션 타입 X","运动类型 X","Тип Движения X"
"_VertexLocalRotationCTALBandY","Band Y","Banda Y","Band Y","バンド Y","밴드 Y","频段 Y","Частота Y"
"_VertexLocalRotationCTALTypeY","Motion Type Y","Tipo de movimiento Y","Bewegungstyp Y","モーションタイプY","모션 타입 Y","运动类型 Y","Тип Движения Y"
"_VertexLocalRotationCTALBandZ","Band Z","Banda Z","Band z","バンド Z","밴드 Z","频段 Z","Частота Z"
"_VertexLocalRotationCTALTypeZ","Motion Type Z","Tipo de movimiento Z","Bewegungstyp Z","モーションタイプZ","모션 타입 Z","运动类型 Z","Тип Движения Z"
"_VertexLocalRotationCTALSpeed","Speed","Velocidad de rotación","Drehgeschwindigkeit","回転速度","회전 속도","旋转速度","Скорость"
"_VertexLocalScaleALBand","Band","Banda de escala","Skalenband","スケールバンド","스케일 밴드","缩放频段","Частота"
"_VertexLocalScaleALMin","Scale Min","Escala mínima","Maßstab min","最小スケール","스케일 최소","缩放最小","Мин. Масштаб"
"_VertexLocalScaleALMax","Scale Max","Escala máxima","Maßstab max","最大スケール","스케일 최대","缩放最大","Макс. Масштаб"
"_VertexWorldTranslationALBand","Band","Banda de traslación global","Weltübersetzungsband","世界翻訳バンド","월드 변환 밴드","世界位移频段","Частота"
"_VertexWorldTranslationALMin","World Translation Min","Traslación global mínima","Weltübersetzung Mind","ワールド翻訳分","월드 변환 최소","世界位移最小","Глобальное Преобразование Мин."
"_VertexWorldTranslationALMax","World Translation Max","Traslación global máxima","Weltübersetzung max","最大ワールドトランスレーション","월드 변환 최대","世界位移最大","Глобальное Преобразование Макс."
"_VertexManipulationHeightBand","Band","Banda de altura de vértices","Scheitelhöhenband","頂点高さバンド","버텍스 높이 밴드","顶点高度频段","Частота"
"_VertexManipulationHeightAL","Height","Altura de vértice","Scheitelhöhe","頂点の高さ","버텍스 높이","顶点高度","Высота"
"_VertexRoundingRangeBand","Band","Banda de redondeo","Rundungsband","丸めるバンド","라운딩 밴드","圆角频段","Частота"
"_VertexRoundingRangeAL","Range","Rango de redondeo","Rundungsbereich","丸め範囲","라운딩 범위","圆角范围","Диапазон"
"m_start_vertexGlitching","Glitching","Fallos de vértices (Vertex Glitching)","Vertex-Glitch","頂点グリッチ","버텍스 글리치","顶点故障 (Glitching)","Помехи (Glitching)"
"_VertexGlitchingEnabled","Enabled","Activar fallo","Ermöglicht","有効","활성화됨","启用故障效果","Включено"
"_VertexGlitchingUseTexture","Use Texture","<size=13><b>Usar textura </b></size>","<size=13><b>Textur verwenden</b></size>","<size=13><b>テクスチャを使用</b></size>","<size=13><b>텍스처 사용</b></size>","<size=13><b>使用纹理</b></size>","<size=13><b>Использовать текстуру</b></size>"
"_VertexGlitchMap","Glitch Map [Click to Expand]","Mapa de fallos (Expandir)","Glitch-Textur ]","グリッチマップ (展開)","글리치 맵 ]","故障贴图 (展开)","Карта Помех [Нажмите чтобы развернуть]"
"_VertexGlitchDensity","Glitch Density","Densidad de fallos","Glitch-Dichte","グリッチ密度","글리치 밀도","故障密度","Плотность Помех"
"_VertexGlitchMapPanSpeed","Glitch Map Pan Speed","Velocidad del barrido del mapa de fallos","Glitch Map Pan-Geschwindigkeit","グリッチ マップのパン速度","글리치 맵 팬 속도","故障图平移速度",""
"_VertexGlitchFrequency","Glitch Interval","Frecuencia de fallo","Glitch-Intervall","グリッチ間隔","글리치 간격","故障频率","Интервал Помех"
"_VertexGlitchThreshold","Glitch Threshold","Umbral de fallo","Glitch-Schwellenwert","グリッチしきい値","글리치 임계값","故障阈值","Порог Помех"
"_VertexGlitchStrength","Glitch Strength","Intensidad de fallo","Glitch-Stärke","グリッチの強さ","글리치 강도","故障强度","Сила Помех"
"_VertexGlitchMirrorEnable","Mirror","<size=13><b>Espejo </b></size>","<size=13><b>Spiegel</b></size>","<size=13><b>鏡</b></size>","<size=13><b>거울</b></size>","<size=13><b>镜像</b></size>","<size=13><b>Зеркало</b></size>"
"_VertexGlitchMirror","Show in mirror","Mostrar en espejo","Im Spiegel zeigen","ミラーに映す","거울에 보이기","在镜像中显示","Показывать в зеркале"
"_VertexGlitchingAudioLinkEnabled","Audio Link","<size=13><b>AudioLink </b></size>","<size=13><b>Audiolink</b></size>","<size=13><b>オーディオリンク</b></size>","<size=13><b>오디오링크</b></size>","<size=13><b>AudioLink</b></size>","<size=13><b>AudioLink</b></size>"
"_VertexGlitchingAudioLinkBand","Glitch Band","Banda de fallo","Glitch-Band","グリッチバンド","글리치 밴드","故障频段","Частота Помех"
"_VertexGlitchingAudiolinkOverride","Override Glitch Intensity with Audiolink","Anular la intensidad de fallos con Audiolink","Überschreiben Sie die Glitch-Intensität mit Audiolink","Audiolink でグリッチの強さを無視する","오디오링크로 글리치 강도 덮어쓰기","AudioLink 覆盖故障强度","Перезаписывать интенсивность помех с помощью AudioLink"
"m_start_MainVertexColors","Vertex Colors","Colores de vértices","Scheitelpunktfarben","頂点の色","버텍스 색상","主顶点颜色","Цвета Вершин"
"_MainVertexColoringEnabled","Enable","Activar colores de vértices","Aktivieren","有効","활성화","启用顶点颜色","Включить"
"_MainVertexColoringLinearSpace","Linear Colors","Colores en espacio lineal","Lineare Farben","リニア色空間","선형 색상","线性空间颜色","Линейное Цветовое Пространство"
"_MainVertexColoring","Use Vertex Color","Usar color de vértices","Vertexfarbe verwenden","頂点カラーを使用","버텍스 색상 사용","使用顶点颜色","Использовать Цвета Вершин"
"_MainUseVertexColorAlpha","Use Vertex Color Alpha","Usar alfa del color de vértices","Vertex Color Alpha verwenden","頂点カラー アルファを使用","버텍스 색상 알파 사용","使用顶点颜色 Alpha","Использовать Альфу Цветов Вершин"
"m_start_backFace","Back Face","Cara trasera","Rückfläche","バックフェイス","뒷면","背面 (BackFace)","Обратная Сторона (Back Face)"
"_BackFaceEnabled","Backface Enabled","Activar cara trasera","Rückseite aktiviert","背面有効","뒷면 활성화됨","启用背面","Обратная Сторона Включена"
"_BackfaceReminder","This feature requires Cull in Rendering to be set to Off in order for this to work!","","","","","",""
"_BackFaceColor","Color","Color","Farbe","色","색상","颜色","Цвет"
"_BackFaceEmissionStrength","Emission Strength","Intensidad de la emisión","Emissionsstärke","裏面の発光の強さ","뒷면 방출 강도","发光强度","Сила Свечения"
"_BackFaceTexture","Texture","Textura","Textur","テクスチャ","텍스처","纹理","Текстура"
"_BackFaceTexturePan","Panning","Barrido","Bewegung","パンニング","패닝","平移","Прокрутка"
"_BackFaceTextureUV","UV","UV","UV#","UV#","UV#","UV","UV"
"_BackFaceMask","Mask","Máscara","Maske","マスク","마스크","遮罩","Маска"
"_BackFaceMaskPan","Panning","Barrido","Bewegung","パンニング","패닝","平移","Прокрутка"
"_BackFaceMaskUV","UV#","UV","UV#","UV#","UV#","UV","UV#"
"_BackFaceMaskChannel","Channel","Canal","Kanal","チャンネル","채널","通道","Канал"
"_BackFaceDetailIntensity","Detail Intensity","Intensidad del detalle","Detailintensität","ディテールの明るさ","디테일 강도","细节强度","Интенсивность Деталей"
"_BackFaceReplaceAlpha","Replace Alpha","Reemplazar alfa","Alpha ersetzen","アルファを置換","알파 교체","替换 Alpha","Замена Альфы"
"_BackFaceEmissionLimiter","Global Emission Multiplier","Limitador de la emisión","Emissionsbegrenzer","発光の制限","방출 제한기","发光限制器","Глобальный Множитель Свечения"
"_BackFaceHueShiftEnabled","Hue Shift","<size=13><b>Cambio de tono </b></size>","<size=13><b>Farbtonverschiebung</b></size>","<size=13><b>ぼかしシフト</b></size>","<size=13><b>색조 시프트</b></size>","<size=13><b>色相偏移</b></size>","<size=13><b>Сдвиг тона</b></size>"
"_BackFaceHueShift","Shift","Cambio de tono","Farbtonverschiebung","ぼかしシフト","색조 시프트","色相偏移","Сдвиг"
"_BackFaceHueShiftSpeed","Shift Speed","Velocidad del cambio","Farbtonverschiebungsgeschwindigkeit","ぼかしシフト速度","색조 시프트 속도","偏移速度","Скорость Сдвига"
"_RGBMaskEnabled","RGB Mask Enabled","Activar Máscara RGB","RGB-Maske aktiviert","RGB マスク有効","RGB 마스크 활성화됨","启用 RGB 遮罩","RGB Маска Включена"
"_RGBUseVertexColors","Use Vertex Colors","Usar colores de vértices","Verwenden Sie Scheitelpunktfarben","頂点カラーを使用","버텍스 색상 사용","使用顶点颜色","Использовать Цвета Вершин"
"_RGBBlendMultiplicative","Multiplicative","Multiplicativo","Multiplikativ","乗算合成","곱하기","正片叠底 (Multiplicative)","Мультипликативное"
"_RGBMask","Masks [Click to Expand]","Máscara RGB","Maske","マスク","마스크","RGB 遮罩","Маски [Нажмите чтобы развернуть]"
"_RGBMaskPan","Panning","Barrido","Bewegung","パンニング","패닝","平移","Прокрутка"
"_RGBMaskUV","UV","UV","UV","UV","UV","UV","UV"
"m_start_RGBAColors","RGBA Colors","Colores RGBA","Farben","色","색상","RGBA 颜色","Цвета RGBA"
"_RedColor","Color","Color del canal R","R-Farbe","R カラー","R 색상","R 通道颜色","Цвет R"
"_RedTexture","Texture","Textura del canal R","R-Textur","R テクスチャ","R 텍스처","R 通道纹理","Текстура R"
"_RedTexturePan","Panning","Barrido","Bewegung","パンニング","패닝","平移","Прокрутка"
"_RedTextureUV","UV","UV","UV","UV","UV","UV","UV"
"_RedTextureStochastic","Stochastic Sampling","Muestreo estocástico","Stochastisches Sampling","確率的サンプリング","확률적 샘플링","随机采样","Стохастическая Выборка"
"_RedAlphaAdd","Alpha Add","Suma alfa del canal R","R Alpha-Add","Rアルファ追加","R 알파 추가","R Alpha 添加","Добавление Альфы R"
"_GreenColor","Color","Color del canal G","G-Farbe","G カラー","G 색상","G 通道颜色","Цвет G"
"_GreenTexture","Texture","Textura del canal G","G-Textur","G テクスチャ","G 텍스처","G 通道纹理","Текстура G"
"_GreenTexturePan","Panning","Barrido","Bewegung","パンニング","패닝","平移","Прокрутка"
"_GreenTextureUV","UV","UV","UV","UV","UV","UV","UV"
"_GreenTextureStochastic","Stochastic Sampling","Muestreo estocástico","Stochastisches Sampling","確率的サンプリング","확률적 샘플링","随机采样","Стохастическая Выборка"
"_GreenAlphaAdd","Alpha Add","Suma alfa del canal G","G-Alpha-Add","G アルファ追加","G 알파 추가","G Alpha 添加","Добавление Альфы G"
"_BlueColor","Color","Color del canal B","B-Farbe","B カラー","B 색상","B 通道颜色","Цвет B"
"_BlueTexture","Texture","Textura del canal B","B-Textur","B テクスチャー","B 텍스처","B 通道纹理","Текстура B"
"_BlueTexturePan","Panning","Barrido","Bewegung","パンニング","패닝","平移","Прокрутка"
"_BlueTextureUV","UV","UV","UV","UV","UV","UV","UV"
"_BlueTextureStochastic","Stochastic Sampling","Muestreo estocástico","Stochastisches Sampling","確率的サンプリング","확률적 샘플링","随机采样","Стохастическая Выборка"
"_BlueAlphaAdd","Alpha Add","Suma alfa del canal B","B Alpha-Add","Bアルファ加算","B 알파 추가","B Alpha 添加","Добавление Альфы B"
"_AlphaColor","Color","Color del canal A","Eine Farbe","A カラー","A 색상","A 通道颜色","Цвет A"
"_AlphaTexture","Texture","Textura del canal A","Eine Textur","テクスチャ","A 텍스처","A 通道纹理","Текстура A"
"_AlphaTexturePan","Panning","Barrido","Bewegung","パンニング","패닝","平移","Прокрутка"
"_AlphaTextureUV","UV","UV","UV","UV","UV","UV","UV"
"_AlphaTextureStochastic","Stochastic Sampling","Muestreo estocástico","Stochastisches Sampling","確率的サンプリング","확률적 샘플링","随机采样","Стохастическая Выборка"
"_AlphaAlphaAdd","Alpha Add","Suma alfa del canal A","Ein Alpha-Add","アルファ追加","A 알파 추가","A Alpha 添加","Добавление Альфы A"
"m_start_rgbanormals","RGBA Normals","Normales RGBA","Normale","ノーマル(法線)","노멀","RGBA 法线","RGBA Нормали"
"_RGBNormalBlend","RGBA Normal Blend","Mezclar con la base","Mit Base verblenden","ベースとブレンド","베이스와 블렌드","与基础混合","Смешивание RGBA Нормалей"
"_RgbNormalR","Normal","Normal del canal R","R Normal","Rノーマル","R 노멀","R 通道法线","Нормаль R"
"_RgbNormalRPan","Pan","Barrido","Pfanne","パン","팬","平移","Прокрутка"
"_RgbNormalRUV","UV","UV","UV","UV","UV","UV","UV"
"_RgbNormalRStochastic","Stochastic Sampling","Muestreo estocástico","Stochastisches Sampling","確率的サンプリング","확률적 샘플링","随机采样","Стохастическая Выборка"
"_RgbNormalRScale","Normal Intensity","Intensidad","Intensität","強さ","강도","强度","Интенсивность Нормали"
"_RgbNormalG","Normal","Normal del canal G","G Normal","Gノーマル","G 노멀","G 通道法线","Нормаль G"
"_RgbNormalGPan","Pan","Barrido","Pfanne","パン","팬","平移","Прокрутка"
"_RgbNormalGUV","UV","UV","UV","UV","UV","UV","UV"
"_RgbNormalGStochastic","Stochastic Sampling","Muestreo estocástico","Stochastisches Sampling","確率的サンプリング","확률적 샘플링","随机采样","Стохастическая Выборка"
"_RgbNormalGScale","Normal Intensity","Intensidad","Intensität","強さ","강도","强度","Интенсивность Нормали"
"_RgbNormalB","Normal","Normal del canal B","B Normal","Bノーマル","B 노멀","B 通道法线","Нормаль B"
"_RgbNormalBPan","Pan","Barrido","Pfanne","パン","팬","平移","Прокрутка"
"_RgbNormalBUV","UV","UV","UV","UV","UV","UV","UV"
"_RgbNormalBStochastic","Stochastic Sampling","Muestreo estocástico","Stochastisches Sampling","確率的サンプリング","확률적 샘플링","随机采样","Стохастическая Выборка"
"_RgbNormalBScale","Normal Intensity","Intensidad","Intensität","強さ","강도","强度","Интенсивность Нормали"
"_RgbNormalA","Normal","Normal del canal A","Ein normaler","Aノーマル","A 노멀","A 通道法线","Нормаль A"
"_RgbNormalAPan","Pan","Barrido","Pfanne","パン","팬","平移","Прокрутка"
"_RgbNormalAUV","UV","UV","UV","UV","UV","UV","UV"
"_RgbNormalAStochastic","Stochastic Sampling","Muestreo estocástico","Stochastisches Sampling","確率的サンプリング","확률적 샘플링","随机采样","Стохастическая Выборка"
"_RgbNormalAScale","Normal Intensity","Intensidad","Intensität","強さ","강도","强度","Интенсивность Нормали"
"m_start_DecalSection","Decals","Calcomanías","Abziehbilder","デカール","데칼","贴花 (Decals)","Декали"
"_DecalMask","RGBA Mask [Click to Expand]","Máscara de calcomanías (RGBA)","Aufkleber RGBA-Maske","デカール RGBA マスク","데칼 RGBA 마스크","贴花遮罩 (RGBA)","RGBA Маска [Нажмите чтобы развернуть]"
"_DecalTPSDepthMaskEnabled","<size=13><b>  TPS Depth Enabled</b></size>","<size=13><b>Máscara de profundidad TPS activada </b></size>","<size=13><b> TPS-Tiefe aktiviert</b></size>","<size=13><b>TPS 深度有効</b></size>","<size=13><b>TPS 깊이 활성화됨</b></size>","<size=13><b>启用 TPS 深度遮罩</b></size>","<size=13><b>Глубина TPS Включена</b></size>"
"_Decal0TPSMaskStrength","Mask r Strength","Intensidad de la máscara (Canal R)","Maske r Stärke","マスク R 強さ","마스크 R 강도","遮罩 R 强度","Сила Маски R"
"_Decal1TPSMaskStrength","Mask g Strength","Intensidad de la máscara (Canal G)","Maske g Stärke","マスク G 強さ","마스크 G 강도","遮罩 G 强度","Сила Маски G"
"_Decal2TPSMaskStrength","Mask b Strength","Intensidad de la máscara (Canal B)","Maske b Stärke","マスク B 強さ","마스크 B 강도","遮罩 B 强度","Сила Маски B"
"_Decal3TPSMaskStrength","Mask a Strength","Intensidad de la máscara (Canal A)","Maskiere eine Stärke","マスク A 強さ","마스크 A 강도","遮罩 A 强度","Сила Маски A"
"m_start_Decal0","Decal 0","Calcomanía 0","Aufkleber 0","デカール 0","데칼 0","贴花 0","Декаль 0"
"_DecalEnabled","Enable","Activar calcomanía","Aktivieren","有効","활성화","启用贴花","Включить"
"_Decal0MaskChannel","Mask Channel","Canal de máscara","Maskenkanal","マスクチャンネル","마스크 채널","遮罩通道","Канал Маски"
"_Decal0GlobalMask","Apply From Global Mask","Máscara global","Globale Maske","グローバル マスク","글로벌 마스크","全局遮罩","Применить из Глобальной Маски"
"_Decal0GlobalMaskBlendType","Blending","Tipo de mezcla","Mischen","ブレンディング","블렌딩","混合类型","Смешивание"
"_DecalColor","Color","Color","Farbe","色","색상","颜色","Цвет"
"_DecalEmissionStrength","Emission Strength","Intensidad de la emisión","Emissionsstärke","発光の強さ","방출 강도","发光强度","Сила Свечения"
"_DecalTexture","Decal","Textura","Abziehbild","デカール","데칼","贴花纹理","Декаль"
"_DecalTexturePan","Panning","Barrido","Bewegung","パンニング","패닝","平移","Прокрутка"
"_DecalTextureUV","UV","UV","UV","UV","UV","UV","UV"
"_DecalTiled","Tiled","Calcomanía en mosaico","Gefliest","タイル表示","타일링","平铺","Мозаика"
"_Decal0Depth","Depth","Profundidad","Tiefe","深さ","깊이","深度","Глубина"
"_DecalScale","Scale","Escala","Skala","規模","스케일","缩放","Масштаб"
"_DecalSideOffset","Side Offset","Desplazamiento lateral","Seitenversatz","サイドオフセット","측면 오프셋","侧面偏移","Боковое Cмещение"
"_DecalPosition","Position","Posición","Position","位置","위치","位置","Позиция"
"_DecalRotation","Rotation","Rotación","Drehung","回転","회전","旋转","Вращение"
"_DecalRotationSpeed","Rotation Speed","Velocidad de rotación","Drehgeschwindigkeit","回転速度","회전 속도","旋转速度","Скорость Ротации"
"_DecalBlendType","Color Blend Mode","Tipo de mezcla","Mischen","ブレンディング","블렌딩","混合类型","Режим Смешивания Цвета"
"_DecalBlendAlpha","Alpha","Alfa","Alpha","アルファ","알파","Alpha","Альфа"
"_DecalOverrideAlpha","Alpha Blend Mode","Anular alfa","Alpha überschreiben","アルファを無視する","알파 덮어쓰기","覆盖 Alpha","Режим Смешивания Альфы"
"_Decal0ApplyGlobalMaskIndex","Apply to Global Mask","Aplicar a la máscara global","Bewerben Sie sich bei Global Mask","グローバルマスクに適用","글로벌 마스크에 적용","应用到全局遮罩","Применить к Глобальной Маске"
"_Decal0ApplyGlobalMaskBlendType","Blending","Tipo de mezcla","Mischen","ブレンディング","블렌딩","混合类型","Смешивание"
"_DecalHueShiftEnabled","Hue Shift","<size=13><b>Cambio de tono </b></size>","<size=13><b>Farbtonverschiebung</b></size>","<size=13><b>ぼかしシフト</b></size>","<size=13><b>색조 시프트</b></size>","<size=13><b>色相偏移</b></size>","<size=13><b>Сдвиг Тона</b></size>"
"_DecalHueShiftSpeed","Shift Speed","Velocidad del cambio","Schaltgeschwindigkeit","シフトスピード","시프트 속도","偏移速度","Скорость Сдвига"
"_DecalHueShift","Hue Shift","Cambio de tono","Farbtonverschiebung","ぼかしシフト","색조 시프트","色相偏移","Сдвиг Тона"
"_Decal0HueAngleStrength","Hue Angle Power","Intensidad del tono por ángulo","Farbwinkelleistung","角のぼかしの強さ","색조 각도 강도","角度色相强度","Сила Угла Оттенка"
"_Decal0ChannelSeparationEnable","Chromatic Aberration","<size=13><b>Separación de canales </b></size>","<size=13><b>Kanaltrennung</b></size>","<size=13><b>チャンネル分離</b></size>","<size=13><b>채널 분리</b></size>","<size=13><b>通道分离</b></size>","Хроматическая Аберрация"
"_Decal0ChannelSeparation","Intensity","Separación","Intensität","強さ","강도","分离强度","Интенсивность"
"_Decal0ChannelSeparationAngleStrength","Surface Angle Intensity","Intensidad de la separación por ángulo","Intensität des Oberflächenwinkels","表面角度の強さ","표면 각도 강도","表面角度强度","Интенсивность по углу поверхности"
"_Decal0ChannelSeparationHue","Hue","Tono","Farbton","ぼかし","색조","色相","Тон"
"_Decal0ChannelSeparationVertical","Direction","Dirección","Richtung","方向","방향","方向","Направление"
"_Decal0ChannelSeparationPremultiply","Premultiply Alpha","Alfa premultiplicativo","Alpha vormultiplizieren","事前乗算アルファ","알파 미리 곱하기","预乘 Alpha","Альфа-премультипликация"
"m_start_Decal0AudioLink","Audio Link ♫","AudioLink ♫","Audiolink ♫","オーディオリンク♫","오디오링크 ♫","AudioLink ♫","AudioLink ♫"
"_AudioLinkDecal0ScaleBand","Scale Band","Banda de escala","Skalenband","スケールバンド","스케일 밴드","缩放频段","Частота Масштаба"
"_AudioLinkDecal0Scale","Scale Mod","Modificador de escala","Skalen-Mod","スケールモッド","스케일 모드","缩放调节","Мод Масштаба"
"_AudioLinkDecal0SideBand","Side Band","Banda lateral","Seitenband","サイドバンド","측면 밴드","侧边频段","Частота Смещения"
"_AudioLinkDecal0SideMin","Side Mod Min","Lateral mínimo","Seite zu min","横から最小","측면 최소","侧边最小","Мин. Смещение"
"_AudioLinkDecal0SideMax","Side Mod Max","Lateral máximo","Seitenmod max","サイド モッド 最大","측면 모드 최대","侧边调节最大","Макс. Смещение"
"_AudioLinkDecal0RotationBand","Rotation Band","Banda de rotación","Rotationsband","回転バンド","회전 밴드","旋转频段","Частота Ротации"
"_AudioLinkDecal0Rotation","Rotation Mod","Modificador de rotación","Rotationsmod","ローテーション・モッド","회전 모드","旋转调节","Мод Ротации"
"_AudioLinkDecal0AlphaBand","Alpha Band","Banda alfa","Alphaband","アルファバンド","알파 밴드","Alpha 频段","Частота Альфы"
"_AudioLinkDecal0Alpha","Alpha Mod","Modificador alfa","Alpha-Mod","アルファモッド","알파 모드","Alpha 调节","Альфа-мод"
"_AudioLinkDecal0EmissionBand","Emission Band","Banda de la emisión","Emissionsband","発光バンド","방출 밴드","发光频段","Частота Свечения"
"_AudioLinkDecal0Emission","Emission Mod","Modificador de la emisión","Emissionsmod","発光モッド","방출 모드","发光调节","Мод Свечения"
"_AudioLinkDecalCC0","CC Strip","Banda de acordes de color","CC-Streifen","CCストリップ","CC 스트립","颜色编码条 (Color Chord)",""
"_DecalRotationCTALBand0","Chrono Rotation Band","Banda de rotación de cronotensidad","Chronorotationsband","クロノローテーションバンド","크로노 회전 밴드","时间旋转频段",""
"_DecalRotationCTALType0","Chrono Motion Type","Tipo de movimiento de cronotensidad","Chrono-Bewegungstyp","クロノモーションタイプ","크로노 모션 타입","时间运动类型",""
"_DecalRotationCTALSpeed0","Chrono Rotation Speed","Velocidad de rotación de cronotensidad","Chrono Rotationsgeschwindigkeit","クロノ回転速度","크로노 회전 속도","时间旋转速度",""
"_AudioLinkDecal0ChannelSeparationBand","Chromatic Aberration Band","Banda de separación de canales","Kanaltrennungsband","バンドチャンネル分離帯域","채널 분리 밴드","通道分离频段","Частота Хроматической Аберрации"
"_AudioLinkDecal0ChannelSeparation","Chromatic Aberration","Separación de canales","Kanaltrennung","チャンネル分離","채널 분리","通道分离","Хроматическая Аберрация"
"m_start_Decal1","Decal 1","Calcomanía 1","Aufkleber 1","デカール1","데칼 1","贴花 1","Декаль 1"
"_DecalEnabled1","Enable","Activar calcomanía","Aktivieren","有効","활성화","启用贴花","Включить"
"_Decal1MaskChannel","Mask Channel","Canal de máscara","Maskenkanal","マスクチャンネル","마스크 채널","遮罩通道","Канал Маски"
"_Decal1GlobalMask","Apply From Global Mask","Máscara global","Globale Maske","グローバル マスク","글로벌 마스크","全局遮罩","Применить из Глобальной Маски"
"_Decal1GlobalMaskBlendType","Blending","Tipo de mezcla","Mischen","ブレンディング","블렌딩","混合类型","Смешивание"
"_DecalColor1","Color","Color","Farbe","色","색상","颜色","Цвет"
"_DecalEmissionStrength1","Emission Strength","Intensidad de la emisión","Emissionsstärke","発光の強さ","방출 강도","发光强度","Сила Свечения"
"_DecalTexture1","Decal","Textura","Abziehbild","デカール","데칼","贴花纹理","Декаль"
"_DecalTexture1Pan","Panning","Barrido","Bewegung","パンニング","패닝","平移","Прокрутка"
"_DecalTexture1UV","UV","UV","UV","UV","UV","UV","UV"
"_DecalTiled1","Tiled","Calcomanía en mosaico","Gefliest","タイル表示","타일링","平铺","Мозаика"
"_Decal1Depth","Depth","Profundidad","Tiefe","深さ","깊이","深度","Глубина"
"_DecalScale1","Scale","Escala","Skala","規模","스케일","缩放","Масштаб"
"_DecalSideOffset1","Side Offset","Desplazamiento lateral","Seitenversatz","サイドオフセット","측면 오프셋","侧面偏移","Боковое Cмещение"
"_DecalPosition1","Position","Posición","Position","位置","위치","位置","Позиция"
"_DecalRotation1","Rotation","Rotación","Drehung","回転","회전","旋转","Вращение"
"_DecalRotationSpeed1","Rotation Speed","Velocidad de rotación","Drehgeschwindigkeit","回転速度","회전 속도","旋转速度","Скорость Ротации"
"_DecalBlendType1","Color Blend Mode","Tipo de mezcla","Mischen","ブレンディング","블렌딩","混合类型","Режим Смешивания Цвета"
"_DecalBlendAlpha1","Alpha","Alfa","Alpha","アルファ","알파","Alpha","Альфа"
"_DecalOverrideAlpha1","Alpha Blend Mode","Anular alfa","Alpha überschreiben","アルファを無視する","알파 덮어쓰기","覆盖 Alpha","Режим Смешивания Альфы"
"_Decal1ApplyGlobalMaskIndex","Apply to Global Mask","Aplicar a la máscara global","Bewerben Sie sich bei Global Mask","グローバルマスクに適用","글로벌 마스크에 적용","应用到全局遮罩","Применить к Глобальной Маске"
"_Decal1ApplyGlobalMaskBlendType","Blending","Tipo de mezcla","Mischen","ブレンディング","블렌딩","混合类型","Смешивание"
"_DecalHueShiftEnabled1","Hue Shift","<size=13><b>Cambio de tono </b></size>","<size=13><b>Farbtonverschiebung</b></size>","<size=13><b>ぼかしシフト</b></size>","<size=13><b>색조 시프트</b></size>","<size=13><b>色相偏移</b></size>","<size=13><b>Сдвиг тона</b></size>"
"_DecalHueShiftSpeed1","Shift Speed","Velocidad del cambio","Schaltgeschwindigkeit","シフトスピード","시프트 속도","偏移速度","Скорость Сдвига"
"_DecalHueShift1","Hue Shift","Cambio de tono","Farbtonverschiebung","ぼかしシフト","색조 시프트","色相偏移","Сдвиг тона"
"_Decal1HueAngleStrength","Hue Angle Power","Intensidad de tono por ángulo","Farbwinkelleistung","角のぼかしの強さ","색조 각도 강도","角度色相强度","Сила Угла Оттенка"
"_Decal1ChannelSeparationEnable","Chromatic Aberration","<size=13><b>Separación de canales </b></size>","<size=13><b>Kanaltrennung</b></size>","<size=13><b>チャンネル分離</b></size>","<size=13><b>채널 분리</b></size>","<size=13><b>通道分离</b></size>","<size=13><b>Хроматическая Аберрация</b></size>"
"_Decal1ChannelSeparation","Intensity","Separación","Intensität","強さ","강도","分离强度","Интенсивность"
"_Decal1ChannelSeparationAngleStrength","Surface Angle Intensity","Intensidad de la separación por ángulo","Intensität des Oberflächenwinkels","表面角度の強さ","표면 각도 강도","表面角度强度","Интенсивность по углу поверхности"
"_Decal1ChannelSeparationHue","Hue","Tono","Farbton","ぼかし","색조","色相","Тон"
"_Decal1ChannelSeparationVertical","Direction","Dirección","Richtung","方向","방향","方向","Направление"
"_Decal1ChannelSeparationPremultiply","Premultiply Alpha","Alfa premultiplicativo","Alpha vormultiplizieren","事前乗算アルファ","알파 미리 곱하기","预乘 Alpha","Альфа-премультипликация"
"m_start_Decal1AudioLink","Audio Link ♫","AudioLink ♫","Audiolink ♫","オーディオリンク♫","오디오링크 ♫","AudioLink ♫","AudioLink ♫"
"_AudioLinkDecal1ScaleBand","Scale Band","Banda de escala","Skalenband","スケールバンド","스케일 밴드","缩放频段","Частота Масштаба"
"_AudioLinkDecal1Scale","Scale Mod","Modificador de escala","Skalen-Mod","スケールモッド","스케일 모드","缩放调节","Мод Масштаба"
"_AudioLinkDecal1SideBand","Side Band","Banda lateral","Seitenband","サイドバンド","측면 밴드","侧边频段","Частота Смещения"
"_AudioLinkDecal1SideMin","Side Mod Min","Lateral mínimo","Seite zu min","横から最小","측면 최소","侧边最小","Мин. Смещение"
"_AudioLinkDecal1SideMax","Side Mod Max","Lateral máximo","Seitenmod max","サイド モッド 最大","측면 모드 최대","侧边调节最大","Макс. Смещение"
"_AudioLinkDecal1RotationBand","Rotation Band","Banda de rotación","Rotationsband","回転バンド","회전 밴드","旋转频段","Частота Ротации"
"_AudioLinkDecal1Rotation","Rotation Mod","Modificador de rotación","Rotationsmod","ローテーション・モッド","회전 모드","旋转调节","Мод Ротации"
"_AudioLinkDecal1AlphaBand","Alpha Band","Banda alfa","Alphaband","アルファバンド","알파 밴드","Alpha 频段","Частота Альфы"
"_AudioLinkDecal1Alpha","Alpha Mod","Modificador alfa","Alpha-Mod","アルファモッド","알파 모드","Alpha 调节","Альфа-мод"
"_AudioLinkDecal1EmissionBand","Emission Band","Banda de la emisión","Emissionsband","発光バンド","방출 밴드","发光频段","Частота Свечения"
"_AudioLinkDecal1Emission","Emission Mod","Modificador de la emisión","Emissionsmod","発光モッド","방출 모드","发光调节","Мод Свечения"
"_AudioLinkDecalCC1","CC Strip","Banda de acordes de color","CC-Streifen","CCストリップ","CC 스트립","颜色编码条",""
"_DecalRotationCTALBand1","Chrono Rotation Band","Banda de rotación de cronotensidad","Chronorotationsband","クロノローテーションバンド","크로노 회전 밴드","时间旋转频段",""
"_DecalRotationCTALType1","Chrono Motion Type","Tipo de movimiento de cronotensidad","Chrono-Bewegungstyp","クロノモーションタイプ","크로노 모션 타입","时间运动类型",""
"_DecalRotationCTALSpeed1","Chrono Rotation Speed","Velocidad de rotación de cronotensidad","Chrono Rotationsgeschwindigkeit","クロノ回転速度","크로노 회전 속도","时间旋转速度",""
"_AudioLinkDecal1ChannelSeparationBand","Chromatic Aberration Band","Banda de separación de canales","Kanaltrennungsband","バンドチャンネル分離帯域","채널 분리 밴드","通道分离频段","Частота Хроматической Аберрации"
"_AudioLinkDecal1ChannelSeparation","Chromatic Aberration","Separación de canales","Kanaltrennung","チャンネル分離","채널 분리","通道分离","Хроматическая Аберрация"
"m_start_Decal2","Decal 2","Calcomanía 2","Aufkleber 2","デカール2","데칼 2","贴花 2","Декаль 2"
"_DecalEnabled2","Enable","Activar calcomanía","Aktivieren","有効","활성화","启用贴花","Включить"
"_Decal2MaskChannel","Mask Channel","Canal de máscara","Maskenkanal","マスクチャンネル","마스크 채널","遮罩通道","Канал Маски"
"_Decal2GlobalMask","Apply From Global Mask","Máscara global","Globale Maske","グローバル マスク","글로벌 마스크","全局遮罩","Применить из Глобальной Маски"
"_Decal2GlobalMaskBlendType","Blending","Tipo de mezcla","Mischen","ブレンディング","블렌딩","混合类型","Смешивание"
"_DecalColor2","Color","Color","Farbe","色","색상","颜色","Цвет"
"_DecalEmissionStrength2","Emission Strength","Intensidad de la emisión","Emissionsstärke","発光の強さ","방출 강도","发光强度","Сила Свечения"
"_DecalTexture2","Decal","Textura","Abziehbild","デカール","데칼","贴花纹理","Декаль"
"_DecalTexture2Pan","Panning","Barrido","Bewegung","パンニング","패닝","平移","Прокрутка"
"_DecalTexture2UV","UV","UV","UV","UV","UV","UV","UV"
"_DecalTiled2","Tiled","Calcomanía en mosaico","Gefliest","タイル表示","타일링","平铺","Мозаика"
"_Decal2Depth","Depth","Profundidad","Tiefe","深さ","깊이","深度","Глубина"
"_DecalScale2","Scale","Escala","Skala","規模","스케일","缩放","Масштаб"
"_DecalSideOffset2","Side Offset","Desplazamiento lateral","Seitenversatz","サイドオフセット","측면 오프셋","侧面偏移","Боковое Cмещение"
"_DecalPosition2","Position","Posición","Position","位置","위치","位置","Позиция"
"_DecalRotation2","Rotation","Rotación","Drehung","回転","회전","旋转","Вращение"
"_DecalRotationSpeed2","Rotation Speed","Velocidad de rotación","Drehgeschwindigkeit","回転速度","회전 속도","旋转速度","Скорость Ротации"
"_DecalBlendType2","Color Blend Mode","Tipo de mezcla","Mischen","ブレンディング","블렌딩","混合类型","Режим Смешивания Цвета"
"_DecalBlendAlpha2","Alpha","Alfa","Alpha","アルファ","알파","Alpha","Альфа"
"_DecalOverrideAlpha2","Alpha Blend Mode","Anular alfa","Alpha überschreiben","アルファを無視する","알파 덮어쓰기","覆盖 Alpha","Режим Смешивания Альфы"
"_Decal2ApplyGlobalMaskIndex","Apply to Global Mask","Aplicar a la máscara global","Bewerben Sie sich bei Global Mask","グローバルマスクに適用","글로벌 마스크에 적용","应用到全局遮罩","Применить к Глобальной Маске"
"_Decal2ApplyGlobalMaskBlendType","Blending","Tipo de mezcla","Mischen","ブレンディング","블렌딩","混合类型","Смешивание"
"_DecalHueShiftEnabled2","Hue Shift","<size=13><b>Cambio de tono </b></size>","<size=13><b>Farbtonverschiebung</b></size>","<size=13><b>ぼかしシフト</b></size>","<size=13><b>색조 시프트</b></size>","<size=13><b>色相偏移</b></size>","<size=13><b>Сдвиг Тона</b></size>"
"_DecalHueShiftSpeed2","Shift Speed","Velocidad del cambio","Schaltgeschwindigkeit","シフトスピード","시프트 속도","偏移速度","Скорость Сдвига"
"_DecalHueShift2","Hue Shift","Cambio de tono","Farbtonverschiebung","ぼかしシフト","색조 시프트","色相偏移","Сдвиг Тона"
"_Decal2HueAngleStrength","Hue Angle Power","Intensidad del tono por ángulo","Farbwinkelleistung","角のぼかしの強さ","색조 각도 강도","角度色相强度","Сила Угла Оттенка"
"_Decal2ChannelSeparationEnable","Chromatic Aberration","<size=13><b>Separación de canales </b></size>","<size=13><b>Kanaltrennung</b></size>","<size=13><b>チャンネル分離</b></size>","<size=13><b>채널 분리</b></size>","<size=13><b>通道分离</b></size>","Хроматическая Аберрация"
"_Decal2ChannelSeparation","Intensity","Separación","Intensität","強さ","강도","分离强度","Интенсивность"
"_Decal2ChannelSeparationAngleStrength","Surface Angle Intensity","Intensidad de la separación por ángulo","Intensität des Oberflächenwinkels","表面角度の強さ","표면 각도 강도","表面角度强度","Интенсивность по углу поверхности"
"_Decal2ChannelSeparationHue","Hue","Tono","Farbton","ぼかし","색조","色相","Тон"
"_Decal2ChannelSeparationVertical","Direction","Dirección","Richtung","方向","방향","方向","Направление"
"_Decal2ChannelSeparationPremultiply","Premultiply Alpha","Alfa premultiplicativo","Alpha vormultiplizieren","事前乗算アルファ","알파 미리 곱하기","预乘 Alpha","Альфа-премультипликация"
"m_start_Decal2AudioLink","Audio Link ♫","AudioLink ♫","Audiolink ♫","オーディオリンク♫","오디오링크 ♫","AudioLink ♫","AudioLink ♫"
"_AudioLinkDecal2ScaleBand","Scale Band","Banda de escala","Skalenband","スケールバンド","스케일 밴드","缩放频段","Частота Масштаба"
"_AudioLinkDecal2Scale","Scale Mod","Modificador de escala","Skalen-Mod","スケールモッド","스케일 모드","缩放调节","Мод Масштаба"
"_AudioLinkDecal2SideBand","Side Band","Banda lateral","Seitenband","サイドバンド","측면 밴드","侧边频段","Частота Смещения"
"_AudioLinkDecal2SideMin","Side Mod Min","Lateral mínimo","Seite zu min","横から最小","측면 최소","侧边最小","Мин. Смещение"
"_AudioLinkDecal2SideMax","Side Mod Max","Lateral máximo","Seitenmod max","サイド モッド 最大","측면 모드 최대","侧边调节最大","Макс. Смещение"
"_AudioLinkDecal2RotationBand","Rotation Band","Banda de rotación","Rotationsband","回転バンド","회전 밴드","旋转频段","Частота Ротации"
"_AudioLinkDecal2Rotation","Rotation Mod","Modificador de rotación","Rotationsmod","ローテーション・モッド","회전 모드","旋转调节","Мод Ротации"
"_AudioLinkDecal2AlphaBand","Alpha Band","Banda alfa","Alphaband","アルファバンド","알파 밴드","Alpha 频段","Частота Альфы"
"_AudioLinkDecal2Alpha","Alpha Mod","Modificador alfa","Alpha-Mod","アルファモッド","알파 모드","Alpha 调节","Альфа-мод"
"_AudioLinkDecal2EmissionBand","Emission Band","Banda de la emisión","Emissionsband","発光バンド","방출 밴드","发光频段","Частота Свечения"
"_AudioLinkDecal2Emission","Emission Mod","Modificador de la emisión","Emissionsmod","発光モッド","방출 모드","发光调节","Мод Свечения"
"_AudioLinkDecalCC2","CC Strip","Banda de acordes de color","CC-Streifen","CCストリップ","CC 스트립","颜色编码条",""
"_DecalRotationCTALBand2","Chrono Rotation Band","Banda de rotación de cronotensidad","Chronorotationsband","クロノローテーションバンド","크로노 회전 밴드","时间旋转频段",""
"_DecalRotationCTALType2","Chrono Motion Type","Tipo de movimiento de cronotensidad","Chrono-Bewegungstyp","クロノモーションタイプ","크로노 모션 타입","时间运动类型",""
"_DecalRotationCTALSpeed2","Chrono Rotation Speed","Velocidad de rotación de cronotensidad","Chrono Rotationsgeschwindigkeit","クロノ回転速度","크로노 회전 속도","时间旋转速度",""
"_AudioLinkDecal2ChannelSeparationBand","Chromatic Aberration Band","Banda de separación de canales","Kanaltrennungsband","チャンネル分離帯域","채널 분리 밴드","通道分离频段","Частота Хроматической Аберрации"
"_AudioLinkDecal2ChannelSeparation","Chromatic Aberration","Separación de canales","Kanaltrennung","チャンネル分離","채널 분리","通道分离","Хроматическая Аберрация"
"m_start_Decal3","Decal 3","Calcomanía 3","Aufkleber 3","デカール3","데칼 3","贴花 3","Декаль 3"
"_DecalEnabled3","Enable","Activar calcomanía","Aktivieren","有効","활성화","启用贴花","Включить"
"_Decal3MaskChannel","Mask Channel","Canal de máscara","Maskenkanal","マスクチャンネル","마스크 채널","遮罩通道","Канал Маски"
"_Decal3GlobalMask","Apply From Global Mask","Máscara global","Globale Maske","グローバル マスク","글로벌 마스크","全局遮罩","Применить из Глобальной Маски"
"_Decal3GlobalMaskBlendType","Blending","Tipo de mezcla","Mischen","ブレンディング","블렌딩","混合类型","Смешивание"
"_DecalColor3","Color","Color","Farbe","色","색상","颜色","Цвет"
"_DecalEmissionStrength3","Emission Strength","Intensidad de la emisión","Emissionsstärke","発光の強さ","방출 강도","发光强度","Сила Свечения"
"_DecalTexture3","Decal","Textura","Abziehbild","デカール","데칼","贴花纹理","Декаль"
"_DecalTexture3Pan","Panning","Barrido","Bewegung","パンニング","패닝","平移","Прокрутка"
"_DecalTexture3UV","UV","UV","UV","UV","UV","UV","UV"
"_DecalTiled3","Tiled","Calcomanía en mosaico","Gefliest","タイル表示","타일링","平铺","Мозаика"
"_Decal3Depth","Depth","Profundidad","Tiefe","深さ","깊이","深度","Глубина"
"_DecalScale3","Scale","Escala","Skala","規模","스케일","缩放","Масштаб"
"_DecalSideOffset3","Side Offset","Desplazamiento lateral","Seitenversatz","サイドオフセット","측면 오프셋","侧面偏移","Боковое Cмещение"
"_DecalPosition3","Position","Posición","Position","位置","위치","位置","Позиция"
"_DecalRotation3","Rotation","Rotación","Drehung","回転","회전","旋转","Вращение"
"_DecalRotationSpeed3","Rotation Speed","Velocidad de rotación","Drehgeschwindigkeit","回転速度","회전 속도","旋转速度","Скорость Ротации"
"_DecalBlendType3","Color Blend Mode","Tipo de mezcla","Mischen","ブレンディング","블렌딩","混合类型","Режим Смешивания Цвета"
"_DecalBlendAlpha3","Alpha","Alfa","Alpha","アルファ","알파","Alpha","Альфа"
"_DecalOverrideAlpha3","Alpha Blend Mode","Anular alfa","Alpha überschreiben","アルファを無視する","알파 덮어쓰기","覆盖 Alpha","Режим Смешивания Альфы"
"_Decal3ApplyGlobalMaskIndex","Apply to Global Mask","Aplicar a la máscara global","Bewerben Sie sich bei Global Mask","グローバルマスクに適用","글로벌 마스크에 적용","应用到全局遮罩","Применить к Глобальной Маске"
"_Decal3ApplyGlobalMaskBlendType","Blending","Tipo de mezcla","Mischen","ブレンディング","블렌딩","混合类型","Смешивание"
"_DecalHueShiftEnabled3","Hue Shift","<size=13><b>Cambio de tono </b></size>","<size=13><b>Farbtonverschiebung</b></size>","<size=13><b>ぼかしシフト</b></size>","<size=13><b>색조 시프트</b></size>","<size=13><b>色相偏移</b></size>","<size=13><b>Сдвиг Тона</b></size>"
"_DecalHueShiftSpeed3","Shift Speed","Velocidad del cambio","Schaltgeschwindigkeit","シフトスピード","시프트 속도","偏移速度","Скорость Сдвига"
"_DecalHueShift3","Hue Shift","Cambio de tono","Farbtonverschiebung","ぼかしシフト","색조 시프트","色相偏移","Сдвиг Тона"
"_Decal3HueAngleStrength","Hue Angle Power","Intensidad de tono por ángulo","Farbwinkelleistung","角のぼかしの強さ","색조 각도 강도","角度色相强度","Сила Угла Оттенка"
"_Decal3ChannelSeparationEnable","Chromatic Aberration","<size=13><b>Separación de canales </b></size>","<size=13><b>Kanaltrennung</b></size>","<size=13><b>チャンネル分離</b></size>","<size=13><b>채널 분리</b></size>","<size=13><b>通道分离</b></size>","Хроматическая Аберрация"
"_Decal3ChannelSeparationMode","","Modo de dirección","Richtungsmodus","方向モード","방향 모드","方向模式",""
"_Decal3ChannelSeparation","Intensity","Intensidad","Intensität","強さ","강도","分离强度","Интенсивность"
"_Decal3ChannelSeparationAngleStrength","Surface Angle Intensity","Intensidad de la separación por ángulo","Intensität des Oberflächenwinkels","表面角度の強さ","표면 각도 강도","表面角度强度","Интенсивность по углу поверхности"
"_Decal3ChannelSeparationHue","Hue","Tono","Farbton","ぼかし","색조","色相","Тон"
"_Decal3ChannelSeparationVertical","Direction","Dirección","Richtung","方向","방향","方向","Направление"
"_Decal3ChannelSeparationPremultiply","Premultiply Alpha","Alfa premultiplicativo","Alpha vormultiplizieren","事前乗算アルファ","알파 미리 곱하기","预乘 Alpha","Альфа-премультипликация"
"m_start_Decal3AudioLink","Audio Link ♫","AudioLink ♫","Audiolink ♫","オーディオリンク♫","오디오링크 ♫","AudioLink ♫","AudioLink ♫"
"_AudioLinkDecal3ScaleBand","Scale Band","Banda de escala","Skalenband","スケールバンド","스케일 밴드","缩放频段","Частота Масштаба"
"_AudioLinkDecal3Scale","Scale Mod","Modificador de escala","Skalen-Mod","スケールモッド","스케일 모드","缩放调节","Мод Масштаба"
"_AudioLinkDecal3SideBand","Side Band","Banda lateral","Seitenband","サイドバンド","측면 밴드","侧边频段","Частота Смещения"
"_AudioLinkDecal3SideMin","Side Mod Min","Lateral mínimo","Seite zu min","横から最小","측면 최소","侧边最小","Мин. Смещение"
"_AudioLinkDecal3SideMax","Side Mod Max","Lateral máximo","Seitenmod max","サイド モッド 最大","측면 모드 최대","侧边调节最大","Макс. Смещение"
"_AudioLinkDecal3RotationBand","Rotation Band","Banda de rotación","Rotationsband","回転バンド","회전 밴드","旋转频段","Частота Ротации"
"_AudioLinkDecal3Rotation","Rotation Mod","Modificador de rotación","Rotationsmod","ローテーション・モッド","회전 모드","旋转调节","Мод Ротации"
"_AudioLinkDecal3AlphaBand","Alpha Band","Banda alfa","Alphaband","アルファバンド","알파 밴드","Alpha 频段","Частота Альфы"
"_AudioLinkDecal3Alpha","Alpha Mod","Modificador alfa","Alpha-Mod","アルファモッド","알파 모드","Alpha 调节","Альфа-мод"
"_AudioLinkDecal3EmissionBand","Emission Band","Banda de la emisión","Emissionsband","発光バンド","방출 밴드","发光频段","Частота Свечения"
"_AudioLinkDecal3Emission","Emission Mod","Modificador de la emisión","Emissionsmod","発光モッド","방출 모드","发光调节","Мод Свечения"
"_AudioLinkDecalCC3","CC Strip","Banda de acordes de color","CC-Streifen","CCストリップ","CC 스트립","颜色编码条",""
"_DecalRotationCTALBand3","Chrono Rotation Band","Banda de rotación de cronotensidad","Chronorotationsband","クロノローテーションバンド","크로노 회전 밴드","时间旋转频段",""
"_DecalRotationCTALType3","Chrono Motion Type","Tipo de movimiento de cronotensidad","Chrono-Bewegungstyp","クロノモーションタイプ","크로노 모션 타입","时间运动类型",""
"_DecalRotationCTALSpeed3","Chrono Rotation Speed","Velocidad de rotación de cronotensidad","Chrono Rotationsgeschwindigkeit","クロノ回転速度","크로노 회전 속도","时间旋转速度",""
"_AudioLinkDecal3ChannelSeparationBand","Chromatic Aberration Band","Banda de separación de canales","Kanaltrennungsband","チャンネル分離帯域","채널 분리 밴드","通道分离频段","Частота Хроматической Аберрации"
"_AudioLinkDecal3ChannelSeparation","Chromatic Aberration","Separación de canales","Kanaltrennung","チャンネル分離","채널 분리","通道分离","Хроматическая Аберрация"
"m_start_tps_penetrator","Penetrator","Penetrador (TPS)","Eindringling","ペネトレーター","페네트레이터","Penetrator (TPS 穿透体)","Пенетратор"
"m_start_pen_autoConfig","Configured By Tool","Configuración de la herramienta","Konfiguriert durch Werkzeug","ツールで構成","개구부 쪽으로 메쉬를 구부릴 수 있습니다. DPS와 완벽하게 호환됩니다. 이후 TPS 설정 마법사를 실행하셔야 합니다. 여기를 클릭하세요","工具配置","Настроено с помощью инструмента"
"_TPS_PenetratorLength","Length of Penetrator Model","Longitud del modelo","Länge des Penetrator-Modells","ペネトレーターモデルの長さ","페네트레이터 모델 길이","Penetrator 模型长度","Длина Модели Пенетратора"
"_TPS_PenetratorScale","Scale of Penetrator Model","Escala del modelo","Maßstab des Penetrator-Modells","ペネトレーターモデルのスケール","페네트레이터 모델 스케일","Penetrator 模型缩放","Масштаб Модели Пенетратора"
"_TPS_PenetratorRight","Right Vector","Vector derecho","Rechter Vektor","右ベクトル","오른쪽 벡터","右向量","Правый Вектор"
"_TPS_PenetratorUp","Up Vector","Vector arriba","Vektor nach oben","アップ ベクトル","위쪽 벡터","上向量","Верхний Вектор"
"_TPS_PenetratorForward","Forward Vector","Vector frontal","Vorwärts-Vektor","前方ベクトル","앞쪽 벡터","前向量","Передний Вектор"
"_TPS_IsSkinnedMeshRenderer","Baked Vertex Colors","Usar malla deformable (Skinned Mesh)","Gebackene Scheitelfarben","ベイクされた頂点カラー","베이크된 버텍스 색상","使用烘焙顶点颜色",""
"_TPS_BakedMesh","Baked Mesh / Mask","Malla pre-calculada (Baked)","Gebackenes Netz / Maske","ベイクド メッシュ / マスク","베이크된 메쉬 / 마스크","烘焙网格 / 遮罩","Запеченная Сетка / Маска"
"_TPSHelpbox","Penetrator allows your mesh to bend in the direction of an orifice. It is fully compatible with DPS. Requires the TPS Setup Wizard to be run afterwards. Click here to open the setup window.","El penetrador permite que tu malla se doble en la dirección de un orificio. Es completamente compatible con el DPS. Requiere el asistente de configuración del TPS para ser ejecutado posteriormente. Haz clic aquí para abrir la ventana de configuración. ","Penetrator ermöglicht es Ihrem Netz","sich in Richtung einer Öffnung zu biegen. Es ist voll kompatibel mit DPS. Erfordert die anschließende Ausführung des TPS-Setup-Wizards. Klicken Sie hier","Penetrator는 그물망이 개구부 쪽으로 구부러지도록 합니다. DPS와 완전히 호환됩니다. 이후 TPS 설정 마법사를 실행해야 합니다. 여기를 클릭하세요.","Penetrator 允许网格向开口弯曲。与 DPS 完全兼容。之后需要运行 TPS 设置向导。点击这里。","Пенетратор позволяет вашей сетке изгибаться в направлении орифиса. Он полностью совместим с DPS. После этого необходимо запустить мастер настройки TPS. Нажмите здесь чтобы открыть окно настройки."
"_TPSPenetratorEnabled","Enabled","Activar penetrador","Ermöglicht","有効","활성화됨","启用 Penetrator","Включено"
"_TPS_AnimatedToggle","Animatable Toggle","Parámetro animable","Animierbarer Schalter","アニメート可能なトグル","애니메이션 가능한 토글","可动画切换","Анимируемый Переключатель"
"_TPSBezierHeader","","Curva Bezier","Bezier","ベジエ (曲がり具合)","베지어","贝塞尔曲线 (Bezier)",""
"_TPS_BezierStart","Bezier Start","Inicio de la curva","Bezier-Start","ベジェ開始","베지어 시작","贝塞尔起始",""
"_TPS_BezierSmoothness","Bezier Smoothness","Suavidad de la curva","Bezier-Glätte","ベジエの滑らかさ","베지어 부드러움","贝塞尔平滑度",""
"_TPS_SmoothStart","Smooth Start","Inicio suave","Reibungsloser Start","スムーズスタート (認識距離)","부드러운 시작","平滑起始 (识别距离)",""
"_TPSSqueezeHeader","","Compresión","Quetschen","スクイーズ","스퀴즈","挤压 (Squeeze)",""
"_TPS_Squeeze","Squeeze Strength","Intensidad de la compresión","Squeeze-Stärke","絞りの強さ","스퀴즈 강도","挤压强度",""
"_TPS_SqueezeDistance","Squeeze Distance","Distancia de la compresión","Squeeze-Abstand","スクイーズ距離","스퀴즈 거리","挤压距离",""
"_TPSBuldgeHeader","","Abultamiento","Bauchung","バルジ","벌지","膨胀 (Bulge)",""
"_TPS_Buldge","Buldge","Intensidad del abultamiento","Bauchung","バルジ","벌지","膨胀强度",""
"_TPS_BuldgeDistance","Buldge Distance","Distancia del abultamiento","Wölbungsabstand","バルジ距離","벌지 거리","膨胀距离",""
"_TPS_BuldgeFalloffDistance","Buldge Falloff","Atenuación del abultamiento","Bulge-Abfall","バルジ剥離距離","벌지 감쇠 거리","膨胀衰减距离",""
"_TPSPulsingHeader","","Pulsación","Pulsierend","プルシング","펄싱","脉动 (Pulsing)",""
"_TPS_PumpingStrength","Pumping Strength","Intensidad de la pulsación","Pumpkraft","ポンプ機能の強さ","펌핑 강도","泵动强度",""
"_TPS_PumpingSpeed","Pumping Speed","Velocidad de la pulsación","Pumpgeschwindigkeit","ポンプ機能の速度","펌핑 속도","泵动速度",""
"_TPS_PumpingWidth","Pumping Width","Ancho de la pulsación","Pumpbreite","ポンプ機能の幅","펌핑 너비","泵动宽度",""
"_TPSIdleHeader","","Reposo (Idle)","Leerlauf","アイドル","아이들","闲置 (Idle)",""
"_TPS_IdleGravity","Tip: For idle gravity & movement use physbones gravity & other functions","Consejo: para la gravedad y el movimiento en reposo: use las funciones de PhysBones.","Tipp: Verwenden Sie für Schwerkraft und Bewegung im Leerlauf Physbones Schwerkraft und andere Funktionen","ヒント: アイドル状態の重力と移動には、PhysBones の重力とその他の関数を使用します","팁: 아이들 상태의 중력과 움직임에는 Physbones 중력 및 기타 기능을 사용하십시오","提示：对于闲置重力和移动，请使用 PhysBones 重力和其他功能","Совет: для гравитации и движения в idle режиме используйте Гравитацию & иные функции PhysBones"
"_TPS_IdleSkrinkWidth","Idle Shrink Width","Ancho en reposo","Schrumpfbreite im Leerlauf","アイドルシュリンク幅","아이들 수축 너비","闲置收缩宽度",""
"_TPS_IdleSkrinkLength","Idle Shrink Length","Longitud en reposo","Schrumpflänge im Leerlauf","アイドルシュリンク長","아이들 수축 길이","闲置收缩长度",""
"_TPS_BufferedDepthGlobalMaskIndex","","Índice de profundidad TPS en la máscara global","TPS-Tiefe zur globalen Maske","グローバル マスクへの TPS 深度","글로벌 마스크에 TPS 깊이","全局遮罩 TPS 深度",""
"_TPS_BufferedDepthGlobalMaskBlendType","","Tipo de mezcla","Mischen","ブレンディング","블렌딩","混合类型",""
"_TPS_BufferedDepth","_TPS2_BufferedDepth NL","Búfer de profundidad TPS","_TPS2_BufferedDepth NL","TPS2 深度バッファ","TPS2 깊이 버퍼","TPS2 深度缓冲",""
"_TPS_BufferedStrength","_TPS2_BufferedStrength NL","Búfer de intensidad TPS","_TPS2_BufferedStrength NL","TPS2 強さバッファ","TPS2 완충 강도","TPS2 强度缓冲",""
"m_start_GlobalThemes","Global Themes","Temas globales","Globale Themen","グローバルテーマ","글로벌 테마","全局主题","Глобальные Темы"
"m_start_GlobalThemeColor0","Theme Color 0","Color del tema 0","Themenfarbe 0","テーマカラー 0","테마 색상 0","主题颜色 0","Цвет Темы 0"
"_GlobalThemeColor0","Theme Color 0","Color","Themenfarbe 0","テーマカラー 0","테마 색상 0","主题颜色 0","Цвет Темы 0"
"_GlobalThemeHueShiftColorSpace0","Color Space","Espacio de color","Farbraum","カラースペース","색조 이동 오디오 링크","颜色模式","Цветовое Пространство"
"_GlobalThemeHue0","Hue Adjust","Ajuste de tono","Farbton anpassen","ぼかし調整","색조 조정","色相调整","Регулировка Тона"
"_GlobalThemeHueSpeed0","Hue Adjust Speed","Velocidad de ajuste de tono","Geschwindigkeit der Farbtonanpassung","ぼかし調整速度","색조 조정 속도","色相调整速度","Скорость Регулировки Тона"
"_GlobalThemeSaturation0","Saturation","Saturación","Sättigung","彩度","채도 ","饱和度","Насыщенность"
"_GlobalThemeValue0","Value Adjust","Ajuste de brillo","Wert anpassen","数値調整","값 조정","数值调整","Регулировка Значения"
"_GlobalThemeBrightness0","Brightness","Brillo","Helligkeit","明るさ","밝기","亮度","Яркость"
"m_start_GlobalThemeColor1","Theme Color 1","Color del tema 1","Themenfarbe 1","テーマカラー 1","테마 색상 1","主题颜色 1","Цвет Темы 1"
"_GlobalThemeColor1","Theme Color 1","Color","Themenfarbe 1","テーマカラー 1","테마 색상 1","主题颜色 1","Цвет Темы 1"
"_GlobalThemeHueShiftColorSpace1","Color Space","Espacio de color","Farbraum","カラースペース","색조 이동 오디오 링크","颜色模式","Цветовое Пространство"
"_GlobalThemeHue1","Hue Adjust","Ajuste de tono","Farbton anpassen","ぼかし調整","색조 조정","色相调整","Регулировка Тона"
"_GlobalThemeHueSpeed1","Hue Adjust Speed","Velocidad de ajuste de tono","Geschwindigkeit der Farbtonanpassung","ぼかし調整速度","색조 조정 속도","色相调整速度","Скорость Регулировки Тона"
"_GlobalThemeSaturation1","Saturation","Saturación","Sättigung","彩度","채도 ","饱和度","Насыщенность"
"_GlobalThemeValue1","Value Adjust","Ajuste de brillo","Wert anpassen","数値調整","값 조정","数值调整","Регулировка Значения"
"_GlobalThemeBrightness1","Brightness","Brillo","Helligkeit","明るさ","밝기","亮度","Яркость"
"m_start_GlobalThemeColor2","Theme Color 2","Color del tema 2","Themenfarbe 2","テーマカラー 2","테마 색상 2","主题颜色 2","Цвет Темы 2"
"_GlobalThemeColor2","Theme Color 2","Color","Themenfarbe 2","テーマカラー 2","테마 색상 2","主题颜色 2","Цвет Темы 2"
"_GlobalThemeHueShiftColorSpace2","Color Space","Espacio de color","Farbraum","カラースペース","색조 이동 오디오 링크","颜色模式","Цветовое Пространство"
"_GlobalThemeHue2","Hue Adjust","Ajuste de tono","Farbton anpassen","ぼかし調整","색조 조정","色相调整","Регулировка Тона"
"_GlobalThemeHueSpeed2","Hue Adjust Speed","Velocidad de ajuste de tono","Geschwindigkeit der Farbtonanpassung","ぼかし調整速度","색조 조정 속도","色相调整速度","Скорость Регулировки Тона"
"_GlobalThemeSaturation2","Saturation","Saturación","Sättigung","彩度","채도 ","饱和度","Насыщенность"
"_GlobalThemeValue2","Value Adjust","Ajuste de brillo","Wert anpassen","数値調整","값 조정","数值调整","Регулировка Значения"
"_GlobalThemeBrightness2","Brightness","Brillo","Helligkeit","明るさ","밝기","亮度","Яркость"
"m_start_GlobalThemeColor3","Theme Color 3","Color del tema 3","Themenfarbe 3","テーマカラー 3","테마 색상 3","主题颜色 3","Цвет Темы 3"
"_GlobalThemeColor3","Theme Color 3","Color","Themenfarbe 3","テーマカラー 3","테마 색상 3","主题颜色 3","Цвет Темы 3"
"_GlobalThemeHueShiftColorSpace3","Color Space","Espacio de color","Farbraum","カラースペース","색조 이동 오디오 링크","颜色模式","Цветовое Пространство"
"_GlobalThemeHue3","Hue Adjust","Ajuste de tono","Farbton anpassen","ぼかし調整","색조 조정","色相调整","Регулировка Тона"
"_GlobalThemeHueSpeed3","Hue Adjust Speed","Velocidad de ajuste de tono","Geschwindigkeit der Farbtonanpassung","ぼかし調整速度","색조 조정 속도","色相调整速度","Скорость Регулировки Тона"
"_GlobalThemeSaturation3","Saturation","Saturación","Sättigung","彩度","채도 ","饱和度","Насыщенность"
"_GlobalThemeValue3","Value Adjust","Ajuste de brillo","Wert anpassen","数値調整","값 조정","数值调整","Регулировка Значения"
"_GlobalThemeBrightness3","Brightness","Brillo","Helligkeit","明るさ","밝기","亮度","Яркость"
"m_start_GlobalMask","Global Mask","Máscara global","Globale Maske","グローバル マスク","글로벌 마스크","全局遮罩","Глобальная Маска"
"m_start_GlobalMaskTextures","Textures","Texturas de máscara global","Texturen","テクスチャ","텍스처","全局遮罩纹理","Текстуры"
"_GlobalMaskTexturesEnable","Global Mask Textures Enable","Activar texturas de máscara global","Globale Maskentexturen aktivieren","グローバル マスク テクスチャの有効化","글로벌 마스크 텍스처 활성화","启用全局遮罩纹理","Включить Текстуру Глобальной Маски"
"_GlobalMaskTexture0","Global Mask Texture 1","Textura de máscara global 1","Globale Maskentextur 1","グローバル マスク テクスチャ 1","글로벌 마스크 텍스처 1","全局遮罩纹理 1","Текстура Глобальной Маски 1"
"_GlobalMaskTexture0Pan","Panning","Barrido","Bewegung","パンニング","패닝","平移","Прокрутка"
"_GlobalMaskTexture0SplitTilingOffset_G","Tiling/Offset","Mosaico/Desplazamiento (Canal G)","Kacheln/Offset","Tiling/Offset","타일링/오프셋","平铺/偏移 (G通道)","Мозаика/Смещение"
"_GlobalMaskTexture0SplitPan_G","Panning","Barrido (Canal G)","Bewegung","パンニング","패닝","平移 (G通道)","Прокрутка"
"_GlobalMaskTexture0SplitTilingOffset_B","Tiling/Offset","Mosaico/Desplazamiento (Canal B)","Kacheln/Offset","Tiling/Offset","타일링/오프셋","平铺/偏移 (B通道)","Мозаика/Смещение"
"_GlobalMaskTexture0SplitPan_B","Panning","Barrido (Canal B)","Bewegung","パンニング","패닝","平移 (B通道)","Прокрутка"
"_GlobalMaskTexture0SplitTilingOffset_A","Tiling/Offset","Mosaico/Desplazamiento (Canal A)","Kacheln/Offset","Tiling/Offset","타일링/오프셋","平铺/偏移 (A通道)","Мозаика/Смещение"
"_GlobalMaskTexture0SplitPan_A","Panning","Barrido (Canal A)","Bewegung","パンニング","패닝","平移 (A通道)","Прокрутка"
"_GlobalMaskTexture0Split","Split Sampling","Muestreo dividido por canal","Split-Sampling","分割サンプリング","분할 샘플링","通道分割采样","Раздельная Выборка"
"_GlobalMaskTexture0UV","UV","UV","UV","UV","UV","UV","UV"
"_GlobalMaskTexture1","Global Mask Texture 2","Textura de máscara global 2","Globale Maskentextur 2","グローバル マスク テクスチャ 2","글로벌 마스크 텍스처 2","全局遮罩纹理 2","Текстура Глобальной Маски 2"
"_GlobalMaskTexture1Pan","Panning","Barrido","Bewegung","パンニング","패닝","平移","Прокрутка"
"_GlobalMaskTexture1SplitTilingOffset_G","Tiling/Offset","Mosaico/Desplazamiento (Canal G)","Kacheln/Offset","Tiling/Offset","타일링/오프셋","平铺/偏移 (G通道)","Мозаика/Смещение"
"_GlobalMaskTexture1SplitPan_G","Panning","Barrido (Canal G)","Bewegung","パンニング","패닝","平移 (G通道)","Прокрутка"
"_GlobalMaskTexture1SplitTilingOffset_B","Tiling/Offset","Mosaico/Desplazamiento (Canal B)","Kacheln/Offset","Tiling/Offset","타일링/오프셋","平铺/偏移 (B通道)","Мозаика/Смещение"
"_GlobalMaskTexture1SplitPan_B","Panning","Barrido (Canal B)","Bewegung","パンニング","패닝","平移 (B通道)","Прокрутка"
"_GlobalMaskTexture1SplitTilingOffset_A","Tiling/Offset","Mosaico/Desplazamiento (Canal A)","Kacheln/Offset","Tiling/Offset","타일링/오프셋","平铺/偏移 (A通道)","Мозаика/Смещение"
"_GlobalMaskTexture1SplitPan_A","Panning","Barrido (Canal A)","Bewegung","パンニング","패닝","平移 (A通道)","Прокрутка"
"_GlobalMaskTexture1Split","Split Sampling","Muestreo dividido por canal","Split-Sampling","分割サンプリング","분할 샘플링","通道分割采样","Раздельная Выборка"
"_GlobalMaskTexture1UV","UV","UV","UV","UV","UV","UV","UV"
"_GlobalMaskTexture2","Global Mask Texture 3","Textura de máscara global 3","Globale Maskentextur 3","グローバル マスク テクスチャ 3","글로벌 마스크 텍스처 3","全局遮罩纹理 3","Текстура Глобальной Маски 3"
"_GlobalMaskTexture2Pan","Panning","Barrido","Bewegung","パンニング","패닝","平移","Прокрутка"
"_GlobalMaskTexture2SplitTilingOffset_G","Tiling/Offset","Mosaico/Desplazamiento (Canal G)","Kacheln/Offset","Tiling/Offset","타일링/오프셋","平铺/偏移 (G通道)","Мозаика/Смещение"
"_GlobalMaskTexture2SplitPan_G","Panning","Barrido (Canal G)","Bewegung","パンニング","패닝","平移 (G通道)","Прокрутка"
"_GlobalMaskTexture2SplitTilingOffset_B","Tiling/Offset","Mosaico/Desplazamiento (Canal B)","Kacheln/Offset","Tiling/Offset","타일링/오프셋","平铺/偏移 (B通道)","Мозаика/Смещение"
"_GlobalMaskTexture2SplitPan_B","Panning","Barrido (Canal B)","Bewegung","パンニング","패닝","平移 (B通道)","Прокрутка"
"_GlobalMaskTexture2SplitTilingOffset_A","Tiling/Offset","Mosaico/Desplazamiento (Canal A)","Kacheln/Offset","Tiling/Offset","타일링/오프셋","平铺/偏移 (A通道)","Мозаика/Смещение"
"_GlobalMaskTexture2SplitPan_A","Panning","Barrido (Canal A)","Bewegung","パンニング","패닝","平移 (A通道)","Прокрутка"
"_GlobalMaskTexture2Split","Split Sampling","Muestreo dividido por canal","Split-Sampling","分割サンプリング","분할 샘플링","通道分割采样","Раздельная Выборка"
"_GlobalMaskTexture2UV","UV","UV","UV","UV","UV","UV","UV"
"_GlobalMaskTexture3","Global Mask Texture 4","Textura de máscara global 4","Globale Maskentextur 4","グローバル マスク テクスチャ 4","글로벌 마스크 텍스처 4","全局遮罩纹理 4","Текстура Глобальной Маски 4"
"_GlobalMaskTexture3Pan","Panning","Barrido","Bewegung","パンニング","패닝","平移","Прокрутка"
"_GlobalMaskTexture3SplitTilingOffset_G","Tiling/Offset","Mosaico/Desplazamiento (Canal G)","Kacheln/Offset","Tiling/Offset","타일링/오프셋","平铺/偏移 (G通道)","Мозаика/Смещение"
"_GlobalMaskTexture3SplitPan_G","Panning","Barrido (Canal G)","Bewegung","パンニング","패닝","平移 (G通道)","Прокрутка"
"_GlobalMaskTexture3SplitTilingOffset_B","Tiling/Offset","Mosaico/Desplazamiento (Canal B)","Kacheln/Offset","Tiling/Offset","타일링/오프셋","平铺/偏移 (B通道)","Мозаика/Смещение"
"_GlobalMaskTexture3SplitPan_B","Panning","Barrido (Canal B)","Bewegung","パンニング","패닝","平移 (B通道)","Прокрутка"
"_GlobalMaskTexture3SplitTilingOffset_A","Tiling/Offset","Mosaico/Desplazamiento (Canal A)","Kacheln/Offset","Tiling/Offset","타일링/오프셋","平铺/偏移 (A通道)","Мозаика/Смещение"
"_GlobalMaskTexture3SplitPan_A","Panning","Barrido (Canal A)","Bewegung","パンニング","패닝","平移 (A通道)","Прокрутка"
"_GlobalMaskTexture3Split","Split Sampling","Muestreo dividido por canal","Split-Sampling","分割サンプリング","분할 샘플링","通道分割采样","Раздельная Выборка"
"_GlobalMaskTexture3UV","UV","UV","UV","UV","UV","UV","UV"
"m_start_GlobalMaskModifiers","Modifiers","Modificadores de máscara global","Modifikatoren","モーディファイアー","수정자","全局遮罩修改器","Модификаторы"
"m_start_GlobalMaskModifiersBackface","Backface Masking","Modificadores de máscara global por cara trasera","Rückseitenmaskierung","裏面マスキング","뒷면 마스킹","背面遮罩","Маскирование Обратной Стороны"
"_GlobalMaskModifiersBackfaceEnable","Global Mask Backface Enable","Activar máscara por cara trasera","Globale Maskenrückseite aktivieren","グローバル マスク バックフェイスの有効化","글로벌 마스크 뒷면 활성화","启用全局遮罩背面","Включить Глобальную Маску Обратной Стороны"
"_GlobalMaskBackface_0","1R","1R","1R","1R","1R","1R","1R"
"_GlobalMaskBackface_1","1G","1G","1G","1G","1G","1G","1G"
"_GlobalMaskBackface_2","1B","1B","1B","1B","1B","1B","1B"
"_GlobalMaskBackface_3","1A","1A","1A","1A","1A","1A","1A"
"_GlobalMaskBackface_4","2R","2R","2R","2R","2R","2R","2R"
"_GlobalMaskBackface_5","2G","2G","2G","2G","2G","2G","2G"
"_GlobalMaskBackface_6","2B","2B","2B","2B","2B","2B","2B"
"_GlobalMaskBackface_7","2A","2A","2a","2a","2A","2A","2A"
"_GlobalMaskBackface_8","3R","3R","3R","3R","3R","3R","3R"
"_GlobalMaskBackface_9","3G","3G","3G","3G","3G","3G","3G"
"_GlobalMaskBackface_10","3B","3B","3B","3B","3B","3B","3B"
"_GlobalMaskBackface_11","3A","3A","3A","3A","3A","3A","3A"
"_GlobalMaskBackface_12","4R","4R","4R","4R","4R","4R","4R"
"_GlobalMaskBackface_13","4G","4G","4G","4G","4G","4G","4G"
"_GlobalMaskBackface_14","4B","4B","4B","4B","4B","4B","4B"
"_GlobalMaskBackface_15","4A","4A","4A","4A","4A","4A","4A"
"m_start_GlobalMaskModifiersMirror","Mirror Masking","Máscara global en espejo","Spiegelmaskierung","ミラーマスキング","거울 마스킹","镜像遮罩","Маскирование Зеркала"
"_GlobalMaskModifiersMirrorEnable","Global Mask Mirror Enable","Activar máscara en espejo","Globale Maskenspiegelung aktivieren","グローバル マスク ミラーの有効化","글로벌 마스크 거울 활성화","启用全局遮罩镜像","Включить Глобальную Маску Зеркала"
"_GlobalMaskMirrorVisibilityMode","Mirror Detection Mode","Modo de detección del espejo","Spiegelerkennungsmodus","ミラー検出モード","거울 감지 모드","镜像检测模式","Режим Обнаружения Зеркал"
"_GlobalMaskMirror_0","1R","1R","1R","1R","1R","1R","1R"
"_GlobalMaskMirror_1","1G","1G","1G","1G","1G","1G","1G"
"_GlobalMaskMirror_2","1B","1B","1B","1B","1B","1B","1B"
"_GlobalMaskMirror_3","1A","1A","1A","1A","1A","1A","1A"
"_GlobalMaskMirror_4","2R","2R","2R","2R","2R","2R","2R"
"_GlobalMaskMirror_5","2G","2G","2G","2G","2G","2G","2G"
"_GlobalMaskMirror_6","2B","2B","2B","2B","2B","2B","2B"
"_GlobalMaskMirror_7","2A","2A","2a","2a","2A","2A","2A"
"_GlobalMaskMirror_8","3R","3R","3R","3R","3R","3R","3R"
"_GlobalMaskMirror_9","3G","3G","3G","3G","3G","3G","3G"
"_GlobalMaskMirror_10","3B","3B","3B","3B","3B","3B","3B"
"_GlobalMaskMirror_11","3A","3A","3A","3A","3A","3A","3A"
"_GlobalMaskMirror_12","4R","4R","4R","4R","4R","4R","4R"
"_GlobalMaskMirror_13","4G","4G","4G","4G","4G","4G","4G"
"_GlobalMaskMirror_14","4B","4B","4B","4B","4B","4B","4B"
"_GlobalMaskMirror_15","4A","4A","4A","4A","4A","4A","4A"
"m_start_GlobalMaskModifiersCamera","Camera Masking","Máscara en la cámara","Kameramaskierung","カメラマスキング","카메라 마스킹","摄像机遮罩","Маскирование Камеры"
"_GlobalMaskModifiersCameraEnable","Global Mask Camera Enable","Activar máscara en la cámara","Globale Maskenkamera aktivieren","グローバル マスク カメラの有効化","글로벌 마스크 카메라 활성화","启用全局遮罩摄像机","Включить Глобальную Маску Камеры"
"_GlobalMaskModifiersCameraInfo","Camera Masking only works in VRChat.","La máscara en la cámara solo funciona en VRChat.","Die Kameramaskierung funktioniert nur in VRChat.","カメラ マスキングは VRChat でのみ機能します。","카메라 마스킹은 VRChat에서만 작동합니다.","摄像机遮罩仅在 VRChat 中有效。","Маскирование Камеры работает только в VRChat."
"_GlobalMaskCamera_0","1R","1R","1R","1R","1R","1R","1R"
"_GlobalMaskCamera_1","1G","1G","1G","1G","1G","1G","1G"
"_GlobalMaskCamera_2","1B","1B","1B","1B","1B","1B","1B"
"_GlobalMaskCamera_3","1A","1A","1A","1A","1A","1A","1A"
"_GlobalMaskCamera_4","2R","2R","2R","2R","2R","2R","2R"
"_GlobalMaskCamera_5","2G","2G","2G","2G","2G","2G","2G"
"_GlobalMaskCamera_6","2B","2B","2B","2B","2B","2B","2B"
"_GlobalMaskCamera_7","2A","2A","2a","2a","2A","2A","2A"
"_GlobalMaskCamera_8","3R","3R","3R","3R","3R","3R","3R"
"_GlobalMaskCamera_9","3G","3G","3G","3G","3G","3G","3G"
"_GlobalMaskCamera_10","3B","3B","3B","3B","3B","3B","3B"
"_GlobalMaskCamera_11","3A","3A","3A","3A","3A","3A","3A"
"_GlobalMaskCamera_12","4R","4R","4R","4R","4R","4R","4R"
"_GlobalMaskCamera_13","4G","4G","4G","4G","4G","4G","4G"
"_GlobalMaskCamera_14","4B","4B","4B","4B","4B","4B","4B"
"_GlobalMaskCamera_15","4A","4A","4A","4A","4A","4A","4A"
"m_start_GlobalMaskOptions","Options","Opciones de la máscara global","Optionen","オプション","옵션","全局遮罩选项","Параметры"
"_GlobalMaskOptionsEnable","Global Mask Options Enable","Activar opciones de máscara global","Globale Maskenoptionen aktivieren","グローバル マスク オプションを有効にする","글로벌 마스크 옵션 활성화","启用全局遮罩选项","Включить Параметры Глобальной Маски"
"_GlobalMaskOptionsType","Type","Tipo de opción","Typ","タイプ","유형","类型","Тип"
"_GlobalMaskSlider_0","1R","1R","1R","1R","1R","1R","1R"
"_GlobalMaskSlider_1","1G","1G","1G","1G","1G","1G","1G"
"_GlobalMaskSlider_2","1B","1B","1B","1B","1B","1B","1B"
"_GlobalMaskSlider_3","1A","1A","1A","1A","1A","1A","1A"
"_GlobalMaskSlider_4","2R","2R","2R","2R","2R","2R","2R"
"_GlobalMaskSlider_5","2G","2G","2G","2G","2G","2G","2G"
"_GlobalMaskSlider_6","2B","2B","2B","2B","2B","2B","2B"
"_GlobalMaskSlider_7","2A","2A","2a","2a","2A","2A","2A"
"_GlobalMaskSlider_8","3R","3R","3R","3R","3R","3R","3R"
"_GlobalMaskSlider_9","3G","3G","3G","3G","3G","3G","3G"
"_GlobalMaskSlider_10","3B","3B","3B","3B","3B","3B","3B"
"_GlobalMaskSlider_11","3A","3A","3A","3A","3A","3A","3A"
"_GlobalMaskSlider_12","4R","4R","4R","4R","4R","4R","4R"
"_GlobalMaskSlider_13","4G","4G","4G","4G","4G","4G","4G"
"_GlobalMaskSlider_14","4B","4B","4B","4B","4B","4B","4B"
"_GlobalMaskSlider_15","4A","4A","4A","4A","4A","4A","4A"
"_GlobalMaskMinMaxSlider_0","1R","1R","1R","1R","1R","1R","1R"
"_GlobalMaskMinMaxSlider_1","1G","1G","1G","1G","1G","1G","1G"
"_GlobalMaskMinMaxSlider_2","1B","1B","1B","1B","1B","1B","1B"
"_GlobalMaskMinMaxSlider_3","1A","1A","1A","1A","1A","1A","1A"
"_GlobalMaskMinMaxSlider_4","2R","2R","2R","2R","2R","2R","2R"
"_GlobalMaskMinMaxSlider_5","2G","2G","2G","2G","2G","2G","2G"
"_GlobalMaskMinMaxSlider_6","2B","2B","2B","2B","2B","2B","2B"
"_GlobalMaskMinMaxSlider_7","2A","2A","2a","2a","2A","2A","2A"
"_GlobalMaskMinMaxSlider_8","3R","3R","3R","3R","3R","3R","3R"
"_GlobalMaskMinMaxSlider_9","3G","3G","3G","3G","3G","3G","3G"
"_GlobalMaskMinMaxSlider_10","3B","3B","3B","3B","3B","3B","3B"
"_GlobalMaskMinMaxSlider_11","3A","3A","3A","3A","3A","3A","3A"
"_GlobalMaskMinMaxSlider_12","4R","4R","4R","4R","4R","4R","4R"
"_GlobalMaskMinMaxSlider_13","4G","4G","4G","4G","4G","4G","4G"
"_GlobalMaskMinMaxSlider_14","4B","4B","4B","4B","4B","4B","4B"
"_GlobalMaskMinMaxSlider_15","4A","4A","4A","4A","4A","4A","4A"
"_GlobalMaskToggleOn_0","1R","1R","1R","1R","1R","1R","1R"
"_GlobalMaskToggleOn_1","1G","1G","1G","1G","1G","1G","1G"
"_GlobalMaskToggleOn_2","1B","1B","1B","1B","1B","1B","1B"
"_GlobalMaskToggleOn_3","1A","1A","1A","1A","1A","1A","1A"
"_GlobalMaskToggleOn_4","2R","2R","2R","2R","2R","2R","2R"
"_GlobalMaskToggleOn_5","2G","2G","2G","2G","2G","2G","2G"
"_GlobalMaskToggleOn_6","2B","2B","2B","2B","2B","2B","2B"
"_GlobalMaskToggleOn_7","2A","2A","2a","2a","2A","2A","2A"
"_GlobalMaskToggleOn_8","3R","3R","3R","3R","3R","3R","3R"
"_GlobalMaskToggleOn_9","3G","3G","3G","3G","3G","3G","3G"
"_GlobalMaskToggleOn_10","3B","3B","3B","3B","3B","3B","3B"
"_GlobalMaskToggleOn_11","3A","3A","3A","3A","3A","3A","3A"
"_GlobalMaskToggleOn_12","4R","4R","4R","4R","4R","4R","4R"
"_GlobalMaskToggleOn_13","4G","4G","4G","4G","4G","4G","4G"
"_GlobalMaskToggleOn_14","4B","4B","4B","4B","4B","4B","4B"
"_GlobalMaskToggleOn_15","4A","4A","4A","4A","4A","4A","4A"
"_GlobalMaskToggleOff_0","1R","1R","1R","1R","1R","1R","1R"
"_GlobalMaskToggleOff_1","1G","1G","1G","1G","1G","1G","1G"
"_GlobalMaskToggleOff_2","1B","1B","1B","1B","1B","1B","1B"
"_GlobalMaskToggleOff_3","1A","1A","1A","1A","1A","1A","1A"
"_GlobalMaskToggleOff_4","2R","2R","2R","2R","2R","2R","2R"
"_GlobalMaskToggleOff_5","2G","2G","2G","2G","2G","2G","2G"
"_GlobalMaskToggleOff_6","2B","2B","2B","2B","2B","2B","2B"
"_GlobalMaskToggleOff_7","2A","2A","2a","2a","2A","2A","2A"
"_GlobalMaskToggleOff_8","3R","3R","3R","3R","3R","3R","3R"
"_GlobalMaskToggleOff_9","3G","3G","3G","3G","3G","3G","3G"
"_GlobalMaskToggleOff_10","3B","3B","3B","3B","3B","3B","3B"
"_GlobalMaskToggleOff_11","3A","3A","3A","3A","3A","3A","3A"
"_GlobalMaskToggleOff_12","4R","4R","4R","4R","4R","4R","4R"
"_GlobalMaskToggleOff_13","4G","4G","4G","4G","4G","4G","4G"
"_GlobalMaskToggleOff_14","4B","4B","4B","4B","4B","4B","4B"
"_GlobalMaskToggleOff_15","4A","4A","4A","4A","4A","4A","4A"
"m_lightingCategory","Shading","Iluminación","Schattierungen","ライティング・影設定","라이팅 & 그림자 설정","光照 & 阴影设置","Шейдинг"
"m_start_PoiLightData","Light Data","Datos de iluminación","PP-Animationen","ライティング設定","라이팅 설정","光照数据","Данные Освещения"
"_LightingAOMaps","AO Maps (expand)","Mapas de oclusión ambiental (Expandir)","AO-Texturen (erweitern)","AO マップ (展開)","AO 맵 (확장)","AO 贴图 (展开)","Карты AO (развернуть) "
"_LightingAOMapsPan","Panning","Barrido","Bewegung","パンニング","패닝","平移","Прокрутка"
"_LightingAOMapsUV","UV","UV","UV","UV","UV","UV","UV"
"_LightDataAOStrengthR","R Strength","Intensidad (Canal R)","R-Stärke","R 強さ","R 강도","R 强度","Сила R"
"_LightDataAOStrengthG","G Strength","Intensidad (Canal G)","G-Stärke","G 強さ","G 강도","G 强度","Сила G"
"_LightDataAOStrengthB","B Strength","Intensidad (Canal B)","B-Stärke","B 強さ","B 강도","B 强度","Сила B"
"_LightDataAOStrengthA","A Strength","Intensidad (Canal A)","Eine Stärke","A 強さ","A 강도","A 强度","Сила A"
"_LightingDetailShadowMaps","Shadow Map (expand)","Mapa de sombras del detalle (Expandir)","Detailschatten (erweitern)","ディテール影マップ (展開)","디테일 그림자 맵 (확장)","细节阴影贴图 (展开)","Карта Теней (развернуть)"
"_LightingDetailShadowMapsPan","Panning","Barrido","Bewegung","パンニング","패닝","平移","Прокрутка"
"_LightingDetailShadowMapsUV","UV","UV","UV","UV","UV","UV","UV"
"_LightingDetailShadowStrengthR","R Strength","Intensidad (Canal R)","R-Stärke","R 強さ","R 강도","R 强度","Сила R"
"_LightingDetailShadowStrengthG","G Strength","Intensidad (Canal G)","G-Stärke","G 強さ","G 강도","G 强度","Сила G"
"_LightingDetailShadowStrengthB","B Strength","Intensidad (Canal B)","B-Stärke","B 強さ","B 강도","B 强度","Сила B"
"_LightingDetailShadowStrengthA","A Strength","Intensidad (Canal A)","Eine Stärke","A 強さ","A 강도","A 强度","Сила A"
"_LightingAddDetailShadowStrengthR","Additive R Strength","Intensidad aditiva (Canal R)","Additiv R-Stärke","付加的R 強さ","추가 R 강도","R 附加强度","Дополнительная Сила R"
"_LightingAddDetailShadowStrengthG","Additive G Strength","Intensidad aditiva (Canal G)","Zusätzliche G-Stärke","付加的G 強さ","추가 G 강도","G 附加强度","Дополнительная Сила G"
"_LightingAddDetailShadowStrengthB","Additive B Strength","Intensidad aditiva (Canal B)","Additiv B Stärke","付加的B 強さ","추가 B 강도","B 附加强度","Дополнительная Сила B"
"_LightingAddDetailShadowStrengthA","Additive A Strength","Intensidad aditiva (Canal A)","Additiv A Stärke","付加的A 強さ","추가 A 강도","A 附加强度","Дополнительная Сила A"
"_LightingShadowMasks","Shadow Masks (expand)","Máscaras de sombra (Expandir)","Schattenmasken (erweitern)","影 マスク (展開)","그림자 마스크 (확장)","阴影遮罩 (展开)","Маски Тени (развернуть)"
"_LightingShadowMasksPan","Panning","Barrido","Bewegung","パンニング","패닝","平移","Прокрутка"
"_LightingShadowMasksUV","UV","UV","UV","UV","UV","UV","UV"
"_LightingShadowMaskStrengthR","R Strength","Intensidad (Canal R)","R-Stärke","R 強さ","R 강도","R 强度","Сила R"
"_LightingShadowMaskStrengthG","G Strength","Intensidad (Canal G)","G-Stärke","G 強さ","G 강도","G 强度","Сила G"
"_LightingShadowMaskStrengthB","B Strength","Intensidad (Canal B)","B-Stärke","B 強さ","B 강도","B 强度","Сила B"
"_LightingShadowMaskStrengthA","A Strength","Intensidad (Canal A)","Eine Stärke","A 強さ","A 강도","A 强度","Сила A"
"_LightingColorMode","Light Color Mode","Modo del color de la luz","Heller Farbmodus","ライトカラーモード","라이트 색상 모드","光照颜色模式","Режим Цвета Освещения"
"_LightingMapMode","Light Map Mode","Modo del mapa de la luz","Light-Map-Modus","ライト マップ モード","라이트 맵 모드","光照贴图模式","Режим Карты Освещения"
"_LightingDirectionMode","Light Direction Mode","Modo de dirección de la luz","Lichtrichtungsmodus","光方向モード","빛 방향 모드","光照方向模式","Режим Направления Освещения"
"_LightngForcedDirection","Forced Direction","Dirección forzada","Erzwungene Richtung","強制方向","강제 방향","强制方向","Принудительное Направление"
"_LightingForceColorEnabled","Force Light Color","Forzar color de la luz","Lichtfarbe erzwingen","ライトの色を強制する","라이트 색상 강제","强制光照颜色","Принудительный Цвет Освещения"
"_LightingForcedColor","Forced Color","Color forzado","Erzwungene Farbe","強制色","강제 색상","强制颜色","Принудительный Цвет"
"_Unlit_Intensity","Unlit_Intensity","Intensidad sin iluminación (Unlit)","Unlit_Intensity","Unlit 明るさ","Unlit 강도","无光照强度 (Unlit)","Интенсивность без освещения (Unlit_Intensity)"
"_LightingCapEnabled","Limit Brightness","Limitar brillo","Helligkeit begrenzen","明るさを制限する","밝기 제한","限制亮度","Ограничить Яркость"
"_LightingCap","Max Brightness","Brillo máximo","Maximale Helligkeit","明るさの上限","최대 밝기","最大亮度","Макс. Яркость"
"_LightingMinLightBrightness","Min Brightness","Brillo mínimo","Minimale Helligkeit","明るさの下限","최소 밝기","最小亮度","Мин. Яркость"
"_LightingIndirectUsesNormals","Indirect Uses Normals","La iluminación indirecta usa normales","Indirekt verwendet Normalen","ノーマル(法線)を間接的に使用","간접 노멀 사용","间接光使用法线","Использовать Нормали Для Непрямого Освещения"
"_LightingCastedShadows","Receive Casted Shadows","Recibir sombras proyectadas","Erhalten Sie Casted Shadows","投影された影を受け取る","투사된 그림자 받기","接收投影阴影","Получать Отбрасываемые Тени"
"_LightingShadowSoftness","Casted Shadow Softness","Suavidad de sombra proyectada","Casted Shadow Weichheit","投影された影のソフトネス","투사된 그림자 부드러움","投影阴影柔和度","Мягкость Отбрасываемых Теней"
"_LightingMonochromatic","Grayscale Lighting","Iluminación de monocromática","Graustufenbeleuchtung","影色への環境光影響度","흑백 조명","单色光照 (黑白)","Монохромное Освещение"
"_LightingVertexLightingEnabled","Vertex lights (Non-Important)","Iluminación de vértices (No importantes)","Scheitelpunktlichter (Unwichtig)","頂点ライト (重要ではない)","버텍스 라이트 (중요하지 않음)","顶点光照 (不重要)","Вертексный свет (неважно)"
"_LightingAdditiveEnable","Pixel lights (Important)","Iluminación de píxeles (Importantes)","Pixellichter (Wichtig)","ピクセル ライト (重要)","픽셀 라이트 (중요)","像素光照 (重要)","Pixel Lights (Важно)"
"_DisableDirectionalInAdd","Ignore Directional Lights","Ignorar luz direccional","Richtung ignorieren","指向性ライトを無視","방향성 라이트 무시","忽略方向光","Игнорировать Направленные Источники Освещения"
"_LightingAdditiveLimited","Limit Brightness","Limitar brillo","Helligkeit begrenzen","明るさを制限する","밝기 제한","限制亮度","Ограничить Яркость"
"_LightingAdditiveLimit","Max Brightness","Brillo máximo","Maximale Helligkeit","明るさの上限","최대 밝기","最大亮度","Макс. Яркость"
"_LightingAdditiveMonochromatic","Grayscale Lighting","Iluminación monocromática","Graustufenbeleuchtung","影色への環境光影響度","흑백 조명","单色光照 (黑白)","Монохромное Освещение"
"_LightingAdditivePassthrough","Point Light Passthrough","Paso de luz puntual (Point Light)","Point Light Passthrough","ポイント ライト パススルー","포인트 라이트 패스스루","点光源穿透","Пропуск Точечных Источников Света"
"_LightingAdditiveAttenCurve","Light Attenuation Curve","Curva de atenuación de luz","Licht-Dämpfungskurve","ライト減衰カーブ","빛 감쇠 곡선","光照衰减曲线","Кривая Затухания Света"
"_LightDataDebugEnabled","Debug","Activar depuración","Debuggen","デバッグ","디버그","调试","Отладка"
"_LightingDebugVisualize","Visualize","Visualizar datos de iluminación","Visualisieren","視覚化する","시각화","可视化","Визуализировать"
"m_start_PoiShading","Shading","Sombreado","Schattierungen","影設定","그림자 설정","阴影设置","Шейдинг"
"_ShadingEnabled","Enable Shading","Activar sombreado","Schattierung aktivieren","影設定を有効にする","그림자 설정 활성화","启用阴影","Включить Шейдинг"
"_LightingMode","Lighting Type","Tipo de iluminación","Beleuchtungstyp","光源の種類","조명 유형","光照类型","Тип Освещения"
"_LightingShadowColor","Shadow Tint","Color de la sombra","Schattentönung","影の色調整","그림자 틴트","阴影色调","Оттенок Тени"
"_ToonRamp","Lighting Ramp","Rampa de iluminación","Beleuchtungsrampe","ライティングランプ","라이팅 램프","光照渐变 (Ramp)","Рампа Освещения"
"_ShadowOffset","Ramp Offset","Desplazamiento de la rampa","Rampen-Offset","ランプ オフセット","램프 오프셋","渐变偏移","Смещение Рампы"
"_LightingWrappedWrap","Wrap","Envoltura","Wickeln","包む","감싸기","环绕 (Wrap)","Обернуть (Wrap)"
"_LightingWrappedNormalization","Normalization","Normalización","Normalisierung","正規化","정규화","标准化","Нормализация"
"_LightingMulitlayerNonLinear","Non Linear Lightmap","Borde no lineal","Nicht lineare Kante","非リニアエッジ","비선형 가장자리","非线性边缘","Нелинейный Lightmap"
"_ShadowColorTex","Color Tex","Textura de color de la sombra","Schattenfarbe","影の色","그림자 색상","阴影颜色纹理","Текстура Цвета Тени"
"_ShadowColorTexPan","Panning","Barrido","Bewegung","パンニング","패닝","平移","Прокрутка"
"_ShadowColorTexUV","UV","UV","UV","UV","UV","UV","UV"
"_ShadowColor","Color","Color de la sombra","Schattenfarbe","影の色","그림자 색상","阴影颜色","Цвет"
"_MultilayerMathBlurMap","Blur Map","Mapa de desenfoque","Textur verwischen","ぼかしマップ","블러 맵","模糊贴图","Карта Размытия"
"_MultilayerMathBlurMapPan","Panning","Barrido","Bewegung","パンニング","패닝","平移","Прокрутка"
"_MultilayerMathBlurMapUV","UV","UV","UV","UV","UV","UV","UV"
"_ShadowBorder","Border","Borde de la sombra","Grenze","1 番目の境界","경계","边界","Граница"
"_ShadowBlur","Blur","Desenfoque de la sombra","Verwischen","ぼかし","블러","模糊","Размытие"
"_Shadow2ndColorTex","Color Tex","Textura de color de la segunda sombra","2. Farbe","2色目","두 번째 색상","第 2 阴影颜色纹理","Текстура Цвета Тени"
"_Shadow2ndColorTexPan","Panning","Barrido","Bewegung","パンニング","패닝","平移","Прокрутка"
"_Shadow2ndColorTexUV","UV","UV","UV","UV","UV","UV","UV"
"_Shadow2ndColor","Color","Color de la segunda sombra","2. Farbe","2色目","두 번째 색상","第 2 阴影颜色","Цвет"
"_Shadow2ndBorder","Border","Borde de la segunda sombra","2. Grenze","2 番目の境界","두 번째 경계","第 2 边界","Граница"
"_Shadow2ndBlur","Blur","Desenfoque de la segunda sombra","2. Unschärfe","2 番目のぼかし","두 번째 블러","第 2 模糊","Размытие"
"_Shadow3rdColorTex","Color Tex","Textura de color de la tercera sombra","3. Farbe","3色目","세 번째 색상","第 3 阴影颜色纹理","Текстура Цвета Тени"
"_Shadow3rdColorTexPan","Panning","Barrido","Bewegung","パンニング","패닝","平移","Прокрутка"
"_Shadow3rdColorTexUV","UV","UV","UV","UV","UV","UV","UV"
"_Shadow3rdColor","Color","Color de la tercera sombra","3. Farbe","3色目","세 번째 색상","第 3 阴影颜色","Цвет"
"_Shadow3rdBorder","Border","Borde de la tercera sombra","3. Grenze","3 番目の境界","세 번째 경계","第 3 边界","Граница"
"_Shadow3rdBlur","Blur","Desenfoque de la tercera sombra","3. Unschärfe","3 番目のぼかし","세 번째 블러","第 3 模糊","Размытие"
"_ShadowBorderColor","Color","Color del borde de la sombra","Randfarbe","境界の色","경계 색상","阴影边界颜色","Цвет"
"_ShadowBorderRange","Border Range","Rango del borde","Grenzbereich","境界範囲","경계 범위","边界范围","Диапазон Границы"
"_ShadowMainStrength","Base Color Blend","Contraste","Kontrast","対比","대비","对比度","Смешать Базовый Цвет"
"_LightingGradientStart","Gradient Start","Inicio del gradiente","Gradientenstart","グラデーションの開始地点","그라데이션 시작","渐变开始","Начаго Градиента"
"_LightingGradientEnd","Gradient End","Final del gradiente","Gradient Ende","グラデーションの終了地点","그라데이션 끝","渐变结束","Конец Градиента"
"_1st_ShadeColor","1st ShadeColor","Color del primer sombreado","1. Schattenfarbe","1番目の影色","첫 번째 그림자 색상","第 1 阴影颜色","Первый Цвет Тени (ShadeColor)"
"_1st_ShadeMap","1st ShadeMap","Mapa del primer sombreado","1. SchattenTextur","1 番目の影マップ","첫 번째 그림자 맵","第 1 阴影贴图","Первая Карта Тени (ShadeMap)"
"_1st_ShadeMapPan","Panning","Barrido","Bewegung","パンニング","패닝","平移","Прокрутка"
"_1st_ShadeMapUV","UV","UV","UV","UV","UV","UV","UV"
"_Use_1stShadeMapAlpha_As_ShadowMask","1st ShadeMap.a As ShadowMask","Usar alfa del mapa del primer sombreado como máscara de sombra","1. ShadeMap.a als ShadowMask","1 番目の 影マップ.a を 影マスク として利用","1번째 셰이드맵.a를 그림자 마스크로 사용","将第 1 阴影图 Alpha 用作阴影遮罩","Первая Карта Тени как Маска Тени (ShadowMask)"
"_1stShadeMapMask_Inverse","1st ShadeMapMask Inverse","Invertir la máscara del mapa del primer sombreado","1. ShadeMapMask Invers","1 番目の 影マップマスクを反転","1번째 셰이드맵 마스크 반전","反转第 1 阴影图遮罩","Инверсия Маски Первой Карты Тени"
"_Use_BaseAs1st","Use BaseMap as 1st ShadeMap","Usar mapa base como mapa del primer sombreado","Verwenden Sie BaseMap als 1. ShadeMap","ベースマップを1 番目の影マップとして使用","베이스맵을 1번째 셰이드맵으로 사용","使用底图作为第 1 阴影图","Использовать Базовую Карту (BaseMap) как Первую Карту Тени (ShadeMap)"
"_2nd_ShadeColor","2nd ShadeColor","Color del segundo sombreado","2. Farbton","2番目のシェー影ドカラー","두 번째 그림자 색상","第 2 阴影颜色","Второй Цвет Тени (ShadeColor)"
"_2nd_ShadeMap","2nd ShadeMap","Mapa del segundo sombreado","2. SchattenTextur","2 番目の影マップ","두 번째 그림자 맵","第 2 阴影贴图","Вторая Карта Тени (ShadeMap)"
"_2nd_ShadeMapPan","Panning","Barrido","Bewegung","パンニング","패닝","平移","Прокрутка"
"_2nd_ShadeMapUV","UV","UV","UV","UV","UV","UV","UV"
"_Use_2ndShadeMapAlpha_As_ShadowMask","2nd ShadeMap.a As ShadowMask","Usar alfa del mapa del segundo sombreado como máscara de sombra","2. ShadeMap.a Als ShadowMask","2 番目の影マップ.a を影マスクとして利用","2번째 셰이드맵.a를 그림자 마스크로 사용","将第 2 阴影图 Alpha 用作阴影遮罩","Вторая Карта Тени как Маска Тени (ShadowMask)"
"_2ndShadeMapMask_Inverse","2nd ShadeMapMask Inverse","Invertir la máscara del mapa del segundo sombreado","2. ShadeMapMask Invers","2 番目の影マップマスクを反転","2번째 셰이드맵 마스크 반전","反转第 2 阴影图遮罩","Инверсия Маски Второй Карты Тени"
"_Use_1stAs2nd","Use 1st ShadeMap as 2nd_ShadeMap","Usar mapa del primer sombreado como segundo","Verwenden Sie die 1. ShadeMap als 2nd_ShadeMapen","1 番目の影マップを 2番目の影ドマップとして使用","1번째 셰이드맵을 2번째 셰이드맵으로 사용","使用第 1 阴影图作为第 2 阴影图","Использовать Первую Карту Тени как Вторую Карту Тени"
"_BaseColor_Step","BaseColor_Step","Umbral de color base","BaseColor_Step","ベースカラー・ステップ","베이스 색상 단계","基础色阶",""
"_BaseShade_Feather","Base/Shade_Feather","Suavizado de la base/sombreado","Basis/Schatten_Feder","ベース/影フェザー","베이스/그림자 페더","基础/阴影模糊",""
"_ShadeColor_Step","ShadeColor_Step","Umbral de color de sombreado","ShadeColor_Step","影色・ステップ","그림자 색상 단계","阴影色阶",""
"_1st2nd_Shades_Feather","1st/2nd_Shades_Feather","Suavizado entre el primer y segundo sombreado","1./2._Farbton_Feder","1/2番目の影フェザー","1/2번째 그림자 페더","第 1/2 阴影模糊",""
"_ShadingShadeMapBlendType","Blend Mode","Tipo de mezcla","Mischmodus","ブレンドモード","블렌드 모드","混合模式","Режим Смешивания"
"_SkinLUT","LUT","Tabla de búsqueda de pieles (Skin LUT)","LUT","LUT","LUT","皮肤 LUT","LUT"
"_SssScale","Scale","Escala","Skala","規模","스케일","缩放","Масштаб"
"_SkinThicknessMap","Thickness Map","Mapa del grosor","DickenTextur","厚さマップ","두께 맵","厚度图","Карта Толщины"
"_SkinThicknessMapPan","Panning","Barrido","Bewegung","パンニング","패닝","平移","Прокрутка"
"_SkinThicknessMapUV","UV","UV","UV","UV","UV","UV","UV"
"_SkinThicknessMapInvert","Invert","Invertir","Umkehren","反転","반전","反转","Инвертировать"
"_SkinThicknessPower","Thickness Power","Potencia del grosor","Dickenleistung","厚みパワー","두께 파워","厚度强度","Мощность Толщины"
"_SssBumpBlur","Bump Blur","Desenfoque del relieve","Stoßunschärfe","バンプ ブラー","범프 블러","凹凸模糊","Размытие Выпуклостей"
"_SssTransmissionAbsorption","Absorption","Absorción de transmisión","Absorption","吸収","흡수","透射吸收","Поглощение"
"_SssColorBleedAoWeights","AO Color Bleed","Transferencia de color por oclusión ambiental (AO)","AO Farbverlauf","AO カラーブリード","AO 색상 번짐","AO 颜色溢出","Цветовое Окрашивание АО"
"_ClothDFG","MultiScatter Cloth DFG","Dispersión múltiple de la tela por DFG","MultiScatter Tuch DFG","マルチスキャッター クロス DFG","멀티 스캐터 천 DFG","多重散射布料 DFG",""
"_ClothMetallicSmoothnessMap","Maps (Expand)","Mapas metálicos/suavidad (Expandir)","Texturen (Erweitern)","マップ (拡大)","맵 (확장)","金属/光滑度图 (展开)","Карты (Развернуть)"
"_ClothMetallicSmoothnessMapPan","Panning","Barrido","Bewegung","パンニング","패닝","平移","Прокрутка"
"_ClothMetallicSmoothnessMapInvert","Invert Smoothness","Invertir suavidad","Glätte umkehren","滑らかさを反転","부드러움 반전","反转光滑度","Инвертировать Гладкость"
"_ClothMetallicSmoothnessMapUV","UV","UV","UV","UV","UV","UV","UV"
"_ClothLerp","Clothmask Lerp","Interpolación (Lerp) de masas de tela","Stoffmaske Lerp","布仮面のラープ","천 마스크 Lerp","布料遮罩插值","Интерполяция (Lerp) тканевой маски"
"_ClothReflectance","Reflectance","Reflectancia","Reflexion","反射率","반사율","反射率","Отражательная способность"
"_ClothSmoothness","Smoothness","Suavidad","Glätte","滑らかさ","부드러움","光滑度","Гладкость"
"_SDFShadingTexture","SDF","Textura de sombreado SDF","SDF","SDF","SDF","SDF 阴影纹理","SDF"
"_SDFShadingTexturePan","Panning","Barrido","Bewegung","パンニング","패닝","平移","Прокрутка"
"_SDFShadingTextureUV","UV","UV","UV","UV","UV","UV","UV"
"_SDFBlur","Blur","Desenfoque","Verwischen","ぼかし","블러","模糊","Размытие"
"_SDFForward","Forward Direction","Dirección frontal","Vorwärtsrichtung","順方向","전방","前向方向","Фронтальное Направление"
"_SDFLeft","Left Direction","Dirección izquierda","Linke Richtung","左方向","좌방","左向方向","Левое Направление"
"_ShadowStrength","Shadow Strength","Intensidad de la sombra","Schattenstärke","影の強さ","그림자 강도","阴影强度","Сила Тени"
"_LightingIgnoreAmbientColor","Ignore Indirect Shadow Color","Ignorar el color de la luz ambiental","Ignorieren Sie die indirekte Schattenfarbe","間接的な影の色を無視","간접 그림자 색상 무시","忽略间接阴影颜色","Игнорировать Цвет Непрямой Тени"
"_LightingAdditiveType","Lighting Type","Tipo de iluminación","Beleuchtungstyp","光源の種類","조명 유형","光照类型","Тип Освещения"
"_LightingAdditiveGradientStart","Gradient Start","Inicio de gradiente","Gradientenstart","グラデーションの開始地点","그라데이션 시작","渐变开始","Начаго Градиента"
"_LightingAdditiveGradientEnd","Gradient End","Final de gradiente","Gradient Ende","グラデーションの終了地点","그라데이션 끝","渐变结束","Конец Градиента"
"m_start_Aniso","Anisotropics","Anisotropía ","Anisotrope","異方性光","이방성","各向异性 (Anisotropy)","Анизотропия"
"_EnableAniso","Enable Aniso","Activar anisotropía","Aktivieren Sie Aniso","アニソを有効にする","이방성 활성화","启用各向异性","Включить Анизотропию"
"_AnisoColorMap","Color & Offset","Mapa de color y desplazamiento","Farbe & Versatz","カラー＆オフセット","색상 & 오프셋","颜色 & 偏移","Цвет & Смещение"
"_AnisoColorMapPan","Panning","Barrido","Bewegung","パンニング","패닝","平移","Прокрутка"
"_AnisoColorMapUV","UV","UV","UV","UV","UV","UV","UV"
"_AnisoUseLightColor","Mix Light Color","Mezclar con color de la luz","Lichtfarbe mischen","光源を混ぜる","라이트 색상 혼합","混合光照颜色","Смешать Цвет Освещения"
"_AnisoUseBaseColor","Mix Base Color","Mezclar con color base","Grundfarbe mischen","ベースカラーを混ぜる","베이스 색상 혼합","混合基础颜色","Смешать Базовый Цвет"
"_AnisoReplace","Replace Blending","Reemplazar","Mischen ersetzen","ブレンディングを置き換える","블렌드 교체","替换混合","Замена"
"_AnisoAdd","Add Blending","Agregar","Mischen hinzufügen","ブレンディングを追加","블렌드 추가","添加混合","Сложение"
"_AnisoHideInShadow","Hide In Shadow","Ocultar en la sombra","Im Schatten verstecken","影で隠れる","그림자에서 숨기기","在阴影中隐藏","Скрыть в Тени"
"_Aniso0Power","Power","Potencia","Leistung","力","파워","强度","Мощность"
"_Aniso0Strength","Strength","Intensidad","Stärke","強さ","강도","力度","Сила"
"_Aniso0Offset","Offset","Desplazamiento ","Versatz","オフセット","오프셋","偏移","Смещение"
"_Aniso0OffsetMapStrength","Map Offset Strength","Intensidad del mapa de desplazamiento ","Map-Offset-Stärke","マップ オフセットの強さ","맵 오프셋 강도","偏移图强度",""
"_Aniso0Tint","Tint","Tinte","Farbton","色合い","틴트","色调","Оттенок"
"_Aniso0SwitchDirection","Switch Direction","Cambiar dirección","Richtung wechseln","方向を切り替える","방향 전환","切换方向",""
"_Aniso0ToonMode","Stylized Mode","Modo estilizado (Toon Mode)","Mode zeigennl","Toonモード","툰 모드","卡通模式",""
"_Aniso0Edge","Edge","Borde","Kante","角","가장자리","边缘","Край"
"_Aniso0Blur","Blur","Desenfoque","Verwischen","ぼかし","블러","模糊","Размытие"
"_Aniso1Power","Power","Potencia","Leistung","力","파워","强度","Мощность"
"_Aniso1Strength","Strength","Intensidad","Stärke","強さ","강도","力度","Сила"
"_Aniso1Offset","Offset","Desplazamiento ","Versatz","オフセット","오프셋","偏移","Смещение"
"_Aniso1OffsetMapStrength","Map Offset Strength","Intensidad del mapa de desplazamiento ","Map-Offset-Stärke","マップ オフセットの強さ","맵 오프셋 강도","偏移图强度",""
"_Aniso1Tint","Tint","Tinte","Farbton","色合い","틴트","色调","Оттенок"
"_Aniso1SwitchDirection","Switch Direction","Cambiar dirección","Richtung wechseln","方向を切り替える","방향 전환","切换方向",""
"_Aniso1ToonMode","Stylized Mode","Modo estilizado (Toon Mode)","Mode zeigennl","Toonモード","툰 모드","卡通模式",""
"_Aniso1Edge","Edge","Borde","Kante","角","가장자리","边缘","Край"
"_Aniso1Blur","Blur","Desenfoque","Verwischen","ぼかし","블러","模糊","Размытие"
"_AnisoDebugToggle","Debug Toggle","Activar depuración","Debuggen","デバッグ","디버그","调试","Переключатель Отладки"
"_AnisoDebugMode","Debug Mode","Modo depuración","Visualisieren","視覚化する","시각화","可视化","Режим Отладки"
"m_start_matcap","Matcap 0","Captura de material (MatCap 0)","Matcap 0","マットキャップ 0","맷캡(금속) 0","MatCap 0","Matcap 0"
"_MatcapEnable","Enable Matcap}","Activar MatCap","Matcap aktivieren","マットキャップを有効にする","맷캡(금속) 활성화","启用 MatCap","Включить Matcap"
"_MatcapUVMode","UV Mode","Modo UV","UV-Modus","UVモード","UV 모드","UV 模式","Режим UV"
"_MatcapColor","Color","Color","Farbe","色","색상","颜色","Цвет"
"_Matcap","Matcap","MatCap","Matcap","マットキャップ","Matcap","MatCap","Matcap"
"_MatcapBorder","Border","Borde","Grenze","境界","경계","边界","Граница"
"_MatcapMask","Mask","Máscara","Maske","マスク","마스크","遮罩","Маска"
"_MatcapMaskPan","Panning","Barrido","Bewegung","パンニング","패닝","平移","Прокрутка"
"_MatcapMaskUV","UV","UV","UV","UV","UV","UV","UV"
"_MatcapMaskChannel","Channel","Canal","Kanal","チャンネル","채널","通道","Канал"
"_MatcapMaskInvert","Invert","Invertir","Umkehren","反転","반전","反转","Инвертировать"
"_MatcapMaskGlobalMask","Global Mask","Máscara global","Globale Maske","グローバル マスク","글로벌 마스크","全局遮罩","Глобальная Маска"
"_MatcapMaskGlobalMaskBlendType","Blending","Tipo de mezcla","Mischen","ブレンディング","블렌딩","混合类型","Смешивание"
"_MatcapEmissionStrength","Emission Strength","Intensidad de la emisión","Emissionsstärke","発光の強さ","방출 강도","发光强度","Сила Свечения"
"_MatcapIntensity","Intensity","Intensidad","Intensität","明るさ","강도","亮度","Интенсивность"
"_MatcapLightMask","Hide in Shadow","Ocultar en la sombra","Im Schatten verstecken","影で隠れる","그림자에서 숨기기","在阴影中隐藏","Скрыть в Тени"
"_MatcapReplace","Replace","Reemplazar","Mischung ersetzen","ブレンドを置換","블렌드 교체","替换混合","Замена"
"_MatcapMultiply","Multiply","Multiplicar","Mischung multiplizieren","乗算ブレンド","블렌드 곱하기","乘法混合","Умножение"
"_MatcapAdd","Add","Agregar","Mischung hinzufügen","ブレンドを追加","블렌드 추가","添加混合","Сложение"
"_MatcapMixed","Mixed","Combinar","Gemischte Mischung","混合ブレンド","혼합 블렌드","混合混合","Смешанный"
"_MatcapAddToLight","Unlit Add","Agregar a la luz","Zum Licht hinzufügen","ライトに追加","라이트에 추가","添加到光照","Сложение (Unlit)"
"_MatcapAlphaOverride","Override Alpha","Anular alfa","Alpha überschreiben","アルファを無視する","알파 덮어쓰기","覆盖 Alpha","Перезаписать Альфу"
"_MatcapNormal","Normal Strength","Normal a usar","Normal zu verwenden","使用するノーマル","사용할 노멀","使用的法线","Сила Нормали"
"_Matcap0CustomNormal","Custom Normal","<size=13><b>Normal personalizado </b></size>","<size=13><b> Benutzerdefiniert Normal</b></size>","<size=13><b>カスタムノーマル(法線)</b></size>","<size=13><b>사용자 정의 노멀</b></size>","<size=13><b>自定义法线</b></size>","<size=13><b>Пользовательская Нормаль</b></size>"
"_Matcap0NormalMap","Normal Map","Mapa de normales","Normale Textur","ノーマルマップ (法線マップ)","노멀 맵","法线贴图","Карта Нормалей"
"_Matcap0NormalMapPan","Panning","Barrido","Bewegung","パンニング","패닝","平移","Прокрутка"
"_Matcap0NormalMapUV","UV","UV","UV","UV","UV","UV","UV"
"_Matcap0NormalMapScale","Intensity","Intensidad","Intensität","明るさ","강도","强度","Интенсивность"
"_MatcapHueShiftEnabled","Hue Shift","<size=13><b>Cambio de tono </b></size>","<size=13><b>Farbtonverschiebung</b></size>","<size=13><b>ぼかしシフト</b></size>","<size=13><b>색조 시프트</b></size>","<size=13><b>色相偏移</b></size>","<size=13><b>Сдвиг Тона</b></size>"
"_MatcapHueShiftSpeed","Shift Speed","Velocidad del cambio","Schaltgeschwindigkeit","シフトスピード","시프트 속도","偏移速度","Скорость Сдвига"
"_MatcapHueShift","Hue Shift","Cambio de tono","Farbtonverschiebung","ぼかしシフト","색조 시프트","色相偏移","Сдвиг Тона"
"_MatcapTPSDepthEnabled","TPS Depth Mask Enabled","<size=13><b>Máscara de profundidad TPS activada </b></size>","<size=13><b>TPS-Tiefenmaske aktiviert</b></size>","<size=13><b>TPS 深度マスク有効</b></size>","<size=13><b>TPS 깊이 마스크 활성화됨</b></size>","<size=13><b>启用 TPS 深度遮罩</b></size>","<size=13><b>Маска Глубины TPS Включена</b></size>"
"_MatcapTPSMaskStrength","TPS Mask Strength","Intensidad de la máscara TPS","Stärke der TPS-Maske","TPS マスクの強さ","TPS 마스크 강도","TPS 遮罩强度","Сила Маски TPS"
"m_start_Matcap2","Matcap 1","Captura de material (MatCap 1)","Matcap 1","マットキャップ 1","맷캡(금속) 1","MatCap 1","Matcap 1"
"_Matcap2Enable","Enable Matcap 2","Activar MatCap","Aktivieren Sie Matcap 2","マットキャップ 2 を有効にする","맷캡(금속) 2 활성화","启用 MatCap 2","Включить Matcap 1"
"_Matcap2UVMode","UV Mode","Modo UV","UV-Modus","UVモード","UV 모드","UV 模式","Режим UV"
"_Matcap2Color","Color","Color","Farbe","色","색상","颜色","Цвет"
"_Matcap2","Matcap","MatCap","Matcap","マットキャップ","맷캡(금속)","MatCap","Matcap"
"_Matcap2Border","Border","Borde","Grenze","境界","경계","边界","Граница"
"_Matcap2Mask","Mask","Máscara","Maske","マスク","마스크","遮罩","Маска"
"_Matcap2MaskPan","Panning","Barrido","Bewegung","パンニング","패닝","平移","Прокрутка"
"_Matcap2MaskUV","UV","UV","UV","UV","UV","UV","UV"
"_Matcap2MaskChannel","Channel","Canal","Kanal","チャンネル","채널","通道","Канал"
"_Matcap2MaskInvert","Invert","Invertir","Umkehren","反転","반전","反转","Инвертировать"
"_Matcap2MaskGlobalMask","Global Mask","Máscara global","Globale Maske","グローバル マスク","글로벌 마스크","全局遮罩","Глобальная Маска"
"_Matcap2MaskGlobalMaskBlendType","Blending","Tipo de mezcla","Mischen","ブレンディング","블렌딩","混合类型","Смешивание"
"_Matcap2EmissionStrength","Emission Strength","Intensidad de la emisión","Emissionsstärke","発光の強さ","방출 강도","发光强度","Сила Свечения"
"_Matcap2Intensity","Intensity","Intensidad","Intensität","明るさ","강도","亮度","Интенсивность"
"_Matcap2LightMask","Hide in Shadow","Ocultar en la sombra","Im Schatten verstecken","影で隠れる","그림자에서 숨기기","在阴影中隐藏","Скрыть в Тени"
"_Matcap2Replace","Replace","Reemplazar","Mischung ersetzen","ブレンドを置換","블렌드 교체","替换混合","Замена"
"_Matcap2Multiply","Multiply","Multiplicar","Mischung multiplizieren","乗算ブレンド","블렌드 곱하기","乘法混合","Умножение"
"_Matcap2Add","Add","Agregar","Mischung hinzufügen","ブレンドを追加","블렌드 추가","添加混合","Сложение"
"_Matcap2Mixed","Mixed","Combinar","Gemischte Mischung","混合ブレンド","혼합 블렌드","混合混合","Смешанный"
"_Matcap2AddToLight","Unlit Add","Agregar a la luz","Zum Licht hinzufügen","ライトに追加","라이트에 추가","添加到光照","Сложение (Unlit)"
"_Matcap2AlphaOverride","Override Alpha","Anular alfa","Alpha überschreiben","アルファを無視する","알파 덮어쓰기","覆盖 Alpha","Перезаписать Альфу"
"_Matcap2Normal","Normal Strength","Normal a usar","Normal zu verwenden","使用するノーマル","사용할 노멀","使用的法线","Сила Нормали"
"_Matcap1CustomNormal","Custom Normal","<size=13><b>Normal personalizado </b></size>","Benutzerdefiniert Normal","カスタムノーマル(法線)","사용자 정의 노멀","<size=13><b>自定义法线</b></size>","<size=13><b>Пользовательская Нормаль</b></size>"
"_Matcap1NormalMap","Normal Map","Mapa de normales","Normale Textur","ノーマルマップ (法線マップ)","노멀 맵","法线贴图","Карта Нормалей"
"_Matcap1NormalMapPan","Panning","Barrido","Bewegung","パンニング","패닝","平移","Прокрутка"
"_Matcap1NormalMapUV","UV","UV","UV","UV","UV","UV","UV"
"_Matcap1NormalMapScale","Intensity","Intensidad","Intensität","明るさ","강도","强度","Интенсивность"
"_Matcap2HueShiftEnabled","Hue Shift","<size=13><b>Cambio de tono </b></size>","<size=13><b>Farbtonverschiebung</b></size>","<size=13><b>ぼかしシフト</b></size>","<size=13><b>색조 시프트</b></size>","<size=13><b>色相偏移</b></size>","<size=13><b>Сдвиг Тона</b></size>"
"_Matcap2HueShiftSpeed","Shift Speed","Velocidad del cambio","Schaltgeschwindigkeit","シフトスピード","시프트 속도","偏移速度","Скорость Сдвига"
"_Matcap2HueShift","Hue Shift","Cambio de tono","Farbtonverschiebung","ぼかしシフト","색조 시프트","色相偏移","Сдвиг Тона"
"_Matcap2TPSDepthEnabled","TPS Depth Mask Enabled","<size=13><b>Máscara de profundidad TPS activada </b></size>","<size=13><b>TPS-Tiefenmaske aktiviert</b></size>","<size=13><b>TPS 深度マスク有効</b></size>","<size=13><b>TPS 깊이 마스크 활성화됨</b></size>","<size=13><b>启用 TPS 深度遮罩</b></size>","<size=13><b>Маска Глубины TPS Включена</b></size>"
"_Matcap2TPSMaskStrength","TPS Mask Strength","Intensidad de la máscara TPS","Stärke der TPS-Maske","TPS マスクの強さ","TPS 마스크 강도","TPS 遮罩强度","Сила Маски TPS"
"m_start_Matcap3","Matcap 2","Captura de material (MatCap 2)","Mattkappe 2","マットキャップ 2","맷캡(금속) 2","MatCap 2","Matcap 2"
"_Matcap3Enable","Enable Matcap 2","Activar MatCap","Aktivieren Sie Matcap 2","マットキャップ 2 を有効にする","맷캡(금속) 2 활성화","启用 MatCap 2","Включить Matcap 2"
"_Matcap3UVMode","UV Mode","Modo UV","UV-Modus","UVモード","UV 모드","UV 模式","Режим UV"
"_Matcap3Color","Color","Color","Farbe","色","색상","颜色","Цвет"
"_Matcap3","Matcap","MatCap","Matcap","マットキャップ","맷캡(금속)","MatCap","Matcap"
"_Matcap3Border","Border","Borde","Grenze","境界","경계","边界","Граница"
"_Matcap3Mask","Mask","Máscara","Maske","マスク","마스크","遮罩","Маска"
"_Matcap3MaskChannel","Channel","Canal","Kanal","チャンネル","채널","通道","Канал"
"_Matcap3MaskPan","Panning","Barrido","Bewegung","パンニング","패닝","平移","Прокрутка"
"_Matcap3MaskUV","UV","UV","UV","UV","UV","UV","UV"
"_Matcap3MaskInvert","Invert","Invertir","Umkehren","反転","반전","反转","Инвертировать"
"_Matcap3MaskGlobalMask","Global Mask","Máscara global","Globale Maske","グローバル マスク","글로벌 마스크","全局遮罩","Глобальная Маска"
"_Matcap3MaskGlobalMaskBlendType","Blending","Tipo de mezcla","Mischen","ブレンディング","블렌딩","混合类型","Смешивание"
"_Matcap3EmissionStrength","Emission Strength","Intensidad de la emisión","Emissionsstärke","発光の強さ","방출 강도","发光强度","Сила Свечения"
"_Matcap3Intensity","Intensity","Intensidad","Intensität","明るさ","강도","亮度","Интенсивность"
"_Matcap3LightMask","Hide in Shadow","Ocultar en la sombra","Im Schatten verstecken","影で隠れる","그림자에서 숨기기","在阴影中隐藏","Скрыть в Тени"
"_Matcap3Replace","Replace","Reemplazar","Mischung ersetzen","ブレンドを置換","블렌드 교체","替换混合","Замена"
"_Matcap3Multiply","Multiply","Multiplicar","Mischung multiplizieren","乗算ブレンド","블렌드 곱하기","乘法混合","Умножение"
"_Matcap3Add","Add","Agregar","Mischung hinzufügen","ブレンドを追加","블렌드 추가","添加混合","Сложение"
"_Matcap3Mixed","Mixed","Combinar","Gemischte Mischung","混合ブレンド","혼합 블렌드","混合混合","Смешанный"
"_Matcap3AddToLight","Unlit Add","Agregar a la luz","Zum Licht hinzufügen","ライトに追加","라이트에 추가","添加到光照","Сложение (Unlit)"
"_Matcap3AlphaOverride","Override Alpha","Anular alfa","Alpha überschreiben","アルファを無視する","알파 덮어쓰기","覆盖 Alpha","Перезаписать Альфу"
"_Matcap3Normal","Normal Strength","Normal a usar","Normal zu verwenden","使用するノーマル","사용할 노멀","使用的法线","Сила Нормали"
"_Matcap2CustomNormal","Custom Normal","<size=13><b>Normal personalizado </b></size>","Benutzerdefiniert Normal","カスタムノーマル(法線)","사용자 정의 노멀","<size=13><b>自定义法线</b></size>","<size=13><b>Пользовательская Нормаль</b></size>"
"_Matcap2NormalMap","Normal Map","Mapa de normales","Normale Textur","ノーマルマップ (法線マップ)","노멀 맵","法线贴图","Карта Нормалей"
"_Matcap2NormalMapPan","Panning","Barrido","Bewegung","パンニング","패닝","平移","Прокрутка"
"_Matcap2NormalMapUV","UV","UV","UV","UV","UV","UV","UV"
"_Matcap2NormalMapScale","Intensity","Intensidad","Intensität","明るさ","강도","强度","Интенсивность"
"_Matcap3HueShiftEnabled","Hue Shift","<size=13><b>Cambio de tono </b></size>","<size=13><b>Farbtonverschiebung</b></size>","<size=13><b>ぼかしシフト</b></size>","<size=13><b>색조 시프트</b></size>","<size=13><b>色相偏移</b></size>","<size=13><b>Сдвиг Тона</b></size>"
"_Matcap3HueShiftSpeed","Shift Speed","Velocidad del cambio","Schaltgeschwindigkeit","シフトスピード","시프트 속도","偏移速度","Скорость Сдвига"
"_Matcap3HueShift","Hue Shift","Cambio de tono","Farbtonverschiebung","ぼかしシフト","색조 시프트","色相偏移","Сдвиг Тона"
"_Matcap3TPSDepthEnabled","TPS Depth Mask Enabled","<size=13><b>Máscara de profundidad TPS activada </b></size>","<size=13><b>TPS-Tiefenmaske aktiviert</b></size>","<size=13><b>TPS 深度マスク有効</b></size>","<size=13><b>TPS 깊이 마스크 활성화됨</b></size>","<size=13><b>启用 TPS 深度遮罩</b></size>","<size=13><b>Маска Глубины TPS Включена</b></size>"
"_Matcap3TPSMaskStrength","TPS Mask Strength","Intensidad de la máscara TPS","Stärke der TPS-Maske","TPS マスクの強さ","TPS 마스크 강도","TPS 遮罩强度","Сила Маски TPS"
"m_start_Matcap4","Matcap 3","Captura de material (MatCap 3)","Matcap 3","マットキャップ 3","맷캡(금속) 3","MatCap 3","Matcap 3"
"_Matcap4Enable","Enable Matcap 3","Activar MatCap","Aktivieren Sie Matcap 3","マットキャップ 3 を有効にする","맷캡(금속) 3 활성화","启用 MatCap 3","Включить Matcap 3"
"_Matcap4UVMode","UV Mode","Modo UV","UV-Modus","UVモード","UV 모드","UV 模式","Режим UV"
"_Matcap4Color","Color","Color","Farbe","色","색상","颜色","Цвет"
"_Matcap4","Matcap","MatCap","Matcap","マットキャップ","맷캡(금속)","MatCap","Matcap"
"_Matcap4Border","Border","Borde","Grenze","境界","경계","边界","Граница"
"_Matcap4Mask","Mask","Máscara","Maske","マスク","마스크","遮罩","Маска"
"_Matcap4MaskPan","Panning","Barrido","Bewegung","パンニング","패닝","平移","Прокрутка"
"_Matcap4MaskUV","UV","UV","UV","UV","UV","UV","UV"
"_Matcap4MaskChannel","Channel","Canal","Kanal","チャンネル","채널","通道","Канал"
"_Matcap4MaskInvert","Invert","Invertir","Umkehren","反転","반전","反转","Инвертировать"
"_Matcap4MaskGlobalMask","Global Mask","Máscara global","Globale Maske","グローバル マスク","글로벌 마스크","全局遮罩","Глобальная Маска"
"_Matcap4MaskGlobalMaskBlendType","Blending","Tipo de mezcla","Mischen","ブレンディング","블렌딩","混合类型","Смешивание"
"_Matcap4EmissionStrength","Emission Strength","Intensidad de la emisión","Emissionsstärke","発光の強さ","방출 강도","发光强度","Сила Свечения"
"_Matcap4Intensity","Intensity","Intensidad","Intensität","明るさ","강도","亮度","Интенсивность"
"_Matcap4LightMask","Hide in Shadow","Ocultar en la sombra","Im Schatten verstecken","影で隠れる","그림자에서 숨기기","在阴影中隐藏","Скрыть в Тени"
"_Matcap4Replace","Replace","Reemplazar","Mischung ersetzen","ブレンドを置換","블렌드 교체","替换混合","Замена"
"_Matcap4Multiply","Multiply","Multiplicar","Mischung multiplizieren","乗算ブレンド","블렌드 곱하기","乘法混合","Умножение"
"_Matcap4Add","Add","Agregar","Mischung hinzufügen","ブレンドを追加","블렌드 추가","添加混合","Сложение"
"_Matcap4Mixed","Mixed","Combinar","Gemischte Mischung","混合ブレンド","혼합 블렌드","混合混合","Смешанный"
"_Matcap4AddToLight","Unlit Add","Agregar a la luz","Zum Licht hinzufügen","ライトに追加","라이트에 추가","添加到光照","Сложение (Unlit)"
"_Matcap4AlphaOverride","Override Alpha","Anular alfa","Alpha überschreiben","アルファを無視する","알파 덮어쓰기","覆盖 Alpha","Перезаписать Альфу"
"_Matcap4Normal","Normal Strength","Normal a usar","Normal zu verwenden","使用するノーマル","사용할 노멀","使用的法线","Сила Нормали"
"_Matcap3CustomNormal","Custom Normal","<size=13><b>Normal personalizado </b></size>","Benutzerdefiniert Normal","カスタムノーマル(法線)","사용자 정의 노멀","<size=13><b>自定义法线</b></size>","<size=13><b>Пользовательская Нормаль</b></size>"
"_Matcap3NormalMap","Normal Map","Mapa de normales","Normale Textur","ノーマルマップ (法線マップ)","노멀 맵","法线贴图","Карта Нормалей"
"_Matcap3NormalMapPan","Panning","Barrido","Bewegung","パンニング","패닝","平移","Прокрутка"
"_Matcap3NormalMapUV","UV","UV","UV","UV","UV","UV","UV"
"_Matcap3NormalMapScale","Intensity","Intensidad","Intensität","強さ","강도","强度","Интенсивность"
"_Matcap4HueShiftEnabled","Hue Shift","<size=13><b>Cambio de tono </b></size>","<size=13><b>Farbtonverschiebung</b></size>","<size=13><b>ぼかしシフト</b></size>","<size=13><b>색조 시프트</b></size>","<size=13><b>色相偏移</b></size>","<size=13><b>Сдвиг Тона</b></size>"
"_Matcap4HueShiftSpeed","Shift Speed","Velocidad del cambio","Schaltgeschwindigkeit","シフトスピード","시프트 속도","偏移速度","Скорость Сдвига"
"_Matcap4HueShift","Hue Shift","Cambio de tono","Farbtonverschiebung","ぼかしシフト","색조 시프트","色相偏移","Сдвиг Тона"
"_Matcap4TPSDepthEnabled","TPS Depth Mask Enabled","<size=13><b>Máscara de profundidad TPS activada </b></size>","<size=13><b>TPS-Tiefenmaske aktiviert</b></size>","<size=13><b>TPS 深度マスク有効</b></size>","<size=13><b>TPS 깊이 마스크 활성화됨</b></size>","<size=13><b>启用 TPS 深度遮罩</b></size>","<size=13><b>Маска Глубины TPS Включена</b></size>"
"_Matcap4TPSMaskStrength","TPS Mask Strength","Intensidad de la máscara TPS","Stärke der TPS-Maske","TPS マスク強度","TPS 마스크 강도","TPS 遮罩强度","Сила Маски TPS"
"m_start_CubeMap","CubeMap","Mapa cúbico (CubeMap)","WürfelTextur","キューブマップ","큐브맵","CubeMap反射设置","Кубическая Карта (CubeMap)"
"_CubeMapEnabled","Enable CubeMap","Activar","CubeMap aktivieren","キューブマップを有効にする","큐브맵 활성화","启用CubeMap贴图","Включить Кубическую Карту"
"_CubeMapUVMode","UV Mode","Modo UV","UV-Modus","UVモード","UV 모드","UV 模式","Режим UV"
"_CubeMapWorldNormalsStrength","Normals Strength","Intensidad de normales globales","Normale Stärke","ノーマル(法線)の強さ","노멀 강도","法线强度","Сила Номалей"
"_CubeMapColor","Color","Color","Farbe","色","색상","颜色","Цвет"
"_CubeMap","CubeMap","Textura de mapa cúbico","WürfelTextur","キューブマップ","큐브맵","CubeMap贴图","Кубическая Карта"
"_CubeMapRotation","Rotation in Degrees","Rotación en grados","Drehung in Grad","度単位の回転","도 단위 회전","旋转度数","Вращение в Градусах"
"_CubeMapRotationPan","Panning in Degrees","Barrido en grados","Bewegung in Grad","度単位でのパン","도 단위 패닝","以度数平移","Прокрутка в Градусах"
"_CubeMapMask","Mask","Máscara","Maske","マスク","마스크","遮罩","Маска"
"_CubeMapMaskPan","Panning","Barrido","Bewegung","パンニング","패닝","平移","Прокрутка"
"_CubeMapMaskUV","UV","UV","UV","UV","UV","UV","UV"
"_CubeMapMaskChannel","Channel","Canal","Kanal","チャンネル","채널","通道","Канал"
"_CubeMapMaskInvert","Invert","Invertir","Umkehren","反転","반전","反转","Инвертировать"
"_CubeMapMaskGlobalMask","Global Mask","Máscara global","Globale Maske","グローバル マスク","글로벌 마스크","全局遮罩","Глобальная Маска"
"_CubeMapMaskGlobalMaskBlendType","Blending","Tipo de mezcla","Mischen","ブレンディング","블렌딩","混合模式","Смешивание"
"_CubeMapEmissionStrength","Emission Strength","Intensidad de la emisión","Emissionsstärke","発光の強さ","방출 강도","发光强度","Сила Свечения"
"_CubeMapIntensity","Brightness","Intensidad del color","Farbstärke","色の濃さ","색상 강도","亮度","Яркость"
"_CubeMapLightMask","Hide in Shadow","Ocultar en la sombra","Im Schatten verstecken","影で隠れる","그림자에서 숨기기","在阴影中隐藏","Скрыть в Тени"
"_CubeMapReplace","Replace","Reemplazar","Durch CubeMap ersetzen","キューブマップで置換","큐브맵으로 교체","使用立方体贴图替换","Замена"
"_CubeMapMultiply","Multiply","Multiplicar","CubeMap multiplizieren","キューブマップの乗算","큐브맵 곱하기","立方体贴图乘法","Умножение"
"_CubeMapAdd","Add","Agregar","CubeMap hinzufügen","キューブマップを追加","큐브맵 추가","添加立方体贴图","Сложение"
"_CubeMapNormal","Normal to use","Normal a usar","Normal zu verwenden","使用するノーマル","사용할 노멀","使用的法线","Используемая нормаль"
"_CubeMapHueShiftEnabled","Enabled","Activar cambio de tono","Ermöglicht","有効","활성화됨","启用色相偏移","Включено"
"_CubeMapHueShiftSpeed","Hue Shift Speed","Velocidad del cambio","Schaltgeschwindigkeit","シフトスピード","시프트 속도","偏移速度","Скорость Сдвига Тона"
"_CubeMapHueShift","Hue Shift","Cambio de tono","Farbtonverschiebung","ぼかしシフト","색조 시프트","色相偏移","Сдвиг Тона"
"m_start_rimLightOptions","Rim Lighting","Iluminación del contorno","Felgenbeleuchtung","リムライト設定","림 라이트 설정","Rim Light 0","Контурное Освещение (Rim Lighting)"
"m_start_rimLight1Options","Rim Lighting 0","Iluminación del contorno 1","Felgenbeleuchtung 1","リムライティング 1","림 라이팅 1","Rim Light 0 设置","Контурное Освещение 0"
"_EnableRimLighting","Enable Rim Lighting","Activar iluminación del contorno","Randbeleuchtung aktivieren","リムライティングを有効にする","림 라이팅 활성화","启用Rim Light","Включить Контурное Освещение"
"_RimStyle","Style","Estilo","Stil","スタイル","스타일","样式","Стиль"
"_RimTex","Rim Texture","Textura del contorno","Felgenstruktur","リムの質感","림 텍스처","纹理","Текстура Контура"
"_RimTexPan","Panning","Barrido","Bewegung","パンニング","패닝","平移","Прокрутка"
"_RimTexUV","UV","UV","UV","UV","UV","UV","UV"
"_RimMask","Mask & Bias","Máscara","Randmaske","リムマスク","림 마스크","Rim遮罩","Маска & Биас"
"_RimMaskPan","Panning","Barrido","Bewegung","パンニング","패닝","平移","Прокрутка"
"_RimMaskUV","UV","UV","UV","UV","UV","UV","UV"
"_RimMaskChannel","Channel","Canal","Kanal","チャンネル","채널","通道","Канал"
"_RimGlobalMask","Global Mask","Máscara global","Globale Maske","グローバル マスク","글로벌 마스크","全局遮罩","Глобальная Маска"
"_RimGlobalMaskBlendType","Blending","Mezcla","Mischen","ブレンディング","블렌딩","混合","Смешивание"
"_Is_NormalMapToRimLight","Normal Strength","Intensidad de las normales","Normale Stärke","ノーマルマップ(法線マップ)の強さ","노멀 맵 강도","法线强度","Сила Нормали"
"_RimLightingInvert","Invert Rim","Invertir iluminación del contorno","Randbeleuchtung umkehren","リムライティングを反転","림 라이팅 반전","反转Rim","Инвертировать Контур"
"_RimLightColor","Color","Color del contorno","Felgenfarbe","リムの色","림 색상","颜色","Цвет"
"_RimWidth","Width","Ancho del contorno","Felgenbreite","リムの幅","림 너비","宽度","Ширина"
"_RimSharpness","Sharpness","Nitidez del contorno","Felgenschärfe","リムのぼかし","림 선명도","清晰度","Резкость"
"_RimPower","Rim Power","Potencia del contorno","Felgenkraft","リムの強さ","림 파워","强度","Мощность Контура"
"_RimStrength","Emission","Emisión del contorno","Rim-Emission","リムの明るさ","림 방출","发光","Свечение"
"_RimBaseColorMix","Mix Base Color","Mezclar color base","Grundfarbe mischen","ベースカラーを混合する","베이스 색상 혼합","混合基础色","Смешать Базовый Цвет"
"_RimBlendMode","Blend Mode","Modo de mezcla","Mischmodus","ブレンドモード","블렌드 모드","混合模式","Режим Смешивания"
"_RimBrightness","Brightness","Brillo","Helligkeit","明るさ","밝기","亮度","Яркость"
"_RimBlendStrength","Blend Alpha","Intensidad de la mezcla","Mischungsstärke","ブレンドの強さ","블렌드 강도","混合强度","Смешать Альфу"
"_RimClamp","Clamp","Limitar intensidad (Clamp)","Klammerintensität","クランプの強さ","클램프 강도","强度限制 (Clamp)","Ограничение (Clamp)"
"_RimApplyGlobalMaskIndex","Apply to Global Mask","Aplicar a la máscara global","Bewerben Sie sich bei Global Mask","グローバルマスクに適用","글로벌 마스크에 적용","应用到全局遮罩","Применить к Глобальной Маске"
"_RimApplyGlobalMaskBlendType","Blending","Tipo de mezcla","Mischen","ブレンディング","블렌딩","混合类型","Смешивание"
"_Set_RimLightMask","Set_RimLightMask","Establecer máscara de la iluminación del cotorno","Set_RimLightMask","リムライトマスクを設定","림 라이트 마스크 설정","设置边缘光遮罩","Установить Маску Контурного Освещения"
"_Tweak_RimLightMaskLevel","Tweak_RimLightMaskLevel","Ajuste del nivel de la máscara","Tweak_RimLightMaskLevel","リムライトマスクの微調整","림 라이트 마스크 레벨 조정","微调边缘光遮罩等级","Регулировать Уровень Маски Контурного Освещения"
"_Is_LightColor_RimLight","Mix Light Color","Mezclar con color de luz","Lichtfarbe mischen","光源を混ぜる","라이트 색상 혼합","混合光源颜色","Смешать с Цветом Освещения"
"_RimLight_Power","Rim Power","Potencia del contorno","Felgenkraft","リムパワー","림 파워","强度","Мощность Контура"
"_RimLight_InsideMask","Inside Mask","Máscara interior","Innere Maske","インサイドマスク","내부 마스크","内部遮罩","Внутренняя Маска"
"_RimLight_FeatherOff","Feather Off","Desactivar suavizado","Feder ab","フェザーオフ","페더 끄기","关闭模糊",""
"_LightDirection_MaskOn","Light Direction Mask","<size=13><b>Máscara por dirección de luz </b></size>","<size=13><b>Lichtrichtungsmaske</b></size>","<size=13><b>光の方向マスク</b></size>","<size=13><b>빛 방향 마스크</b></size>","<size=13><b>光照方向遮罩</b></size>","<size=13><b>Маска Направления Освещения</b></size>"
"_Tweak_LightDirection_MaskLevel","Light Dir Mask Level","Ajuste del nivel de la máscara por dirección de luz","Light Dir-Maskenstufe","ライト方向マスク レベル","라이트 방향 마스크 레벨","光照方向遮罩等级","Уровень Маски Направления Освещения"
"_Add_Antipodean_RimLight","<size=13><b>  Antipodean(Ap) Rim</b></size>","<size=13><b>Contorno antipodal (AP) </b></size>","<size=13><b> Antipodean (Ap) Rim</b></size>","<size=13><b>対蹠(Ap)リム</b></size>","<size=13><b>반대편(Ap) 림</b></size>","<size=13><b>对跖点 (Ap) 边缘光</b></size>","<size=13><b>Антиподальный (AP) контур</b></size>"
"_Is_LightColor_Ap_RimLight","Ap Light Color Mix","Mezclar con color de luz (AP)","Ap Light Color Mix","APライトカラーを混合する","Ap 라이트 색상 혼합","混合 AP 光照颜色","AP Смешение Цвета Освещения"
"_Ap_RimLightColor","Ap Color","Color del contorno (AP)","Ap-Farbe","AP カラー","Ap 색상","AP 颜色","AP Цвет"
"_Ap_RimLight_Power","Ap Power","Potencia (AP)","Ap-Leistung","APパワー","Ap 파워","AP 强度","AP Мощность"
"_Ap_RimLight_FeatherOff","Ap Feather Off","Desactivar suavizado (AP)","Ap-Feder aus","AP フェザー オフ","Ap 페더 끄기","关闭 AP 模糊",""
"_RimColor","Rim Color","Color del contorno","Felgenfarbe","リムの色","림 색상","颜色","Цвет Контура"
"_RimColorTex","Color / Mask","Textura","Textur","テクスチャ","텍스처","纹理","Цвет / Маска"
"_RimColorTexPan","Panning","Barrido","Bewegung","パンニング","패닝","平移","Прокрутка"
"_RimColorTexUV","UV","UV","UV","UV","UV","UV","UV"
"_RimMainStrength","Main Color Blend","Mezcla con color principal","Hauptfarbmischung","メインカラーブレンド","메인 색상 블렌드","主颜色混合","Смешать Основной Цвет"
"_RimNormalStrength","Normal Strength","Intensidad de normales","Normale Stärke","ノーマルマップ(法線マップ)の強度","노멀 강도","法线强度","Сила Нормали"
"_RimBorder","Border","Borde del contorno","Grenze","境界","경계","边界","Граница"
"_RimBlur","Blur","Desenfoque","Verwischen","ぼかし","블러","模糊","Размытие"
"_RimFresnelPower","Fresnel Power","Potencia de Fresnel","Fresnel-Power","フレネルパワー","프레넬 파워","菲涅尔强度","Мощность Френеля"
"_RimEnableLighting","Enable Lighting","Activar iluminación","Beleuchtung aktivieren","光源を有効にする","조명 활성화","启用光源","Включить Освещение"
"_RimShadowMask","Shadow Mask","Máscara de sombra","Schattenmaske","影マスク","그림자 마스크","阴影遮罩","Маска Тени"
"_RimBackfaceMask","Backface Mask","Máscara de cara trasera","Backface-Maske","背面マスク","뒷면 마스크","背面遮罩","Маска Обратной Стороны"
"_RimVRParallaxStrength","VR Parallax Strength","Intensidad de paralaje en realidad virtual","VR-Parallaxenstärke","VR視差の強さ","VR 시차 강도","VR 视差强度","Сила VR Параллакса"
"_RimDirStrength","Light direction strength","Intensidad por dirección de luz","Lichtrichtungsstärke","光の方向の強さ","빛 방향 강도","光照方向强度","Сила Направленного Освещения"
"_RimDirRange","Direction Light Width","Rango direccional","Breite des Richtungslichts","方向ライト幅","방향성 라이트 너비","方向光宽度","Ширина Направленного Освещения"
"_RimIndirRange","Indirection Light Width","Rango indirecto","Indirekte Lichtbreite","間接光源の幅","간접 라이트 너비","间接光宽度","Ширина Ненаправленного Освещения"
"_RimIndirColor","Indirection Color","Color indirecto","Indirekte Farbe","間接色","간접 색상","间接颜色","Цвет Ненаправленного"
"_RimIndirBorder","Indirection Border","Borde indirecto","Umleitungsgrenze","間接境界","간접 경계","间接边界","Граница Ненаправленного"
"_RimIndirBlur","Indirection Blur","Desenfoque indirecto","Indirektionsunschärfe","間接ぼかし","간접 블러","间接模糊","Размытие Ненаправленного"
"_RimShadowToggle","Light Direction Mask}","<size=13><b>Máscara por dirección de luz </b></size>","<size=13><b>Lichtrichtungsmaske</b></size>","<size=13><b>光の方向マスク</b></size>","<size=13><b>빛 방향 마스크</b></size>","<size=13><b>光照方向遮罩</b></size>","<size=13><b>Маска Направления Света</b></size>"
"_RimShadowMaskRampType","Light Falloff Type","Tipo de rampa","Light-Falloff-Typ","ライト 減衰 タイプ","라이트 감쇠 유형","光照衰减类型","Тип Затухания Освещения"
"_RimShadowMaskInvert","Invert Shadow Mask","Invertir máscara de sombra","Schattenmaske umkehren","影 マスクを反転","그림자 마스크 반전","反转阴影遮罩","Инвертировать Маску Тени"
"_RimShadowMaskStrength","Shadow Mask Strength","Intensidad de la máscara de sombra","Stärke der Schattenmaske","影マスクの強さ","그림자 마스크 강도","阴影遮罩强度","Силдда Маски Тени"
"_RimShadowAlpha","Hide In Shadow","Ocultar en la sombra","Im Schatten verstecken","影で隠れる","그림자에서 숨기기","在阴影中隐藏","Скрыть в Тени"
"_RimShadowWidth","Shrink In Shadow","Reducir en la sombra","Im Schatten schrumpfen","影で縮小","그림자에서 축소","在阴影中收缩","Уменьшить в Тени"
"_RimHueShiftEnabled","Hue Shift","<size=13><b>Cambio de tono </b></size>","<size=13><b>Farbtonverschiebung</b></size>","<size=13><b>ぼかしシフト</b></size>","<size=13><b>색조 시프트</b></size>","<size=13><b>色相偏移</b></size>","<size=13><b>Сдвиг Тона</b></size>"
"_RimHueShiftSpeed","Shift Speed","Velocidad del cambio","Schaltgeschwindigkeit","シフトスピード","시프트 속도","偏移速度","Скорость Сдвига"
"_RimHueShift","Hue Shift","Cambio de tono","Farbtonverschiebung","ぼかしシフト","색조 시프트","色相偏移","Сдвиг Тона"
"m_start_RimAudioLink","Audio Link ♫","AudioLink ♫","Audiolink ♫","オーディオリンク♫","오디오링크 ♫","AudioLink ♫","AudioLink ♫"
"_AudioLinkRimWidthBand","Width Add Band","Banda de ancho del contorno","Breite Band hinzufügen","幅追加バンド","너비 추가 밴드","宽度添加频段","Частота Добавления Ширины"
"_AudioLinkRimWidthAdd","Width Add","Agregar ancho del contorno","Breite hinzufügen","幅追加","너비 추가","宽度添加","Добавочная Ширина"
"_AudioLinkRimEmissionBand","Emission Add Band","Banda de emisión del contorno","Emissionsband hinzufügen","発光追加バンド","방출 추가 밴드","发光添加频段","Частота Добавления Свечения"
"_AudioLinkRimEmissionAdd","Emission Add","Agregar emisión","Emission Add","発光量追加","방출 추가","发光添加","Добавочное Свечение"
"_AudioLinkRimBrightnessBand","Brightness Band","Banda de brillo","Helligkeitsband","明るさバンド","밝기 밴드","亮度频段","Частота Добавления Яркости"
"_AudioLinkRimBrightnessAdd","Brightness Add","Agregar brillo","Helligkeit hinzufügen","明るさの追加","밝기 추가","亮度添加","Добавочная Яркость"
"m_start_rim2LightOptions","Rim Lighting 1","Iluminación del contorno 2","Felgenbeleuchtung 2","リムライティング 2","림 라이팅 2","Rim Light 1 设置","Контурное Освещение 1"
"_EnableRim2Lighting","Enable Rim2 Lighting","Activar iluminación del contorno","Rim2-Beleuchtung aktivieren","リムライティング2を有効にする","림 라이팅 2 활성화","启用Rim2 照明","Включить Контурное Освещение"
"_Rim2Style","Style","Estilo","Stil","スタイル","스타일","风格","Стиль"
"_Rim2Tex","Rim Texture","Textura del contorno","Felgenstruktur","リムの質感","림 텍스처","纹理","Текстура Контура"
"_Rim2TexPan","Panning","Barrido","Bewegung","パンニング","패닝","平移","Прокрутка"
"_Rim2TexUV","UV","UV","UV","UV","UV","UV","UV"
"_Rim2Mask","Mask & Bias","Máscara","Randmaske","リムマスク","림 마스크","Rim遮罩","Маска & Биас"
"_Rim2MaskPan","Panning","Barrido","Bewegung","パンニング","패닝","平移","Прокрутка"
"_Rim2MaskUV","UV","UV","UV","UV","UV","UV","UV"
"_Rim2MaskChannel","Channel","Canal","Kanal","チャンネル","채널","通道","Канал"
"_Rim2GlobalMask","Global Mask","Máscara global","Globale Maske","グローバル マスク","글로벌 마스크","全局遮罩","Глобальная Маска"
"_Rim2GlobalMaskBlendType","Blending","Tipo de mezcla","Mischen","ブレンディング","블렌딩","混合","Смешивание"
"_Is_NormalMapToRim2Light","Normal Strength","Intensidad de normales","Normale Stärke","ノーマルマップ(法線マップ)の強さ","노멀 맵 강도","法线强度","Сила Нормали"
"_Rim2LightingInvert","Invert Rim Lighting","Invertir iluminación de borde","Randbeleuchtung umkehren","リムライティングを反転","림 라이팅 반전","反转Rim","Инвертировать Контур"
"_Rim2LightColor","Color","Color del contorno","Felgenfarbe","リムの色","림 색상","颜色","Цвет"
"_Rim2Width","Width","Ancho del contorno","Felgenbreite","リムの幅","림 너비","宽度","Ширина"
"_Rim2Sharpness","Sharpness","Nitidez del contorno","Felgenschärfe","リムのぼかし","림 선명도","清晰度","Резкость"
"_Rim2Power","Rim Power","Potencia del contorno","Felgenkraft","リムパワー","림 파워","强度","Мощность Контура"
"_Rim2Strength","Emission","Emisión del contorno","Rim-Emission","リムの明るさ","림 방출","发光","Свечение"
"_Rim2BaseColorMix","Mix Base Color","Mezclar color base","Grundfarbe mischen","ベースカラーを混合する","베이스 색상 혼합","混合基色","Смешать Базовый Цвет"
"_Rim2BlendMode","Blend Mode","Modo de mezcla","Mischmodus","ブレンドモード","블렌드 모드","混合模式","Режим Смешивания"
"_Rim2Brightness","Brightness","Brillo","Helligkeit","明るさ","밝기","亮度","Яркость"
"_Rim2BlendStrength","Blend Alpha","Intensidad de la mezcla","Mischungsstärke","ブレンドの強さ","블렌드 강도","混合强度","Смешать Альфу"
"_Rim2Clamp","Clamp","Intensidad de sujeción","Klammerintensität","クランプの強さ","클램프 강도","强度限制 (Clamp)","Ограничение (Clamp)"
"_Rim2ApplyGlobalMaskIndex","Apply to Global Mask","Limitar intensidad (Clamp)","Bewerben Sie sich bei Global Mask","グローバルマスクに適用","글로벌 마스크에 적용","应用到全局遮罩","Применить к Глобальной Маске"
"_Rim2ApplyGlobalMaskBlendType","Blending","Tipo de mezcla","Mischen","ブレンディング","블렌딩","混合类型","Смешивание"
"_Set_Rim2LightMask","Set_RimLightMask","Establecer máscara de la iluminación del cotorno","Set_RimLightMask","リムライトマスクを設定","림 라이트 마스크 설정","设置边缘光遮罩","Установить Маску Контурного Освещения"
"_Tweak_Rim2LightMaskLevel","Tweak_RimLightMaskLevel","Ajuste del nivel de la máscara","Tweak_RimLightMaskLevel","リムライトマスクの微調整","림 라이트 마스크 레벨 조정","微调边缘光遮罩等级","Регулировать Уровень Маски Контурного Освещения"
"_Is_LightColor_Rim2Light","Mix Light Color","Mezclar con color de luz","Lichtfarbe mischen","光源を混ぜる","라이트 색상 혼합","混合光源颜色","Смешать с Цветом Освещения"
"_Rim2Light_Power","Rim Power","Potencia del contorno","Felgenkraft","リムパワー","림 파워","强度","Мощность Контура"
"_Rim2Light_InsideMask","Inside Mask","Máscara interior","Innere Maske","インサイドマスク","내부 마스크","内部遮罩","Внутренняя Маска"
"_Rim2Light_FeatherOff","Feather Off","Desactivar suavizado","Feder ab","フェザーオフ","페더 끄기","关闭模糊",""
"_LightDirection_MaskOn2","Light Direction Mask","<size=13><b>Máscara de dirección de luz </b></size>","<size=13><b>Lichtrichtungsmaske</b></size>","<size=13><b>光の方向マスク</b></size>","<size=13><b>빛 방향 마스크</b></size>","<size=13><b>光照方向遮罩</b></size>","<size=13><b>Маска Направления Освещения</b></size>"
"_Tweak_LightDirection_MaskLevel2","Light Dir Mask Level","Ajuste del nivel de la máscara por dirección de luz","Light Dir-Maskenstufe","ライト方向マスク レベル","라이트 방향 마스크 레벨","光照方向遮罩等级","Уровень Маски Направления Освещения"
"_Add_Antipodean_Rim2Light","<size=13><b>  Antipodean(Ap) Rim</b></size>","<size=13><b>Contorno antipodal (AP) </b></size>","<size=13><b> Antipodean (Ap) Rim</b></size>","<size=13><b>対蹠(Ap)リム</b></size>","<size=13><b>반대편(Ap) 림</b></size>","<size=13><b>对跖点 (Ap) 边缘光</b></size>","<size=13><b>Антиподальный (AP) контур</b></size>"
"_Is_LightColor_Ap_Rim2Light","Ap Light Color Mix","Mezclar con color de luz (AP)","Ap Light Color Mix","APライトカラーを混合する","Ap 라이트 색상 혼합","混合 AP 光照颜色","AP Смешение Цвета Освещения"
"_Ap_Rim2LightColor","Ap Color","Color del contorno (AP)","Ap-Farbe","AP カラー","Ap 색상","AP 颜色","AP Цвет"
"_Ap_Rim2Light_Power","Ap Power","Potencia (AP)","Ap-Leistung","APパワー","Ap 파워","AP 强度","AP Мощность"
"_Ap_Rim2Light_FeatherOff","Ap Feather Off","Desactivar suavizado (AP)","Ap-Feder aus","AP フェザー オフ","Ap 페더 끄기","关闭 AP 模糊",""
"_Rim2Color","Rim Color","Color del contorno","Felgenfarbe","リムの色","림 색상","颜色","Цвет Контура"
"_Rim2ColorTex","Color / Mask","Textura","Textur","テクスチャ","텍스처","纹理","Цвет / Маска"
"_Rim2ColorTexPan","Panning","Barrido","Bewegung","パンニング","패닝","平移","Прокрутка"
"_Rim2ColorTexUV","UV","UV","UV","UV","UV","UV","UV"
"_Rim2MainStrength","Main Color Blend","Mezcla con color principal","Hauptfarbmischung","メインカラーブレンド","메인 색상 블렌드","主颜色混合","Смешать Основной Цвет"
"_Rim2NormalStrength","Normal Strength","Intensidad de normales","Normale Stärke","ノーマルマップ(法線マップ)の強さ","노멀 강도","法线强度","Сила Нормали"
"_Rim2Border","Border","Borde del contorno","Grenze","境界","경계","边界","Граница"
"_Rim2Blur","Blur","Desenfoque","Verwischen","ぼかし","블러","模糊","Размытие"
"_Rim2FresnelPower","Fresnel Power","Potencia de Fresnel","Fresnel-Power","フレネルパワー","프레넬 파워","菲涅尔强度","Мощность Френеля"
"_Rim2EnableLighting","Enable Lighting","Activar iluminación","Beleuchtung aktivieren","光源を有効にする","조명 활성화","启用光源","Включить Освещение"
"_Rim2ShadowMask","Shadow Mask","Máscara de sombra","Schattenmaske","影マスク","그림자 마스크","阴影遮罩","Маска Тени"
"_Rim2BackfaceMask","Backface Mask","Máscara de cara trasera","Backface-Maske","背面マスク","뒷면 마스크","背面遮罩","Маска Обратной Стороны"
"_Rim2VRParallaxStrength","VR Parallax Strength","Intensidad de paralaje en realidad virtual","VR-Parallaxenstärke","VR視差の強さ","VR 시차 강도","VR 视差强度","Сила VR Параллакса"
"_Rim2DirStrength","Light direction strength","Intensidad por dirección de luz","Lichtrichtungsstärke","光の方向の強さ","빛 방향 강도","光照方向强度","Сила Направленного Освещения"
"_Rim2DirRange","Direction Light Width","Rango direccional","Breite des Richtungslichts","方向ライト幅","방향성 라이트 너비","方向光宽度","Ширина Направленного Освещения"
"_Rim2IndirRange","Indirection Light Width","Rango indirecto","Indirekte Lichtbreite","間接光源の幅","간접 라이트 너비","间接光宽度","Ширина Ненаправленного Освещения"
"_Rim2IndirColor","Indirection Color","Color indirecto","Indirekte Farbe","間接色","간접 색상","间接颜色","Цвет Ненаправленного"
"_Rim2IndirBorder","Indirection Border","Borde indirecto","Umleitungsgrenze","間接境界","간접 경계","间接边界","Граница Ненаправленного"
"_Rim2IndirBlur","Indirection Blur","Desenfoque indirecto","Indirektionsunschärfe","間接ぼかし","간접 블러","间接模糊","Размытие Ненаправленного"
"_Rim2ShadowToggle","Light Direction Mask","<size=13><b>Máscara por dirección de luz </b></size>","<size=13><b>Lichtrichtungsmaske</b></size>","<size=13><b>光の方向マスク</b></size>","<size=13><b>빛 방향 마스크</b></size>","<size=13><b>光照方向遮罩</b></size>","<size=13><b>Маска Направления Света</b></size>"
"_Rim2ShadowMaskRampType","Light Falloff Type","Tipo de rampa","Light-Falloff-Typ","ライト 減衰 タイプ","라이트 감쇠 유형","光照衰减类型","Тип Затухания Освещения"
"_Rim2ShadowMaskInvert","Invert Shadow Mask","Invertir máscara de sombra","Schattenmaske umkehren","影 マスクを反転","그림자 마스크 반전","反转阴影遮罩","Инвертировать Маску Тени"
"_Rim2ShadowMaskStrength","Shadow Mask Strength","Intensidad de la máscara de sombra","Stärke der Schattenmaske","影マスクの強さ","그림자 마스크 강도","阴影遮罩强度","Силдда Маски Тени"
"_Rim2ShadowAlpha","Hide In Shadow","Ocultar en la sombra","Im Schatten verstecken","影で隠れる","그림자에서 숨기기","在阴影中隐藏","Скрыть в Тени"
"_Rim2ShadowWidth","Shrink In Shadow","Reducir en la sombra","Im Schatten schrumpfen","影で縮小","그림자에서 축소","在阴影中收缩","Уменьшить в Тени"
"_Rim2HueShiftEnabled","Hue Shift","<size=13><b>Cambio de tono </b></size>","<size=13><b>Farbtonverschiebung</b></size>","<size=13><b>ぼかしシフト</b></size>","<size=13><b>색조 시프트</b></size>","<size=13><b>色相偏移</b></size>","<size=13><b>Сдвиг Тона</b></size>"
"_Rim2HueShiftSpeed","Shift Speed","Velocidad del cambio","Schaltgeschwindigkeit","シフトスピード","시프트 속도","偏移速度","Скорость Сдвига"
"_Rim2HueShift","Hue Shift","Cambio de tono","Farbtonverschiebung","ぼかしシフト","색조 시프트","色相偏移","Сдвиг Тона"
"m_start_Rim2AudioLink","Audio Link ♫","AudioLink ♫","Audiolink ♫","オーディオリンク♫","오디오링크 ♫","AudioLink ♫","AudioLink ♫"
"_AudioLinkRim2WidthBand","Width Add Band","Banda de ancho del contorno","Breite Band hinzufügen","幅追加バンド","너비 추가 밴드","宽度添加频段","Частота Добавления Ширины"
"_AudioLinkRim2WidthAdd","Width Add","Agregar ancho del contorno","Breite hinzufügen","幅追加","너비 추가","宽度添加","Добавочная Ширина"
"_AudioLinkRim2EmissionBand","Emission Add Band","Banda de emisión del contorno","Emissionsband hinzufügen","発光追加バンド","방출 추가 밴드","发光添加频段","Частота Добавления Свечения"
"_AudioLinkRim2EmissionAdd","Emission Add","Agregar emisión","Emission Add","発光量追加","방출 추가","发光添加","Добавочное Свечение"
"_AudioLinkRim2BrightnessBand","Brightness Band","Banda de brillo","Helligkeitsband","明るさバンド","밝기 밴드","亮度频段","Частота Добавления Яркости"
"_AudioLinkRim2BrightnessAdd","Brightness Add","Agregar brillo","Helligkeit hinzufügen","明るさの追加","밝기 추가","亮度添加","Добавочная Яркость"
"m_start_depthRimLightOptions","Depth Rim Lighting","Iluminación del contorno por profundidad","Tiefenrandbeleuchtung","深度 リム ライティング","깊이 림 라이팅","深度Rim Light 设置","Глубина Контурного Освещения"
"_DepthRimNormalToUse","Normal To Use","Normal a usar","Normal zu verwenden","ノーマルマップ(法線マップ)の使用","사용할 노멀","法线使用","Используемая нормаль"
"_DepthRimType","Rim Type","Tipo de contorno","Felgentyp","リムの種類","림 유형","轮廓类型","Тип Контура"
"_DepthRimWidth","Width","Ancho","Breite","幅","너비","宽度","Ширина"
"_DepthRimSharpness","Depth","Nitidez","Tiefe","深さ","깊이","深度","Глубина"
"_DepthRimHideInShadow","Hide In Shadow","Ocultar en la sombra","Im Schatten verstecken","影で隠れる","그림자에서 숨기기","隐藏在阴影中","Скрыть в Тени"
"_DepthRimMixBaseColor","Use Base Color","Mezclar con color base","Verwenden Sie die Grundfarbe","ベースカラーを使用","베이스 색상 사용","使用基色","Использовать Базовый Цвет"
"_DepthRimMixLightColor","Light Color Mix","Mezcla con color de la luz","Helle Farbmischung","光源の色を混合する","라이트 색상 혼합","浅色混合","Смешать с Цветом Освещения"
"_DepthRimColor","Rim Color","Color del contorno","Felgenfarbe","リムの色","림 색상","轮廓颜色","Цвет Контура"
"_DepthRimBrightness","Color Brightness","Brillo","Farbhelligkeit","色の明るさ","색상 밝기","色彩亮度","Яркость Цвета"
"_DepthRimEmission","Emission","Emisión","Emission","発光量","방출량","发光","Свечение"
"_DepthRimReplace","Replace","Reemplazar","Ersetzen","置換","교체","替换","Замена"
"_DepthRimAdd","Add","Agregar","Addieren","追加","추가","添加","Сложение"
"_DepthRimMultiply","Multiply","Multiplicar","Multiplizieren","乗算","곱하기","乘","Умножение"
"_DepthRimAdditiveLighting","Unlit Add","Agregar a la luz","Zum Licht hinzufügen","ライトに追加","라이트에 추가","Unlit Add(无光照叠加)","Сложение (Unlit)"
"m_start_subsurfaceScattering","Subsurface Scattering","Dispersión subsuperficial (SSS)","Untergrundstreuung","サブサーフェス スキャタリング","서브서피스 스캐터링","次表面散射","Подповерхностное рассеивание (SSS)"
"_SubsurfaceScattering","Enable","Activar SSS","Aktivieren","有効","활성화","启用","Включить"
"_SSSColor","Subsurface Color","Color subsuperficial","Untergrundfarbe","サブサーフェス カラー","서브서피스 색상","次表面颜色","Подповерхностный Цвет"
"_SSSThicknessMap","Color & Thickness","Mapa del grosor","DickenTextur","厚さマップ","두께 맵","颜色&厚度","Цвет & Толщина"
"_SSSThicknessMapPan","Panning","Barrido","Bewegung","パンニング","패닝","平移","Прокрутка"
"_SSSThicknessMapUV","UV","UV","UV","UV","UV","UV","UV"
"_SSSThicknessMapChannel","Channel","Canal","Kanal","チャンネル","채널","通道","Канал"
"_SSSThicknessMod","Thickness mod","Modificador del grosor","Dicke mod","厚さ変更","두께 모드","厚度修正","Мод Толщины"
"_SSSStrength","Light Strength","Intensidad de la luz","Lichtstärke","光の強さ","빛 강도","光强度","Сила Освещения"
"_SSSSpread","Light Spread","Dispersión","Lichtausbreitung","光の広がり","빛 확산","光扩散","Рассеивание Освещения"
"_SSSDistortion","Light Distortion","Distorsión","Leichte Verzerrung","歪み","빛 왜곡","光扭曲","Искажение Освещения"
"m_start_brdf","Reflections & Specular","Reflexiones y especulares (PBR)","Reflexionen & Specular","反射と鏡面反射","반사 & 스페큘러","反射 & 高光 (Specular)","Отражения & Блики"
"_MochieBRDF","Enable","Activar PBR","Aktivieren","有効","활성화","启用","Включить"
"_MochieReflectionStrength","Reflection Visibility","Intensidad reflexiva","Reflexionsstärke","反射の強さ","반사 강도","反射强度","Видимость Отражения"
"_MochieSpecularStrength","Specular Visibility","Intensidad especular","Spiegelstärke","鏡面の強さ","스페큘러 강도","高光强度","Видимость Блика"
"_MochieMetallicMultiplier","Metallic","Multiplicador metálico","Metallisch","メタリック","메탈릭","金属度","Металлик"
"_MochieRoughnessMultiplier","Smoothness","Multiplicador de suavidad","Glätte","滑らかさ","부드러움","光滑度","Гладкость"
"_MochieReflectionTint","Reflection Tint","Tinte reflexivo","Reflexionstönung","反射の色合い","반사 틴트","反射色调","Оттенок Отражения"
"_MochieSpecularTint","Specular Tint","Tinte especular","Spiegelnde Tönung","反射光の色調整","스페큘러 틴트","高光色调","Оттенок Блика"
"_MochieMetallicMaps","Packed Maps [Click to Expand]","Mapas PBR","Texturen ]","マップ (展開)","맵 ]","贴图 (展开)","Карты [Нажмите чтобы Развернуть]"
"_MochieMetallicMapsPan","Panning","Barrido","Bewegung","パンニング","패닝","平移","Прокрутка"
"_MochieMetallicMapsUV","UV","UV","UV","UV","UV","UV","UV"
"_MochieMetallicMapsMetallicChannel","Metallic Channel","Canal metálico","Metallischer Kanal","メタリックチャンネル","메탈릭 채널","金属度通道","Канал Металлика"
"_MochieMetallicMapsRoughnessChannel","Smoothness Channel","Canal de suavidad","Glattheitskanal","滑らかさチャンネル","부드러움 채널","光滑度通道","Канал Гладкости"
"_MochieMetallicMapsReflectionMaskChannel","Reflection Mask Channel","Canal de máscara reflexiva","Reflexionsmaskenkanal","反射マスクチャンネル","반사 마스크 채널","反射遮罩通道","Канал Маски Отражения"
"_MochieMetallicMapsSpecularMaskChannel","Specular Mask Channel","Canal de máscara especular","Glanzmaskenkanal","鏡面反射マスクチャンネル","스페큘러 마스크 채널","高光遮罩通道","Канал Маски Блика"
"_MochieMetallicMapInvert","Invert Metallic","Invertir metálico","Metallic umkehren","メタリックを反転","메탈릭 반전","反转金属度","Инвертировать Металлик"
"_MochieRoughnessMapInvert","Invert Smoothness","Invertir suavidad","Glätte umkehren","滑らかさを反転","부드러움 반전","反转光滑度","Инвертировать Гладкость"
"_MochieReflectionMaskInvert","Invert Reflection Mask","Invertir máscara reflexiva","Reflexionsmaske umkehren","反射マスクを反転","반사 마스크 반전","反转反射遮罩","Инвертировать Маску Отражения"
"_MochieSpecularMaskInvert","Invert Specular Mask","Invertir máscara especular","Glanzmaske umkehren","鏡面反射マスクを反転","스페큘러 마스크 반전","反转高光遮罩","Инвертировать Маску Блика"
"_MochieMetallicMapsStochastic","Stochastic Sampling","Muestreo estocástico","Stochastisches Sampling","確率的サンプリング","확률적 샘플링","随机采样","Стохастическая Выборка"
"_PBRSplitMaskSample","Split Mask Sampling","<size=13><b>Muestreo de máscara dividida </b></size>","<size=13><b>Teilungsmasken-Sampling</b></size>","<size=13><b>分割マスク サンプリング</b></size>","<size=13><b>분할 마스크 샘플링</b></size>","<size=13><b>分割遮罩采样</b></size>",""
"_PBRMaskScaleTiling","Tiling/Offset","Mosaico/Desplazamiento","Kacheln/Offset","Tiling/Offset","타일링/오프셋","平铺/偏移","Мозаика/Смещение"
"_MochieMetallicMasksUV","UV","UV","UV","UV","UV","UV","UV"
"_PBRSplitMaskStochastic","Stochastic Sampling","Muestreo estocástico","Stochastisches Sampling","確率的サンプリング","확률적 샘플링","随机采样","Стохастическая Выборка"
"_MochieMetallicMasksPan","Panning","Barrido","Bewegung","パンニング","패닝","平移","Прокрутка"
"_Specular2ndLayer","2nd Specular","<size=13><b>Segunda capa especular </b></size>","<size=13><b> 2. Spiegel</b></size>","<size=13><b> 2 番目の反射光</b></size>","<size=13><b>두 번째 스페큘러</b></size>","<size=13><b>第 2 高光层</b></size>","<size=13><b>Второе Отражение</b></size>"
"_MochieSpecularStrength2","Visibility","Intensidad","Stärke","強さ","강도","强度","Видимость"
"_MochieRoughnessMultiplier2","Smoothness","Suavidad","Glätte","滑らかさ","부드러움","光滑度","Гладкость"
"_MochieReflCube","Cubemap","Mapa cúbico (Cubemap)","Fallback-Cubemap","フォールバック キューブマップ","폴백 큐브맵","后备立方体贴图","Кубическая Карта (CubeMap)"
"_MochieForceFallback","Force Fallback","Forzar respaldo (Fallback)","Rückfall erzwingen","強制フォールバック","강제 폴백","强制后备","Принудительный Fallback"
"_MochieLitFallback","Lit Fallback","Respaldo iluminado","Fallback beleuchtet","点灯フォールバック","라이트 폴백","点亮后备","Подсветка Fallback"
"m_start_brdfadvanced","","Avanzado","Fortschrittlich","高度な設定","고급 설정","高级设置","Расширенные настройки"
"_IgnoreCastedShadows","Ignore Casted Shadows","Ignorar sombras proyectadas","Ignoriere Schlagschatten","投影された影を無視する","투사된 그림자 무시","忽略投影阴影","Игнорировать отбрасываемые тени"
"_PBRNormalSelect","Pixel Normal Mix","Mezcla de las normales de píxeles","Pixel-Normalmischung","ピクセルノーマルを混合する","픽셀 노멀 블렌드","混合像素法线",""
"_RefSpecFresnel","","Reflexión de Fresnel","Fresnel-Reflexion","フレネル反射","프레넬 반사","菲涅尔反射","Отражение Френеля"
"_MochieGSAAEnabled","<size=13><b>  GSAA</b></size>","<size=13><b>Suavizado de bordes geométricos (GSAA) </b></size>","<size=13><b>GSAA</b></size>","<size=13><b>GSAA</b></size>","<size=13><b>GSAA</b></size>","<size=13><b>GSAA (几何高光抗锯齿)</b></size>","<size=13><b>GSAA</b></size>"
"_PoiGSAAVariance","GSAA Variance","Varianza GSAA","GSAA-Varianz","GSAA 差異","GSAA 분산","GSAA 方差",""
"_PoiGSAAThreshold","GSAA Threshold","Umbral GSAA","GSAA-Schwellenwert","GSAA しきい値","GSAA 임계값","GSAA 阈值",""
"_BRDFTPSDepthEnabled","<size=13><b>  TPS Depth Enabled</b></size>","<size=13><b>Máscara de profundidad TPS activada </b></size>","<size=13><b> TPS-Tiefe aktiviert</b></size>","<size=13><b>TPS 深度有効</b></size>","<size=13><b>TPS 깊이 활성화됨</b></size>","<size=13><b>启用 TPS 深度</b></size>",""
"_BRDFTPSReflectionMaskStrength","Reflection Mask Strength","Intensidad de la máscara reflexiva","Stärke der Reflexionsmaske","反射マスクの強さ","반사 마스크 강도","反射遮罩强度",""
"_BRDFTPSSpecularMaskStrength","Specular Mask Strength","Intensidad de la máscara especular","Glanzmaskenstärke","反射光マスクの強さ","스페큘러 마스크 강도","高光遮罩强度",""
"m_start_brdfglobalmask","Global Mask","Máscara global","Globale Maske","グローバル マスク","글로벌 마스크","全局遮罩","Глобальная Маска"
"_MochieReflectionStrengthGlobalMask","Reflection Strength","Intensidad reflexiva","Reflexionsstärke","反射の強さ","반사 강도","反射强度",""
"_MochieReflectionStrengthGlobalMaskBlendType","Blending","Tipo de mezcla","Mischen","ブレンディング","블렌딩","混合类型","Смешивание"
"_MochieSpecularStrengthGlobalMask","Specular Strength","Intensidad especular","Spiegelstärke","鏡面の強さ","스페큘러 강도","高光强度","Сила Отражения"
"_MochieSpecularStrengthGlobalMaskBlendType","Blending","Tipo de mezcla","Mischen","ブレンディング","블렌딩","混合类型","Смешивание"
"m_start_clearCoat","Clear Coat","Capa de barniz (Clear Coat)","Klarlack","クリアコート","클리어 코트","玻璃 (Clear Coat)",""
"_ClearCoatBRDF","Enable","Activar barniz","Aktivieren","有効","활성화","启用","Включить"
"_ClearCoatStrength","ClearCoat Visibility","Intensidad del barniz","ClearCoat-Stärke","クリアコートの強さ","클리어 코트 강도","玻璃强度",""
"_ClearCoatSmoothness","Smoothness","Suavidad","Glätte","滑らかさ","부드러움","光滑度","Гладкость"
"_ClearCoatReflectionStrength","Reflections Visibility","Intensidad reflexiva","Reflexionsstärke","反射の強さ","반사 강도","反射强度",""
"_ClearCoatSpecularStrength","Specular Visibility","Intensidad especular","Spiegelstärke","鏡面の強さ","스페큘러 강도","高光强度",""
"_ClearCoatReflectionTint","Reflection Tint","Tinte reflexivo","Reflexionstönung","反射の色合い","반사 틴트","反射色调",""
"_ClearCoatSpecularTint","Specular Tint","Tinte especular","Spiegelnde Tönung","反射光の色調整","스페큘러 틴트","高光色调",""
"_ClearCoatMaps","Packed Maps [Click to Expand]","Mapas","Texturen ]","マップ (展開)","맵 ]","贴图 (展开)",""
"_ClearCoatMapsPan","Panning","Barrido","Bewegung","パンニング","패닝","平移","Прокрутка"
"_ClearCoatMapsUV","UV","UV","UV","UV","UV","UV","UV"
"_ClearCoatMaskInvert","Invert ClearCoat Mask","Invertir máscara","ClearCoat-Maske umkehren","クリアコートマスクを反転","클리어 코트 마스크 반전","反转玻璃遮罩",""
"_ClearCoatSmoothnessMapInvert","Invert Smoothness","Invertir suavidad","Glätte umkehren","滑らかさを反転","부드러움 반전","反转光滑度",""
"_ClearCoatReflectionMaskInvert","Invert Reflection Mask","Invertir máscara reflexiva","Reflexionsmaske umkehren","反射マスクを反転","반사 마스크 반전","反转反射遮罩",""
"_ClearCoatSpecularMaskInvert","Invert Specular Mask","Invertir máscara especular","Glanzmaske umkehren","鏡面反射マスクを反転","스페큘러 마스크 반전","反转高光遮罩",""
"_ClearCoatMapsStochastic","Stochastic Sampling","Muestreo estocástico","Stochastisches Sampling","確率的サンプリング","확률적 샘플링","随机采样","Стохастическая Выборка"
"_ClearCoatFallback","Fallback Cubemap","Mapa cúbico (Cubemap)","Fallback-Cubemap","フォールバック キューブマップ","폴백 큐브맵","后备立方体贴图",""
"_ClearCoatForceFallback","Force Fallback","Forzar respaldo (Fallback)","Rückfall erzwingen","強制フォールバック","강제 폴백","强制后备",""
"_ClearCoatLitFallback","Lit Fallback","Respaldo iluminado","Fallback beleuchtet","点灯フォールバック","라이트 폴백","点亮后备",""
"m_start_clearcoatadvanced","Advanced","Avanzado","Fortschrittlich","高度な設定","고급 설정","高级设置",""
"_CCIgnoreCastedShadows","Ignore Casted Shadows","Ignorar sombras proyectadas","Ignoriere Schlagschatten","投影された影を無視する","투사된 그림자 무시","忽略投影阴影",""
"_ClearCoatNormalSelect","Pixel Normal Mix","Mezcla de las normales de píxeles","Pixel-Normalmischung","ピクセルノーマルを混合する","픽셀 노멀 블렌드","混合像素法线",""
"_ClearcoatFresnel","Fresnel Strength","Reflexión de Fresnel","Fresnel-Reflexion","フレネル反射","프레넬 반사","菲涅尔反射",""
"_ClearCoatGSAAEnabled","<size=13><b>  GSAA</b></size>","<size=13><b>Suavizado de bordes geométricos (GSAA) </b></size>","<size=13><b>GSAA</b></size>","<size=13><b>GSAA</b></size>","<size=13><b>GSAA</b></size>","<size=13><b>GSAA</b></size>",""
"_ClearCoatGSAAVariance","GSAA Variance","Varianza GSAA","GSAA-Varianz","GSAA 差異","GSAA 분산","GSAA 方差",""
"_ClearCoatGSAAThreshold","GSAA Threshold","Umbral GSAA","GSAA-Schwellenwert","GSAA しきい値","GSAA 임계값","GSAA 阈值",""
"_ClearCoatTPSDepthMaskEnabled","TPS Depth Enabled","<size=13><b>Máscara de profundidad TPS activada </b></size>","<size=13><b> TPS-Tiefe aktiviert</b></size>","<size=13><b>TPS 深度有効</b></size>","<size=13><b>TPS 깊이 활성화됨</b></size>","<size=13><b>启用 TPS 深度</b></size>",""
"_ClearCoatTPSMaskStrength","Mask Strength}","Intensidad de la máscara","Maskenstärke","マスクの強さ","마스크 강도","遮罩强度",""
"m_start_clearcoatglobalmask","Global Mask","Máscara global","Globale Maske","グローバル マスク","글로벌 마스크","全局遮罩","Глобальная Маска"
"_ClearCoatReflectionStrengthGlobalMask","Reflection Strength","Intensidad reflexiva","Reflexionsstärke","反射の強さ","반사 강도","反射强度",""
"_ClearCoatReflectionStrengthGlobalMaskBlendType","Blending","Tipo de mezcla","Mischen","ブレンディング","블렌딩","混合类型","Смешивание"
"_ClearCoatSpecularStrengthGlobalMask","Specular Strength","Intensidad especular","Spiegelstärke","鏡面の強さ","스페큘러 강도","高光强度",""
"_ClearCoatSpecularStrengthGlobalMaskBlendType","Blending","Tipo de mezcla","Mischen","ブレンディング","블렌딩","混合类型","Смешивание"
"m_start_reflectionRim","Environmental Rim","Contorno ambiental","Umgebungsrand","環境リム","환경 림","环境Rim 设置",""
"_EnableEnvironmentalRim","Enable","Activar contorno ambiental","Aktivieren","有効","활성화","启用","Включить"
"_RimEnviroMask","Mask","Máscara","Maske","マスク","마스크","遮罩","Маска"
"_RimEnviroMaskPan","Panning","Barrido","Bewegung","パンニング","패닝","平移","Прокрутка"
"_RimEnviroMaskUV","UV","UV","UV","UV","UV","UV","UV"
"_RimEnviroChannel","Channel","Canal","Kanal","チャンネル","채널","通道","Канал"
"_RimEnviroBlur","Blur","Desenfoque","Verwischen","ぼかし","블러","模糊","Размытие"
"_RimEnviroWidth","Rim Width","Ancho del contorno ambiental","Felgenbreite","リムの幅","림 너비","宽度",""
"_RimEnviroSharpness","Rim Sharpness","Nitidez del contorno ambiental","Felgenschärfe","リムのぼかし","림 선명도","清晰度",""
"_RimEnviroMinBrightness","Min Brightness Threshold","Umbral de brillo mínimo","Min. Helligkeitsschwelle","明るさの下限しきい値","최소 밝기 임계값","最小亮度阈值",""
"_RimEnviroIntensity","Intensity","Intensidad","Intensität","明るさ","강도","亮度","Интенсивность"
"m_start_stylizedSpec","Stylized Reflections","Especular estilizado","Stilisierte Spiegelung","定型化された鏡面反射光","스타일화된 스페큘러","风格化镜面反射& 高光",""
"_StylizedSpecular","Enable","Activar especular estilizado","Aktivieren","有効","활성화","启用","Включить"
"_HighColor_Tex","Specular Map","Mapa especular","Spiegelnde Textur","反射光 マップ","스페큘러 맵","高光贴图",""
"_HighColor_TexPan","Panning","Barrido","Bewegung","パンニング","패닝","平移","Прокрутка"
"_HighColor_TexUV","UV","UV","UV","UV","UV","UV","UV"
"_HighColor","Tint","Tinte","Farbton","色合い","틴트","色调","Оттенок"
"_Set_HighColorMask","Mask","Máscara","Maske","マスク","마스크","遮罩","Маска"
"_Set_HighColorMaskPan","Panning","Barrido","Bewegung","パンニング","패닝","平移","Прокрутка"
"_Set_HighColorMaskUV","UV","UV","UV","UV","UV","UV","UV"
"_Set_HighColorMaskChannel","Channel","Canal","Kanal","チャンネル","채널","通道","Канал"
"_Tweak_HighColorMaskLevel","Mask Level","Ajuste del nivel de la máscara","Maskenebene","マスクレベル","마스크 레벨","遮罩等级","Уровень Маски"
"_Is_SpecularToHighColor","Specular Mode","Mezclar con color","Specular-Modus","鏡面モード","스페큘러 모드","高光模式","Режим Отражения"
"_Is_BlendAddToHiColor","Color Blend Mode","Tipo de mezcla añadida al color","Farbmischmodus","カラーブレンドモード","색상 블렌드 모드","颜色混合模式","Режим Смешивания Цвета"
"_StylizedSpecularStrength","Strength","Intensidad","Stärke","強さ","강도","强度","Сила"
"_UseLightColor","Use Light Color","Usar color de la luz","Verwenden Sie helle Farbe","光源を使用","라이트 색상 사용","使用光源","Использовать Цвет Освещения"
"_SSIgnoreCastedShadows","Ignore Casted Shadows","Ignorar sombras proyectadas","Ignoriere Schlagschatten","投影された影を無視する","투사된 그림자 무시","忽略投影阴影","Игнорировать отбрасываемые тени"
"_HighColor_Power","Size","Tamaño de la capa 1","Größe","サイズ","크기","尺寸","Размер"
"_StylizedSpecularFeather","Feather","Suavizado de la capa 1","Feder","フェザー","페더","模糊",""
"_Layer1Strength","Strength","Intensidad de la capa 1","Stärke","強さ","강도","强度","Сила"
"_Layer2Size","Size","Tamaño de la capa 2","Größe","サイズ","크기","尺寸","Размер"
"_StylizedSpecular2Feather","Feather","Suavizado de la capa 2","Feder","フェザー","페더","模糊",""
"_Layer2Strength","Strength","Intensidad de la capa 2","Stärke","強さ","강도","强度","Сила"
"m_start_backlight","Backlight","Contraluz","Hintergrundbeleuchtung","バックライト","백라이트","背光灯 (Backlight)",""
"_BacklightEnabled","Backlight Enabled","Activar contraluz","Hintergrundbeleuchtung aktiviert","バックライト有効","백라이트 활성화됨","启用背光",""
"_BacklightColor","Color","Color","Farbe","色","색상","颜色","Цвет"
"_BacklightColorTex","Texture","Textura","Textur","テクスチャ","텍스처","纹理","Текстура"
"_BacklightColorTexPan","Panning","Barrido","Bewegung","パンニング","패닝","平移","Прокрутка"
"_BacklightColorTexUV","UV","UV","UV","UV","UV","UV","UV"
"_BacklightMainStrength","Main Color Blend","Mezcla del color principal","Hauptfarbmischung","メインカラーブレンド","메인 색상 블렌드","主颜色混合","Смешать Основной Цвет"
"_BacklightNormalStrength","Normal Strength","Intensidad de las normales","Normale Stärke","ノーマルマップ(法線マップ)の強さ","노멀 강도","法线强度","Сила Нормали"
"_BacklightBorder","Border","Borde","Grenze","境界","경계","边界","Граница"
"_BacklightBlur","Blur","Desenfoque","Verwischen","ぼかし","블러","模糊","Размытие"
"_BacklightDirectivity","Directivity","Directividad","Richtwirkung","指向性","지향성","指向性",""
"_BacklightViewStrength","View direction strength","Ver intensidad de la dirección","Richtungsstärke anzeigen","指向性の強さ","시야 방향 강도","指向强度",""
"_BacklightReceiveShadow","Receive Shadow","Recibir sombra","Erhalte Schatten","投影を適用する","그림자 받기","应用投影",""
"_BacklightBackfaceMask","Backface Mask","Máscara de cara trasera","Backface-Maske","背面マスク","뒷면 마스크","背面遮罩",""
"m_OutlineCategory","Outlines","Contornos","Umrisse","輪郭線 (アウトライン)","윤곽선","描边 (Outlines)",""
"_EnableOutlines","Enable Outlines","Activar contornos","Konturen aktivieren","輪郭線を有効にする","윤곽선 활성화","启用描边",""
"_OutlineExpansionMode","Mode","Modo","Modus","モード","모드","模式","Режим"
"_OutlineSpace","Space","Espacio","Raum","スペース","공간","空间",""
"_LineWidth","Outline Size","Tamaño del contorno","Umrissgröße","輪郭線サイズ","윤곽선 크기","描边尺寸",""
"_OutlineMask","Outline Size Mask","Máscara del tamaño del contorno","Umrissgrößenmaske","輪郭線 サイズ マスク","윤곽선 크기 마스크","描边尺寸遮罩",""
"_LineColor","Color","Color","Farbe","色","색상","颜色","Цвет"
"_OutlineTexture","Outline Texture","Textura del contorno","Umriss-Textur","輪郭線 テクスチャ","윤곽선 텍스처","描边纹理",""
"_OutlineTexturePan","Outline Texture Pan","Barrido de la textura","Umriss-Textur-Pfanne","輪郭線 テクスチャ パン","윤곽선 텍스처 팬","描边纹理平移",""
"_OutlineTextureUV","UV","UV de la textura","UV","UV","UV","UV","UV"
"_OutlineMaskPan","Panning","Barrido","Bewegung","パンニング","패닝","平移","Прокрутка"
"_OutlineMaskUV","UV","UV","UV","UV","UV","UV","UV"
"_OutlineMaskChannel","Channel","Canal","Kanal","チャンネル","채널","通道","Канал"
"_OutlineTintMix","MainTex blend","Mezcla de la textura principal","MainTex Mixin","MainTex ミックス","MainTex 혼합","MainTex 混合",""
"_PoiUTSStyleOutlineBlend","UTS2 style Blend","Mezcla del estilo UTS2","UTS2-Stilmix","UTS2 スタイルで混合する","UTS2 스타일 블렌드","使用 UTS2 风格混合",""
"_OutlineRimLightBlend","Rim Light Blend","Mezcla de luz de llanta","Randhelle Mischung","リムライトブレンド","림 라이트 블렌드","边缘光混合",""
"_OutlinePersonaDirection","Directional Offset","Desplazamiento direccional","Richtungsoffset","方向オフセット","방향 오프셋","方向偏移",""
"_OutlineDropShadowOffset","Drop Direction","Dirección de caída","Drop-Richtung","ドロップ方向","드롭 방향","投影方向",""
"_OutlineEmission","Outline Emission","Emisión del contorno","Umriss-Emission","輪郭線 発光量","윤곽선 방출","描边发光量",""
"_OutlineLit","Enable Lighting","<size=13><b>Activar iluminación </b></size>","<size=13><b>Beleuchtung aktivieren</b></size>","<size=13><b>光源を有効にする</b></size>","<size=13><b>조명 활성화</b></size>","<size=13><b>启用光源</b></size>",""
"_OutlineShadowStrength","Shadow Strength","Intensidad de la sombra","Schattenstärke","影の強さ","그림자 강도","阴影强度",""
"_OutlineFixedSize","Fixed Size","<size=13><b>Tamaño fijo </b></size>","<size=13><b>Feste Größe</b></size>","<size=13><b>固定サイズ</b></size>","<size=13><b>고정 크기</b></size>","<size=13><b>固定尺寸</b></size>",""
"_OutlinesMaxDistance","Fixed Size Max Distance","Distancia máxima del tamaño fijo","Maximale Entfernung mit fester Größe","固定サイズの最大距離","고정 크기 최대 거리","固定尺寸最大距离",""
"_OutlineHueShift","Color Adjust","<size=13><b>Cambio de tono </b></size>","<size=13><b>Farbtonverschiebung</b></size>","<size=13><b>ぼかしシフト</b></size>","<size=13><b>색조 시프트</b></size>","<size=13><b>色相偏移</b></size>","<size=13><b>Коррекция Цвета</b></size>"
"_OutlineHueOffset","","Desplazamiento del tono","Schicht","シフト","시프트","偏移",""
"_OutlineHueOffsetSpeed","Shift Speed","Velocidad del desplazamiento","Schaltgeschwindigkeit","シフトスピード","시프트 속도","偏移速度","Скорость Сдвига"
"_OutlineAlphaDistanceFade","Distance Alpha","<size=13><b>Suavizado alfa respecto a la distancia </b></size>","<size=13><b> Abstand Alpha</b></size>","<size=13><b>距離アルファ</b></size>","<size=13><b>거리 알파</b></size>","<size=13><b>距离 Alpha</b></size>",""
"_OutlineAlphaDistanceFadeType","Pos To Use","Posición a usar","Zu verwendende Position","使用する位置","사용할 위치","使用位置","Использовать Позицию"
"_OutlineAlphaDistanceFadeMinAlpha","Min Distance Alpha","Alfa de distancia mínima","Mindestabstand Alpha","最小距離アルファ","최소 거리 알파","最小距离 Alpha",""
"_OutlineAlphaDistanceFadeMaxAlpha","Max Distance Alpha","Alfa de distancia máxima","Maximale Entfernung Alpha","最大距離アルファ","최대 거리 알파","最大距离 Alpha",""
"_OutlineAlphaDistanceFadeMin","Min Distance","Distancia mínima","Mindestabstand","最小距離","최소 거리","最小距离","Мин. Расстояние"
"_OutlineAlphaDistanceFadeMax","Max Distance","Distancia máxima","Maximale Entfernung","最大距離","최대 거리","最大距离","Макс. Расстояние"
"m_start_outlineAdvanced","Advanced","Avanzado","Fortschrittlich","高度な設定","고급 설정","高级设置",""
"_OutlineUseVertexColorNormals","Vertex Color Normals","Normales de color de vértices","Scheitelpunkt-Farbnormalen","頂点カラーノーマル(法線)","버텍스 색상 노멀","顶点颜色法线",""
"_OutlineVertexColorMask","Vertex Color Mask","Máscara de color de vértices","Vertex-Farbmaske","頂点カラー マスク","버텍스 색상 마스크","顶点颜色遮罩",""
"_OutlineVertexColorMaskStrength","VC Mask Strength","Intensidad de la máscara","Stärke der VC-Maske","VC マスクの強さ","VC 마스크 강도","VC 遮罩强度",""
"_OutlineClipAtZeroWidth","Clip 0 Width","Recorte del cotorno a ancho cero","Clip 0 Breite","クリップ 0 幅","너비 0에서 클립","裁剪 0 宽度",""
"_OutlineOverrideAlpha","Override Base Alpha","Anular el alfa base","Basis-Alpha überschreiben","ベースアルファを無視する","베이스 알파 덮어쓰기","覆盖基础 Alpha",""
"_Offset_Z","Overall Strength","Desplazamiento de la profundidad Z","Nocken Z-Offset","カム Z オフセット","캠 Z 오프셋","Z 轴偏移",""
"_OutlineCull","Cull","Descarte de caras (Cull)","Pflücken","Cull (描画面)","컬링","剔除 (描绘面)",""
"_OutlineZTest","ZTest","Prueba de profundidad (ZTest)","ZTest","Z Test","Z 테스트","Z 测试",""
"m_start_OutlineAudioLink","Audio Link ♫","AudioLink ♫","Audiolink ♫","オーディオリンク♫","오디오링크 ♫","AudioLink ♫","AudioLink ♫"
"_AudioLinkOutlineSizeBand","Size Band","Banda del tamaño","Größenband","サイズバンド","크기 밴드","尺寸频段",""
"_AudioLinkOutlineSize","Size Mod","Modificador del tamaño","Größenmod","サイズ変更","크기 모드","尺寸调节",""
"_AudioLinkOutlineEmissionBand","Emission Band","Banda de emisión","Emissionsband","発光バンド","방출 밴드","发光频段",""
"_AudioLinkOutlineEmission","Emission Mod","Modificador de emisión","Emissionsmod","発光モッド","방출 모드","发光调节",""
"m_specialFXCategory","Special FX","Efectos especiales","Spezialeffekte","特殊FX","특수 효과","特殊效果",""
"m_start_udimdiscardOptions","UV Tile Discard","Opciones de descarte de teselas UV (UDIM)","UV-Kacheln verwerfen","UVの破棄","UV 타일 버리기","UV Tile 替换",""
"_EnableUDIMDiscardOptions","Enable UDIM Discard Options","Activar opciones de descarte UDIM","Aktivieren Sie die UDIM-Verwerfungsoptionen","UDIM 破棄オプションを有効にする","UDIM 버리기 옵션 활성화","启用 UDIM 替换选项",""
"_UDIMDiscardHelpbox","UV Tile Discard requires special model setup. Place object UVs on different UV Tiles.","El descarte de teselas UV requiere una configuración de modelo especial. Coloque el objeto UV en diferentes teselas UV.","UV Tile Discard erfordert eine spezielle Modellkonfiguration. Platzieren Sie Objekt-UVs auf verschiedenen UV-Kacheln.","UV タイルの破棄には、特別なモデルのセットアップが必要です。オブジェクト UV を異なる UV タイルに配置します。","UV 타일 버리기는 특수 모델 설정이 필요합니다. 객체 UV를 다른 UV 타일에 배치하십시오.","UV Tile 替换需要特殊的模型设置。将对象 UV 放置在不同的 UV Tile 上。",""
"_UDIMDiscardUV","Discard UV","Descarte UV","UV verwerfen","破棄するUV","버릴 UV","替换的 UV",""
"_UDIMDiscardMode","Discard Mode","Modo de descarte","Verwerfungsmodus","破棄モード","버리기 모드","替换模式",""
"m_start_DepthBulge","Depth Bulge","Abultamiento por profundidad","Tiefe Wölbung","深度バルジ","깊이 벌지","深度膨胀",""
"_EnableDepthBulge","Bulge","Activar abultamiento","Ausbuchtung","バルジ","벌지","膨胀",""
"_DepthBulgeWarning","Depth Bulge doesn't write to depth. Which can break certain transparent effects like custom fog and raymarching.","El abultamiento por profundidad no escribe en el búfer de profundidad. Esto puede romper ciertos efectos de transparencia como la niebla personalizada y el trazado de rayos (raymarching)","Depth FX schreibt nicht in die Tiefe was bestimmte transparente Effekte wie benutzerdefinierten Nebel und Raymarching beeinträchtigen kann.","バルジは深度に書き込みません。","깊이 FX는 깊이에 쓰지 않으므로 사용자 정의 안개 및 레이마칭과 같은 특정 투명 효과에 영향을 줄 수 있습니다","深度膨胀不写入深度。",""
"_DepthBulgeMask","Bulge Mask","Máscara","Ausbuchtungsmaske","バルジマスク","벌지 마스크","膨胀遮罩",""
"_DepthBulgeMaskUV","UV","UV","UV","UV","UV","UV","UV"
"_DepthBulgeMaskChannel","Channel","Canal","Kanal","チャンネル","채널","通道","Канал"
"_DepthBulgeFadeLength","Touch Distance","Distancia de toque","Berühren Sie Distanz","接触距離","접촉 거리","接触距离",""
"_DepthBulgeHeight","Bulge Height","Altura del bulto","Wölbungshöhe","バルジの高さ","벌지 높이","膨胀高度",""
"m_start_dissolve","Dissolve","Disolver","Sich auflösen","ディゾルブ","디졸브","溶解 (Dissolve)",""
"_EnableDissolve","Enable Dissolve","Activar disolver","Auflösen aktivieren","ディゾルブを有効にする","디졸브 활성화","启用溶解",""
"_DissolveType","Dissolve Type","Tipo de disolución","Typ auflösen","ディゾルブタイプ","디졸브 유형","溶解类型",""
"_DissolveEdgeWidth","Edge Width","Ancho del borde","Kantenbreite","エッジ幅","가장자리 너비","边缘宽度",""
"_DissolveEdgeHardness","Edge Hardness","Dureza del borde","Kantenhärte","エッジの鮮明さ","가장자리 경도","边缘清晰度",""
"_DissolveEdgeColor","Edge Color","Color del borde","Kantenfarbe","エッジの色","가장자리 색상","边缘颜色",""
"_DissolveEdgeGradient","Edge Gradient","Gradiente del borde","Kantenverlauf","エッジグラデーション","가장자리 그라데이션","边缘渐变",""
"_DissolveEdgeEmission","Edge Emission","Emisión del borde","Kantenemission","エッジの発光","가장자리 방출","边缘发光",""
"_DissolveTextureColor","Dissolved Color","Color disuelto","Gelöste Farbe","ディゾルブの色","디졸브된 색상","溶解颜色",""
"_DissolveToTexture","Dissolved Texture","Textura disuelta","Aufgelöste Textur","ディゾルブテクスチャー","디졸브된 텍스처","溶解纹理",""
"_DissolveToTexturePan","Panning","Barrido","Bewegung","パンニング","패닝","平移","Прокрутка"
"_DissolveToTextureUV","UV","UV","UV","UV","UV","UV","UV"
"_DissolveToEmissionStrength","Dissolved Emission Strength","Intensidad de la emisión disuelta","Gelöste Emissionsstärke","ディゾルブの発光の強さ","디졸브된 방출 강도","溶解发光强度",""
"_DissolveNoiseTexture","Dissolve Gradient","Gradiente de disolución","Farbverlauf auflösen","グラデーションをディゾルブ","디졸브 노이즈 텍스처","溶解渐变",""
"_DissolveNoiseTexturePan","Panning","Barrido","Bewegung","パンニング","패닝","平移","Прокрутка"
"_DissolveNoiseTextureUV","UV","UV","UV","UV","UV","UV","UV"
"_DissolveInvertNoise","Invert","Invertir","Umkehren","反転","반전","反转","Инвертировать"
"_DissolveDetailNoise","Dissolve Noise","Ruido de disolución","Rauschen auflösen","ディゾルブノイズ","디졸브 디테일 노이즈","溶解噪声",""
"_DissolveDetailNoisePan","Panning","Barrido","Bewegung","パンニング","패닝","平移","Прокрутка"
"_DissolveDetailNoiseUV","UV","UV","UV","UV","UV","UV","UV"
"_DissolveInvertDetailNoise","Invert","Invertir","Umkehren","反転","반전","反转","Инвертировать"
"_DissolveDetailEdgeSmoothing","Detail Noise Smoothing","Suavizado del ruido","Detailrauschen glätten","ディテール ノイズ スムージング","디테일 노이즈 스무딩","细节噪声平滑",""
"_DissolveDetailStrength","Dissolve Detail Strength","Intensidad de la disolución","Detailstärke auflösen","ディゾルブ ディティール強度","디졸브 디테일 강도","溶解细节强度",""
"_DissolveAlpha","Dissolve Alpha","Alfa de disolución","Alpha auflösen","ディゾルブアルファ","디졸브 알파","溶解 Alpha",""
"_DissolveMask","Dissolve Mask","Máscara de disolución","Maske auflösen","ディゾルブマスク","디졸브 마스크","溶解遮罩",""
"_DissolveMaskPan","Panning","Barrido","Bewegung","パンニング","패닝","平移","Прокрутка"
"_DissolveMaskUV","UV","UV","UV","UV","UV","UV","UV"
"_DissolveMaskGlobalMask","Global Mask","Máscara global","Globale Maske","グローバル マスク","글로벌 마스크","全局遮罩","Глобальная Маска"
"_DissolveMaskGlobalMaskBlendType","Blending","Tipo de mezcla","Mischen","ブレンディング","블렌딩","混合类型","Смешивание"
"_DissolveUseVertexColors","VertexColor Mask","Máscara para colores de vértices","VertexColor.g-Maske","頂点カラー.g マスク","버텍스 색상.g 마스크","顶点颜色.g 遮罩",""
"_DissolveMaskInvert","Invert","Invertir","Umkehren","反転","반전","反转","Инвертировать"
"_ContinuousDissolve","Continuous Dissolve Speed","Velocidad de disolución continua","Kontinuierliche Auflösungsgeschwindigkeit","連続ディゾルブ速度","연속 디졸브 속도","连续溶解速度",""
"_EnableDissolveAudioLink","Dissolve AudioLink Enabled","<size=13><b>AudioLink </b></size>","<size=13><b>Audiolink</b></size>","<size=13><b>オーディオリンク</b></size>","<size=13><b>오디오링크</b></size>","<size=13><b>AudioLink</b></size>",""
"_AudioLinkDissolveAlphaBand","Dissolve Alpha Band","Banda alfa de disolución","Alpha-Band auflösen","アルファバンドをディゾルブ","디졸브 알파 밴드","溶解 Alpha 频段",""
"_AudioLinkDissolveAlpha","Dissolve Alpha Mod","Modificador alfa","Alpha-Mod auflösen","アルファモッドを解体","디졸브 알파 모드","溶解 Alpha 调节",""
"_AudioLinkDissolveDetailBand","Dissolve Detail Band","Banda de detalles de disolución","Detailband auflösen","ディゾルブ ディテール バンド","디졸브 디테일 밴드","溶解细节频段",""
"_AudioLinkDissolveDetail","Dissolve Detail Mod","Modificador de detalles","Details auflösen Mod","ディゾルブディテール Mod","디졸브 디테일 모드","溶解细节调节",""
"m_start_SphericalDissolve","Spherical","Disolución esférica","Sphärisch","球状","구형","球形",""
"_SphericalDissolveCenter","Center Point","Punto central","Mittelpunkt","中心点","중심점","中心点",""
"_SphericalDissolveRadius","Radius","Radio","Radius","半径","반경","半径",""
"_SphericalDissolveInvert","Invert","Invertir","Umkehren","反転","반전","反转","Инвертировать"
"_SphericalDissolveClamp","Clamp Dissolve","Limitar disolución (Clamp)","Klammer auflösen","クランプディゾルブ","디졸브 클램프","钳制溶解",""
"m_start_pointToPoint","Point to Point","Punto a punto","Punkt zu Punkt","ポイントからポイントへ","점 대 점","点对点",""
"_DissolveP2PWorldLocal","World/Local","Global/Local","Welt/Lokal","ワールド/ローカル","월드/로컬","世界/本地",""
"_DissolveP2PEdgeLength","Edge Length","Longitud del borde","Kantenlänge","辺の長さ","가장자리 길이","边长",""
"_DissolveStartPoint","Start Point","Punto inicial","Startpunkt","開始地点","시작점","开始点",""
"_DissolveEndPoint","End Point","Punto final","Endpunkt","終点","끝점","结束点",""
"_DissolveP2PClamp","Clamp Dissolve","Limitar disolución (Clamp)","Klammer auflösen","クランプディゾルブ","디졸브 클램프","钳制溶解",""
"m_start_CenterOutDissolve","CenterOut","Disolución centrada","CenterOut","センターアウト","센터 아웃","中心向外 (CenterOut)",""
"_CenterOutDissolveMode","CenterOut Mode","Modo","CenterOut-Modus","センターアウト モード","센터 아웃 모드","中心向外模式",""
"_CenterOutDissolveDirection","Custom Direction","Dirección personalizada","Benutzerdefinierte Richtung","カスタム方向","사용자 정의 방향","自定义方向",""
"_CenterOutDissolveInvert","Invert","Invertir","Umkehren","反転","반전","反转","Инвертировать"
"_CenterOutDissolveNormals","Use Pixel Normals","Usar normales de píxeles","Verwenden Sie Pixelnormalen","ピクセルノーマル(法線)を使用","픽셀 노멀 사용","使用像素法线",""
"_CenterOutDissolvePower","Power","Intensidad","Leistung","力","파워","力度","Мощность"
"m_start_dissolveHueShift","Hue Shift","Cambio de tono","Farbtonverschiebung","ぼかしシフト","색조 시프트","色相偏移","Сдвиг Тона"
"_DissolveHueShiftEnabled","Dissolved Enabled","Cambio de tono activado","Aufgelöst aktiviert","ディゾルブの有効化","디졸브 활성화","启用溶解",""
"_DissolveHueShiftSpeed","Dissolved Speed","Velocidad del cambio disuelto","Aufgelöste Geschwindigkeit","ディゾルブ速度","디졸브 속도","溶解速度",""
"_DissolveHueShift","Dissolved Shift","Cambio de tono disuelto","Aufgelöste Schicht","ディゾルブシフト","디졸브 시프트","溶解偏移",""
"_DissolveEdgeHueShiftEnabled","Edge Enabled","Cambio de tono del borde activado","Kante aktiviert","エッジの有効化","가장자리 활성화","启用边缘",""
"_DissolveEdgeHueShiftSpeed","Edge Speed","Velocidad del cambio del borde","Kantengeschwindigkeit","エッジスピード","가장자리 속도","边缘速度",""
"_DissolveEdgeHueShift","Edge Shift","Cambio de tono del borde","Kantenverschiebung","エッジシフト","가장자리 시프트","边缘偏移",""
"m_start_UVTileDissolve","UV Tile Dissolve","Disolución de teselas UV","UV-Fliese auflösen","UV タイル ディゾルブ","UV 타일 디졸브","UV Tile 溶解",""
"_UVTileDissolveEnabled","Enabled","Activado","Ermöglicht","有効","활성화됨","启用","Включено"
"_UVTileDissolveUV","UV Tile UV","UV de teselas UV","UV Kachel UV","UVタイル","UV 타일 UV","UV Tile UV","UV Tile UV"
"_UVTileDissolveDiscardAtMax","Discard Tiles at Max","Descartar teselas al máximo","Wirf Kacheln bei max","最大でタイルを破棄","최대에서 타일 버리기","最大时替换 Tile","Отбрасывать плитки при максимуме"
"m_start_UVTileDissolveRow3","Row 3 Alpha","Alfa de la fila 3","Zeile 3 Alpha","3行目 アルファ","3행 알파","行 3 Alpha","Строка 3 Альфа"
"_UVTileDissolveAlpha_Row3_0","Row 3 Column 0","Fila 3 columna 0","Zeile 3 Spalte 0","3行目 列 0","3행 0열","行 3 列 0","Строка 3 Колонка 0"
"_UVTileDissolveAlpha_Row3_1","Row 3 Column 1","Fila 3 columna 1","Zeile 3 Spalte 1","3行目 列 1","3행 1열","行 3 列 1","Строка 3 Колонка 1"
"_UVTileDissolveAlpha_Row3_2","Row 3 Column 2","Fila 3 columna 2","Zeile 3 Spalte 2","3行目 列 2","3행 2열","行 3 列 2","Строка 3 Колонка 2"
"_UVTileDissolveAlpha_Row3_3","Row 3 Column 3","Fila 3 columna 3","Zeile 3 Spalte 3","3行目 列 3","3행 3열","行 3 列 3","Строка 3 Колонка 3"
"m_start_UVTileDissolveRow2","Row 2 Alpha","Alfa de la fila 2","Zeile 2 Alpha","2行目 アルファ","2행 알파","行 2 Alpha","Строка 2 Альфа"
"_UVTileDissolveAlpha_Row2_0","Row 2 Column 0","Fila 2 columna 0","Zeile 2 Spalte 0","2行目 列 0","2행 0열","行 2 列 0","Строка 2 Колонка 0"
"_UVTileDissolveAlpha_Row2_1","Row 2 Column 1","Fila 2 columna 1","Zeile 2 Spalte 1","2行目 列 1","2행 1열","行 2 列 1","Строка 2 Колонка 1"
"_UVTileDissolveAlpha_Row2_2","Row 2 Column 2","Fila 2 columna 2","Zeile 2 Spalte 2","2行目 列 2","2행 2열","行 2 列 2","Строка 2 Колонка 2"
"_UVTileDissolveAlpha_Row2_3","Row 2 Column 3","Fila 2 columna 3","Zeile 2 Spalte 3","2行目 列 3","2행 3열","行 2 列 3","Строка 2 Колонка 3"
"m_start_UVTileDissolveRow1","Row 1 Alpha","Alfa de la fila 1","Zeile 1 Alpha","1行目 アルファ","1행 알파","行 1 Alpha","Строка 1 Альфа"
"_UVTileDissolveAlpha_Row1_0","Row 1 Column 0","Fila 1 Columna 0","Zeile 1 Spalte 0","1行目 列 0","1행 0열","行 1 列 0","Строка 1 Колонка 0"
"_UVTileDissolveAlpha_Row1_1","Row 1 Column 1","Fila 1 columna 1","Zeile 1 Spalte 1","1行目 列 1","1행 1열","行 1 列 1","Строка 1 Колонка 1"
"_UVTileDissolveAlpha_Row1_2","Row 1 Column 2","Fila 1 columna 2","Zeile 1 Spalte 2","1行目 列 2","1행 2열","行 1 列 2","Строка 1 Колонка 2"
"_UVTileDissolveAlpha_Row1_3","Row 1 Column 3","Fila 1 columna 3","Zeile 1 Spalte 3","1行目 列 3","1행 3열","行 1 列 3","Строка 1 Колонка 3"
"m_start_UVTileDissolveRow0","Row 0 Alpha","Alfa de la fila 0","Zeile 0 Alpha","0行目 アルファ","0행 알파","行 0 Alpha","Строка 0 Альфа"
"_UVTileDissolveAlpha_Row0_0","Row 0 Column 0","Fila 0 columna 0","Zeile 0 Spalte 0","0行目 列 0","0행 0열","行 0 列 0","Строка 0 Колонка 0"
"_UVTileDissolveAlpha_Row0_1","Row 0 Column 1","Fila 0 columna 1","Zeile 0 Spalte 1","0行目 列 1","0행 1열","行 0 列 1","Строка 0 Колонка 1"
"_UVTileDissolveAlpha_Row0_2","Row 0 Column 2","Fila 0 columna 2","Zeile 0 Spalte 2","0行目 列 2","0행 2열","行 0 列 2","Строка 0 Колонка 2"
"_UVTileDissolveAlpha_Row0_3","Row 0 Column 3","Fila 0 columna 3","Zeile 0 Spalte 3","0行目 列 3","0행 3열","行 0 列 3","Строка 0 Колонка 3"
"m_start_BonusSliders","Locked In Anim Sliders","Bloqueo de deslizadores de animación","Gesperrte Anim-Schieberegler","ロックされたアニメーション スライダー","잠긴 애니메이션 슬라이더","锁定的动画滑块",""
"_DissolveAlpha0","Dissolve Alpha 0","Disolver alfa 0","Alpha 0 auflösen","ディゾルブアルファ0","디졸브 알파 0","溶解 Alpha 0",""
"_DissolveAlpha1","Dissolve Alpha 1","Disolver alfa 1","Lösen Sie Alpha 1 auf","ディゾルブアルファ1","디졸브 알파 1","溶解 Alpha 1",""
"_DissolveAlpha2","Dissolve Alpha 2","Disolver alfa 2","Lösen Sie Alpha 2 auf","ディゾルブアルファ2","디졸브 알파 2","溶解 Alpha 2",""
"_DissolveAlpha3","Dissolve Alpha 3","Disolver alfa 3","Lösen Sie Alpha 3 auf","ディゾルブアルファ3","디졸브 알파 3","溶解 Alpha 3",""
"_DissolveAlpha4","Dissolve Alpha 4","Disolver alfa 4","Lösen Sie Alpha 4 auf","ディゾルブアルファ4","디졸브 알파 4","溶解 Alpha 4",""
"_DissolveAlpha5","Dissolve Alpha 5","Disolver alfa 5","Lösen Sie Alpha 5 auf","ディゾルブアルファ5","디졸브 알파 5","溶解 Alpha 5",""
"_DissolveAlpha6","Dissolve Alpha 6","Disolver alfa 6","Lösen Sie Alpha 6 auf","ディゾルブアルファ6","디졸브 알파 6","溶解 Alpha 6",""
"_DissolveAlpha7","Dissolve Alpha 7","Disolver alfa 7","Lösen Sie Alpha 7 auf","ディゾルブアルファ7","디졸브 알파 7","溶解 Alpha 7",""
"_DissolveAlpha8","Dissolve Alpha 8","Disolver alfa 8","Alpha 8 auflösen","ディゾルブアルファ8","디졸브 알파 8","溶解 Alpha 8",""
"_DissolveAlpha9","Dissolve Alpha 9","Disolver alfa 9","Lösen Sie Alpha 9 auf","ディゾルブアルファ9","디졸브 알파 9","溶解 Alpha 9",""
"m_start_flipBook","Flipbook 0","Folioscopio (Flipbook)","Daumenkino","フリップブック","플립북","序列帧 (Flipbook)",""
"_EnableFlipbook","Enable Flipbook","Activar folioscopio","Daumenkino aktivieren","フリップブックを有効にする","플립북 활성화","启用序列帧",""
"_FlipbookAlphaControlsFinalAlpha","Alpha/Color Override","Reemplazar alfa/color","Flipbook steuert Alpha","フリップブック コントロール アルファ","플립북 컨트롤 알파","序列帧控制 Alpha",""
"_FlipbookIntensityControlsAlpha","Color Intensity To Alpha","Intensidad del reemplazo","Intensität steuert Alpha","明るさコントロール アルファ","강도 컨트롤 알파","亮度控制 Alpha",""
"_FlipbookColorReplaces","Flipbook as Color Mask","El folioscopio reemplaza el color","Farbe ersetzt Daumenkino","色をフリップブックと置き換える","색상이 플립북을 대체","颜色替换序列帧",""
"_FlipbookTexArray","Texture Array","Matriz de texturas","Textur-Array","テクスチャアレー","텍스처 배열","纹理数组",""
"_FlipbookTexArrayPan","Panning","Barrido de la matriz","Bewegung","パンニング","패닝","平移","Прокрутка"
"_FlipbookTexArrayUV","UV","UV de la matriz","UV","UV","UV","UV","UV"
"_FlipbookMask","Mask","Máscara","Maske","マスク","마스크","遮罩","Маска"
"_FlipbookMaskPan","Panning","Barrido","Bewegung","パンニング","패닝","平移","Прокрутка"
"_FlipbookMaskUV","UV","UV","UV","UV","UV","UV","UV"
"_FlipbookMaskChannel","Channel","Canal","Kanal","チャンネル","채널","通道","Канал"
"_FlipbookMaskGlobalMask","Global Mask","Máscara global","Globale Maske","グローバル マスク","글로벌 마스크","全局遮罩","Глобальная Маска"
"_FlipbookMaskGlobalMaskBlendType","Blending","Tipo de mezcla","Mischen","ブレンディング","블렌딩","混合类型","Смешивание"
"_FlipbookColor","Color & alpha","Color y alfa","Farbe & Alpha","色とアルファ","색상 & 알파","颜色 & Alpha","Цвет & Альфа"
"_FlipbookFPS","FPS","Cuadros por segundo (FPS)","FPS","FPS","FPS","FPS","FPS"
"_FlipbookFrameOffset","Frame Offset","Desplazamiento de los cuadros","Rahmen","フレーム","프레임","帧",""
"_FlipbookScaleOffset","Scale | Offset","Escala del desplazamiento","Maßstab | Versatz","スケール |オフセット","스케일 | 오프셋","缩放 | 偏移",""
"_FlipbookSideOffset","Side Offset","Desplazamiento lateral","Seitenversatz","サイドオフセット","측면 오프셋","侧面偏移","Боковое Cмещение"
"_FlipbookTiled","Tiling","Repetición en mosaico","Gefliest","タイル表示","타일링","平铺",""
"_FlipbookEmissionStrength","Emission Strength","Intensidad de la emisión","Emissionsstärke","発光の強さ","방출 강도","发光强度","Сила Свечения"
"_FlipbookRotation","Rotation","Rotación","Drehung","回転","회전","旋转","Вращение"
"_FlipbookRotationSpeed","Rotation Speed","Velocidad de rotación","Drehgeschwindigkeit","回転速度","회전 속도","旋转速度","Скорость Ротации"
"_FlipbookReplace","Replace","Reemplazar","Ersetzen","置換","교체","替换","Замена"
"_FlipbookMultiply","Multiply","Multiplicar","Multiplizieren","乗算","곱하기","乘法","Умножение"
"_FlipbookAdd","Add","Agregar","Addieren","追加","추가","添加","Сложение"
"_FlipbookManualFrameControl","Manual Frame Control","<size=13><b>Control de cuadro manual </b></size>","<size=13><b>Manuelle Rahmensteuerung</b></size>","<size=13><b>手動フレーム コントロール</b></size>","<size=13><b>수동 프레임 컨트롤</b></size>","<size=13><b>手动帧控制</b></size>",""
"s_start_FlipbookManualFrameControl","Manul Frame Control","Control de cuadro manual","Manuelle Rahmensteuerung","手動フレーム コントロール","수동 프레임 컨트롤","手动帧控制",""
"_FlipbookCurrentFrame","Current Frame","Cuadro actual","Aktueller Rahmen","現在のフレーム","현재 프레임","当前帧",""
"_FlipbookStartAndEnd","Start and End Frames","<size=13><b>Cuadros inicial y final </b></size>","<size=13><b> Start- und Endframes</b></size>","<size=13><b>開始フレームと終了フレーム</b></size>","<size=13><b>시작 및 종료 프레임</b></size>","<size=13><b>开始和结束帧</b></size>",""
"s_start_FlipbookStartAndEnd","Start/End Frame Loop","Cuadros inicial y final","Start- und Endframes","開始フレームと終了フレーム","시작 및 종료 프레임","开始和结束帧",""
"_FlipbookStartFrame","Start Frame","Cuadro inicial","Rahmen starten","開始フレーム","시작 프레임","开始帧",""
"_FlipbookEndFrame","End Frame","Cuadro final","Rahmen beenden","終了フレーム","종료 프레임","结束帧",""
"s_start_FlipbookCrossfade","Frame Crossfade","Desvanecimiento","Überblenden","クロスフェード","크로스페이드","交叉淡入淡出",""
"_FlipbookCrossfadeEnabled","Crossfade","<size=13><b>Desvanecimiento </b></size>","<size=13><b>Überblenden</b></size>","<size=13><b>クロスフェード</b></size>","<size=13><b>크로스페이드</b></size>","<size=13><b>交叉淡入淡出</b></size>",""
"_FlipbookCrossfadeRange","Fade Range","Rango de desvanecimiento","Fade-Bereich","フェード範囲","페이드 범위","淡入淡出范围",""
"_FlipbookHueShiftEnabled","Hue Shift","<size=13><b>Cambio de tono </b></size>","<size=13><b>Farbtonverschiebung</b></size>","<size=13><b>ぼかしシフト</b></size>","<size=13><b>색조 시프트</b></size>","<size=13><b>色相偏移</b></size>","<size=13><b>Сдвиг Тона</b></size>"
"s_start_FlipbookHueShift","Hue Shift","Cambio de tono","Farbtonverschiebung","ぼかしシフト","색조 시프트","色相偏移",""
"_FlipbookHueShiftSpeed","Shift Speed","Velocidad del cambio","Schaltgeschwindigkeit","シフトスピード","시프트 속도","偏移速度","Скорость Сдвига"
"_FlipbookHueShift","Hue Shift","Cambio de tono","Farbtonverschiebung","ぼかしシフト","색조 시프트","色相偏移",""
"s_start_Positioning","Positioning","","","","","",""
"_FlipbookPosHelp","To apply Positioning using Raycast, edit this Material directly from your Mesh in the Scene. Click for video tutorial.","","","","","",""
"_FlipbookPosition","Position","","","","","",""
"_FlipbookRotation","Rotation","","","","","",""
"_FlipbookRotationSpeed","Rotation Speed","","","","","",""
"_FlipbookScale","Scale","","","","","",""
"_FlipbookSideOffset","Side Offset","","","","","",""
"_FlipbookAspectRatioMode","Aspect Ratio","","","","","",""
"_FlipbookMirroredUVMode","Mirrored UV Mode","","","","","",""
"_FlipbookSymmetryMode","Symmetry Mode","","","","","",""
"m_start_FlipbookAudioLink","Audio Link ♫","AudioLink ♫","Audiolink ♫","オーディオリンク♫","오디오링크 ♫","AudioLink ♫","AudioLink ♫"
"_AudioLinkFlipbookScaleBand","Scale Band","Banda de escala","Skalenband","スケールバンド","스케일 밴드","缩放频段",""
"_AudioLinkFlipbookScale","Scale Mod","Modificador de escala","Skalen-Mod","スケールモッド","스케일 모드","缩放调节",""
"_AudioLinkFlipbookAlphaBand","Alpha Band","Banda alfa","Alphaband","アルファバンド","알파 밴드","Alpha 频段",""
"_AudioLinkFlipbookAlpha","Alpha Mod","Modificador alfa","Alpha-Mod","アルファモッド","알파 모드","Alpha 调节","Альфа-мод"
"_AudioLinkFlipbookEmissionBand","Emission Band","Banda de emisión","Emissionsband","発光バンド","방출 밴드","发光频段",""
"_AudioLinkFlipbookEmission","Emission Mod","Modificador de emisión","Emissionsmod","発光モッド","방출 모드","发光调节",""
"_AudioLinkFlipbookFrameBand","Frame Band","Banda de cuadros","Rahmenband","フレームバンド","프레임 밴드","帧频段",""
"_AudioLinkFlipbookFrame","Frame control","Control de cuadros","Frame-Steuerung","フレーム制御","프레임 컨트롤","帧控制",""
"_FlipbookChronotensityEnabled","Chronotensity","Cronotensidad","Chronotensität","クロノテンシティ","크로노텐시티","Chronotensity",""
"_FlipbookChronotensityBand","Chrono Band","Banda de cronotensidad","Chrono-Band","クロノバンド","크로노 밴드","Chrono 频段",""
"_FlipbookChronoType","Chrono Type","Tipo de cronotensidad","Chrono-Typ","クロノタイプ","크로노 유형","Chrono 类型",""
"_FlipbookChronotensitySpeed","Chrono Speed","Velocidad de cronotensidad","Chrono-Geschwindigkeit","クロノスピード","크로노 속도","Chrono 速度",""
"m_start_emissionOptions","Emission 0","Emisión 0","Emission 0","発光 0","방출 0","发光 0",""
"_EnableEmission","Enable Emission 0","Activar emisión","Emission aktivieren","発光を有効にする","방출 활성화","启用发光",""
"_EmissionFallbackHelp","Emission 0 controls Emission Strength in Fallback Shaders. Fallback Shaders do not support Emission Masks. Refer to the Documentation for detailed information.","","","","","",""
"_EmissionReplace0","Override Base Color","Reemplazar el color base","Grundfarbe ersetzen","ベースカラーを置換","베이스 색상 교체","发光覆盖基础色",""
"_EmissionColor","Emission Color","Color de emisión","Emissionsfarbe","発光の色","방출 색상","发光颜色",""
"_EmissionMap","Emission Map","Mapa de emisión","EmissionsTextur","発光マップ","방출 맵","发光贴图",""
"_EmissionMapPan","Panning","Barrido","Bewegung","パンニング","패닝","平移","Прокрутка"
"_EmissionMapUV","UV","UV","UV","UV","UV","UV","UV"
"_EmissionBaseColorAsMap","Use Base Colors","Color base como mapa","Grundfarbe als Textur","マップとしての基本色","베이스 색상을 맵으로","基础色作为贴图",""
"_EmissionMask","Emission Mask","Máscara de emisión","Emissionsmaske","発光マスク","방출 마스크","发光遮罩",""
"_EmissionMaskPan","Panning","Barrido","Bewegung","パンニング","패닝","平移","Прокрутка"
"_EmissionMaskUV","UV","UV","UV","UV","UV","UV","UV"
"_EmissionMaskChannel","Channel","Canal","Kanal","チャンネル","채널","通道","Канал"
"_EmissionMaskInvert","Invert","Invertir","Umkehren","反転","반전","反转","Инвертировать"
"_EmissionMask0GlobalMask","Global Mask","Máscara global","Globale Maske","グローバル マスク","글로벌 마스크","全局遮罩","Глобальная Маска"
"_EmissionMask0GlobalMaskBlendType","Blending","Tipo de mezcla","Mischen","ブレンディング","블렌딩","混合类型","Смешивание"
"_EmissionStrength","Emission Strength","Intensidad de la emisión","Emissionsstärke","発光の強さ","방출 강도","发光强度","Сила Свечения"
"_EmissionHueShiftEnabled","Hue Shift","<size=13><b>Cambio de tono </b></size>","<size=13><b>Farbtonverschiebung</b></size>","<size=13><b>ぼかしシフト</b></size>","<size=13><b>색조 시프트</b></size>","<size=13><b>色相偏移</b></size>","<size=13><b>Сдвиг Тона</b></size>"
"_EmissionHueShift","Hue Shift","Cambio de tono","Farbtonverschiebung","ぼかしシフト","색조 시프트","色相偏移","Сдвиг Тона"
"_EmissionHueShiftSpeed","Hue Shift Speed","Velocidad del cambio","Farbtonverschiebungsgeschwindigkeit","ぼかしシフト速度","색조 시프트 속도","色相偏移速度","Скорость Сдвига Тона"
"_EmissionCenterOutEnabled","Center Out","<size=13><b>Emisión centrada </b></size>","<size=13><b>Mitte nach außen</b></size>","<size=13><b>センターアウト</b></size>","<size=13><b>센터 아웃</b></size>","<size=13><b>中心向外</b></size>",""
"_EmissionCenterOutSpeed","Flow Speed","Velocidad de flujo","Fließgeschwindigkeit","流速","흐름 속도","流速",""
"_EnableGITDEmission","Light Based","<size=13><b>Emisión fosforescente (GITDE) </b></size>","<size=13><b>Lichtbasiert</b></size>","<size=13><b>ライトベース</b></size>","<size=13><b>라이트 기반</b></size>","<size=13><b>基于光照</b></size>",""
"_GITDEWorldOrMesh","Lighting Type","Tipo de iluminación","Beleuchtungstyp","光源の種類","조명 유형","光照类型",""
"_GITDEMinEmissionMultiplier","Min Emission Multiplier","Multiplicador de emisión mínima","Min. Emissionsmultiplikator","最小発光乗数","최소 방출 배율","最小发光乘数",""
"_GITDEMaxEmissionMultiplier","Max Emission Multiplier","Multiplicador de emisión máxima","Maximaler Emissionsmultiplikator","最大発光乗数","최대 방출 배율","最大发光乘数",""
"_GITDEMinLight","Min Lighting","Iluminación mínima","Min. Beleuchtung","最小光源量","최소 조명","最小光照量",""
"_GITDEMaxLight","Max Lighting","Iluminación máxima","Maximale Beleuchtung","最大光源量","최대 조명","最大光照量",""
"_EmissionBlinkingEnabled","Blinking","<size=13><b>Emisión parpadeante </b></size>","<size=13><b> Blinkt</b></size>","<size=13><b>点滅</b></size>","<size=13><b>깜박임</b></size>","<size=13><b>闪烁</b></size>",""
"_EmissiveBlink_Mode","Mode","","","","","",""
"_EmissiveBlink_Min","Emissive Blink Min","Parpadeo mínimo","Emittierendes Blinzeln Min","発光点滅最小","방출 깜박임 최소","发光闪烁最小",""
"_EmissiveBlink_Max","Emissive Blink Max","Parpadeo máximo","Ausstrahlendes Blinzeln max","発光点滅最大","방출 깜박임 최대","发光闪烁最大",""
"_EmissiveBlink_Velocity","Emissive Blink Velocity","Velocidad de parpadeo","Ausstrahlende Blinzelgeschwindigkeit","発光点滅速度","방출 깜박임 속도","发光闪烁速度",""
"_EmissionBlinkingOffset","Offset","Desplazamiento","Versatz","オフセット","오프셋","偏移","Смещение"
"_EmissiveBlink_Duty","Flashing Interval","","","","","",""
"_ScrollingEmission","Scrolling","<size=13><b>Emisión deslizante </b></size>","<size=13><b>Scrollen</b></size>","<size=13><b>スクロール</b></size>","<size=13><b>스크롤링</b></size>","<size=13><b>滚动</b></size>",""
"_EmissionScrollingUseCurve","Use Curve","Usar curva","Kurve verwenden","曲線を使用","곡선 사용","使用曲线",""
"_EmissionScrollingCurve","Curve","Curva","Kurve","曲線","곡선","曲线",""
"_EmissionScrollingVertexColor","VColor as position","Color de vértices (Vertex Color) como posición","VColor als Position","位置としての VColor","위치로서의 VColor","顶点颜色作为位置",""
"_EmissiveScroll_Direction","Direction","Dirección","Richtung","方向","방향","方向","Направление"
"_EmissiveScroll_Width","Width","Anchura","Breite","幅","너비","宽度",""
"_EmissiveScroll_Velocity","Velocity","Velocidad","Geschwindigkeit","速度","속도","速度",""
"_EmissiveScroll_Interval","Interval","Intervalo","Intervall","間隔","간격","间隔",""
"_EmissionScrollingOffset","Offset","Desplazamiento","Versatz","オフセット","오프셋","偏移","Смещение"
"_EmissionAL0Enabled","<size=13><b>  Audio Link</b></size>","<size=13><b>AudioLink </b></size>","<size=13><b>Audiolink</b></size>","<size=13><b>オーディオリンク</b></size>","<size=13><b>오디오링크</b></size>","<size=13><b>AudioLink</b></size>","<size=13><b>AudioLink</b></size>"
"_EmissionAL0MultipliersBand","Band","Banda multiplicadora de emisiones","Emissionsmultiplikatorband","発光倍率帯","방출 배율 밴드","发光倍率频段","Частота"
"_EmissionAL0Multipliers","Multiplier","Multiplicador de emisión","Emissionsmultiplikator","発光乗数","방출 배율","发光乘数",""
"_EmissionAL0StrengthBand","Band","Banda de intensidad de emisión","Emissionsstärke Band hinzufügen","発光強度追加バンド","방출 강도 추가 밴드","发光强度添加频段","Частота"
"_EmissionAL0StrengthMod","Strength","Modificador de intensidad","Emissionsstärke Add","発光強度追加","방출 강도 추가","发光强度添加","Сила"
"_AudioLinkEmission0CenterOutBand","Band","Banda de centrado","Center-Out-Band","センターアウトバンド","센터 아웃 밴드","中心向外频段","Частота"
"_AudioLinkEmission0CenterOut","Strength","Centrado","Zentrieren Sie heraus","センターアウト","센터 아웃","中心向外","Сила"
"_AudioLinkEmission0CenterOutSize","Intensity Threshold","Umbral de la intensidad","Intensitätsschwelle","強度閾値","강도 임계값","强度阈值",""
"_AudioLinkEmission0CenterOutDuration","Duration","Duración","Dauer","間隔","지속 시간","间隔",""
"m_start_emission1Options","Emission 1","Emisión 1","Emission 1","発光 1","방출 1","发光 1",""
"_EnableEmission1","Enable Emission 0","Activar emisión","Emission 2 aktivieren","発光 2 を有効にする","방출 2 활성화","启用发光 2",""
"_EmissionReplace1","Override Base Color","Reemplazar el color base","Grundfarbe ersetzen","ベースカラーを置換","베이스 색상 교체","发光覆盖基础色",""
"_EmissionColor1","Emission Color","Color de emisión","Emissionsfarbe","発光の色","방출 색상","发光颜色",""
"_EmissionMap1","Emission Map","Mapa de emisión","EmissionsTextur","発光マップ","방출 맵","发光贴图",""
"_EmissionMap1Pan","Panning","Barrido","Bewegung","パンニング","패닝","平移","Прокрутка"
"_EmissionMap1UV","UV","UV","UV","UV","UV","UV","UV"
"_EmissionBaseColorAsMap1","Use Base Colors","Color base como mapa","Grundfarbe als Textur","マップとしての基本色","베이스 색상을 맵으로","基础色作为贴图",""
"_EmissionMask1","Emission Mask","Máscara de emisión","Emissionsmaske","発光マスク","방출 마스크","发光遮罩",""
"_EmissionMask1Pan","Panning","Barrido","Bewegung","パンニング","패닝","平移","Прокрутка"
"_EmissionMask1UV","UV","UV","UV","UV","UV","UV","UV"
"_EmissionMask1Channel","Channel","Canal","Kanal","チャンネル","채널","通道","Канал"
"_EmissionMaskInvert1","Invert","Invertir","Umkehren","反転","반전","反转","Инвертировать"
"_EmissionMask1GlobalMask","Global Mask","Máscara global","Globale Maske","グローバル マスク","글로벌 마스크","全局遮罩","Глобальная Маска"
"_EmissionMask1GlobalMaskBlendType","Blending","Tipo de mezcla","Mischen","ブレンディング","블렌딩","混合类型","Смешивание"
"_EmissionStrength1","Emission Strength","Intensidad de la emisión","Emissionsstärke","発光の強さ","방출 강도","发光强度","Сила Свечения"
"_EmissionHueShiftEnabled1","Hue Shift","<size=13><b>Cambio de tono </b></size>","<size=13><b>Farbtonverschiebung</b></size>","<size=13><b>ぼかしシフト</b></size>","<size=13><b>색조 시프트</b></size>","<size=13><b>色相偏移</b></size>","<size=13><b>Сдвиг Тона</b></size>"
"_EmissionHueShift1","Hue Shift","Cambio de tono","Farbtonverschiebung","ぼかしシフト","색조 시프트","色相偏移","Сдвиг Тона"
"_EmissionHueShiftSpeed1","Hue Shift Speed","Velocidad del cambio","Farbtonverschiebungsgeschwindigkeit","ぼかしシフト速度","색조 시프트 속도","色相偏移速度","Скорость Сдвига Тона"
"_EmissionCenterOutEnabled1","Center Out","<size=13><b>Emisión centrada </b></size>","<size=13><b>Mitte nach außen</b></size>","<size=13><b>センターアウト</b></size>","<size=13><b>센터 아웃</b></size>","<size=13><b>中心向外</b></size>",""
"_EmissionCenterOutSpeed1","Flow Speed","Velocidad de flujo","Fließgeschwindigkeit","流速","흐름 속도","流速",""
"_EnableGITDEmission1","Light Based","<size=13><b>Emisión fosforescente (GITDE) </b></size>","<size=13><b>Lichtbasiert</b></size>","<size=13><b>ライトベース</b></size>","<size=13><b>라이트 기반</b></size>","<size=13><b>基于光照</b></size>",""
"_GITDEWorldOrMesh1","Lighting Type","Tipo de iluminación","Beleuchtungstyp","光源の種類","조명 유형","光照类型",""
"_GITDEMinEmissionMultiplier1","Min Emission Multiplier","Multiplicador de emisión mínima","Min. Emissionsmultiplikator","最小発光乗数","최소 방출 배율","最小发光乘数",""
"_GITDEMaxEmissionMultiplier1","Max Emission Multiplier","Multiplicador de emisión máxima","Maximaler Emissionsmultiplikator","最大発光乗数","최대 방출 배율","最大发光乘数",""
"_GITDEMinLight1","Min Lighting","Iluminación mínima","Min. Beleuchtung","最小光源量","최소 조명","最小光照量",""
"_GITDEMaxLight1","Max Lighting","Iluminación máxima","Maximale Beleuchtung","最大光源量","최대 조명","最大光照量",""
"_EmissionBlinkingEnabled1","Blinking","<size=13><b>Emisión parpadeante </b></size>","<size=13><b> Blinkt</b></size>","<size=13><b>点滅</b></size>","<size=13><b>깜박임</b></size>","<size=13><b>闪烁</b></size>",""
"_EmissiveBlink_Mode1","Mode","","","","","",""
"_EmissiveBlink_Min1","Emissive Blink Min","Parpadeo mínimo","Emittierendes Blinzeln Min","発光点滅最小","방출 깜박임 최소","发光闪烁最小",""
"_EmissiveBlink_Max1","Emissive Blink Max","Parpadeo máximo","Ausstrahlendes Blinzeln max","発光点滅最大","방출 깜박임 최대","发光闪烁最大",""
"_EmissiveBlink_Velocity1","Emissive Blink Velocity","Velocidad de parpadeo","Ausstrahlende Blinzelgeschwindigkeit","発光点滅速度","방출 깜박임 속도","发光闪烁速度",""
"_EmissionBlinkingOffset1","Offset","Desplazamiento","Versatz","オフセット","오프셋","偏移","Смещение"
"_EmissiveBlink_Duty1","Flashing Interval","","","","","",""
"_ScrollingEmission1","Scrolling","<size=13><b>Emisión deslizante </b></size>","<size=13><b>Scrollen</b></size>","<size=13><b>スクロール</b></size>","<size=13><b>스크롤링</b></size>","<size=13><b>滚动</b></size>",""
"_EmissionScrollingUseCurve1","Use Curve","Usar curva","Kurve verwenden","曲線を使用","곡선 사용","使用曲线",""
"_EmissionScrollingCurve1","Curve","Curva","Kurve","曲線","곡선","曲线",""
"_EmissionScrollingVertexColor1","VColor as position","Color de vértices (Vertex Color) como posición","VColor als Position","位置としての VColor","위치로서의 VColor","顶点颜色作为位置",""
"_EmissiveScroll_Direction1","Direction","Dirección","Richtung","方向","방향","方向","Направление"
"_EmissiveScroll_Width1","Width","Anchura","Breite","幅","너비","宽度",""
"_EmissiveScroll_Velocity1","Velocity","Velocidad","Geschwindigkeit","速度","속도","速度",""
"_EmissiveScroll_Interval1","Interval","Intervalo","Intervall","間隔","간격","间隔",""
"_EmissionScrollingOffset1","Offset","Desplazamiento","Versatz","オフセット","오프셋","偏移","Смещение"
"_EmissionAL1Enabled","<size=13><b>  Audio Link</b></size>","<size=13><b>AudioLink </b></size>","<size=13><b>Audiolink</b></size>","<size=13><b>AudioLink</b></size>","<size=13><b>오디오링크</b></size>","<size=13><b>AudioLink</b></size>","<size=13><b>AudioLink</b></size>"
"_EmissionAL1MultipliersBand","Band","Banda multiplicadora de emisiones","Emissionsmultiplikatorband","発光倍率帯","방출 배율 밴드","发光倍率频段","Частота"
"_EmissionAL1Multipliers","Multiplier","Multiplicador de emisión","Emissionsmultiplikator","発光乗数","방출 배율","发光乘数",""
"_EmissionAL1StrengthBand","Band","Banda de intensidad de emisión","Emissionsstärke Band hinzufügen","発光の強度追加バンド","방출 강도 추가 밴드","发光强度添加频段","Частота"
"_EmissionAL1StrengthMod","Strength","Modificador de intensidad","Emissionsstärke Add","発光強度追加","방출 강도 추가","发光强度添加","Сила"
"_AudioLinkEmission1CenterOutBand","Band","Banda de centrado","Center-Out-Band","センターアウトバンド","센터 아웃 밴드","中心向外频段","Частота"
"_AudioLinkEmission1CenterOut","Strength","Centrado","Zentrieren Sie heraus","センターアウト","센터 아웃","中心向外","Сила"
"_AudioLinkEmission1CenterOutSize","Intensity Threshold","Umbral de la intensidad","Intensitätsschwelle","強度閾値","강도 임계값","强度阈值",""
"_AudioLinkEmission1CenterOutDuration","Duration","Duración","Dauer","間隔","지속 시간","间隔",""
"m_start_emission2Options","Emission 2","Emisión 2","Emission 2","発光 2","방출 2","发光 2",""
"_EnableEmission2","Enable Emission 0","Activar emisión","Emission 2 aktivieren","発光 2 を有効にする","방출 2 활성화","启用发光 2",""
"_EmissionReplace2","Override Base Color","Reemplazar el color base","Grundfarbe ersetzen","ベースカラーを置換","베이스 색상 교체","发光覆盖基础色",""
"_EmissionColor2","Emission Color","Color de emisión","Emissionsfarbe","発光の色","방출 색상","发光颜色",""
"_EmissionMap2","Emission Map","Mapa de emisión","EmissionsTextur","発光マップ","방출 맵","发光贴图",""
"_EmissionMap2Pan","Panning","Barrido","Bewegung","パンニング","패닝","平移","Прокрутка"
"_EmissionMap2UV","UV","UV","UV","UV","UV","UV","UV"
"_EmissionBaseColorAsMap2","Use Base Colors","Color base como mapa","Grundfarbe als Textur","マップとしての基本色","베이스 색상을 맵으로","基础色作为贴图",""
"_EmissionMask2","Emission Mask","Máscara de emisión","Emissionsmaske","発光マスク","방출 마스크","发光遮罩",""
"_EmissionMask2Pan","Panning","Barrido","Bewegung","パンニング","패닝","平移","Прокрутка"
"_EmissionMask2UV","UV","UV","UV","UV","UV","UV","UV"
"_EmissionMask2Channel","Channel","Canal","Kanal","チャンネル","채널","通道","Канал"
"_EmissionMaskInvert2","Invert","Invertir","Umkehren","反転","반전","反转","Инвертировать"
"_EmissionMask2GlobalMask","Global Mask","Máscara global","Globale Maske","グローバル マスク","글로벌 마스크","全局遮罩","Глобальная Маска"
"_EmissionMask2GlobalMaskBlendType","Blending","Tipo de mezcla","Mischen","ブレンディング","블렌딩","混合类型","Смешивание"
"_EmissionStrength2","Emission Strength","Intensidad de la emisión","Emissionsstärke","発光の強さ","방출 강도","发光强度","Сила Свечения"
"_EmissionHueShiftEnabled2","Hue Shift","<size=13><b>Cambio de tono </b></size>","<size=13><b>Farbtonverschiebung</b></size>","<size=13><b>ぼかしシフト</b></size>","<size=13><b>색조 시프트</b></size>","<size=13><b>色相偏移</b></size>","<size=13><b>Сдвиг Тона</b></size>"
"_EmissionHueShift2","Hue Shift","Cambio de tono","Farbtonverschiebung","ぼかしシフト","색조 시프트","色相偏移","Сдвиг Тона"
"_EmissionHueShiftSpeed2","Hue Shift Speed","Velocidad del cambio","Farbtonverschiebungsgeschwindigkeit","ぼかしシフト速度","색조 시프트 속도","色相偏移速度","Скорость Сдвига Тона"
"_EmissionCenterOutEnabled2","Center Out","<size=13><b>Emisión centrada </b></size>","<size=13><b>Mitte nach außen</b></size>","<size=13><b>センターアウト</b></size>","<size=13><b>센터 아웃</b></size>","<size=13><b>中心向外</b></size>",""
"_EmissionCenterOutSpeed2","Flow Speed","Velocidad de flujo","Fließgeschwindigkeit","流速","흐름 속도","流速",""
"_EnableGITDEmission2","Light Based","<size=13><b>Emisión fosforescente (GITDE) </b></size>","<size=13><b>Lichtbasiert</b></size>","<size=13><b>ライトベース</b></size>","<size=13><b>라이트 기반</b></size>","<size=13><b>基于光照</b></size>",""
"_GITDEWorldOrMesh2","Lighting Type","Tipo de iluminación","Beleuchtungstyp","光源の種類","조명 유형","光照类型",""
"_GITDEMinEmissionMultiplier2","Min Emission Multiplier","Multiplicador de emisión mínima","Min. Emissionsmultiplikator","最小発光乗数","최소 방출 배율","最小发光乘数",""
"_GITDEMaxEmissionMultiplier2","Max Emission Multiplier","Multiplicador de emisión máxima","Maximaler Emissionsmultiplikator","最大発光乗数","최대 방출 배율","最大发光乘数",""
"_GITDEMinLight2","Min Lighting","Iluminación mínima","Min. Beleuchtung","最小光源量","최소 조명","最小光照量",""
"_GITDEMaxLight2","Max Lighting","Iluminación máxima","Maximale Beleuchtung","最大光源量","최대 조명","最大光照量",""
"_EmissionBlinkingEnabled2","Blinking","<size=13><b>Emisión parpadeante </b></size>","<size=13><b> Blinkt</b></size>","<size=13><b>点滅</b></size>","<size=13><b>깜박임</b></size>","<size=13><b>闪烁</b></size>",""
"_EmissiveBlink_Mode2","Mode","","","","","",""
"_EmissiveBlink_Min2","Emissive Blink Min","Parpadeo mínimo","Emittierendes Blinzeln Min","発光点滅最小","방출 깜박임 최소","发光闪烁最小",""
"_EmissiveBlink_Max2","Emissive Blink Max","Parpadeo máximo","Ausstrahlendes Blinzeln max","発光点滅最大","방출 깜박임 최대","发光闪烁最大",""
"_EmissiveBlink_Velocity2","Emissive Blink Velocity","Velocidad de parpadeo","Ausstrahlende Blinzelgeschwindigkeit","発光点滅速度","방출 깜박임 속도","发光闪烁速度",""
"_EmissionBlinkingOffset2","Offset","Desplazamiento","Versatz","オフセット","오프셋","偏移","Смещение"
"_EmissiveBlink_Duty2","Flashing Interval","","","","","",""
"_ScrollingEmission2","Scrolling","<size=13><b>Emisión deslizante </b></size>","<size=13><b>Scrollen</b></size>","<size=13><b>スクロール</b></size>","<size=13><b>스크롤링</b></size>","<size=13><b>滚动</b></size>",""
"_EmissionScrollingUseCurve2","Use Curve","Usar curva","Kurve verwenden","曲線を使用","곡선 사용","使用曲线",""
"_EmissionScrollingCurve2","Curve","Curva","Kurve","曲線","곡선","曲线",""
"_EmissionScrollingVertexColor2","VColor as position","Color de vértices (Vertex Color) como posición","VColor als Position","位置としての VColor","위치로서의 VColor","顶点颜色作为位置",""
"_EmissiveScroll_Direction2","Direction","Dirección","Richtung","方向","방향","方向","Направление"
"_EmissiveScroll_Width2","Width","Anchura","Breite","幅","너비","宽度",""
"_EmissiveScroll_Velocity2","Velocity","Velocidad","Geschwindigkeit","速度","속도","速度",""
"_EmissiveScroll_Interval2","Interval","Intervalo","Intervall","間隔","간격","间隔",""
"_EmissionScrollingOffset2","Offset","Desplazamiento","Versatz","オフセット","오프셋","偏移","Смещение"
"_EmissionAL2Enabled","<size=13><b>  Audio Link</b></size>","<size=13><b>AudioLink </b></size>","<size=13><b>Audiolink</b></size>","<size=13><b>オーディオリンク</b></size>","<size=13><b>오디오링크</b></size>","<size=13><b>AudioLink</b></size>","<size=13><b>AudioLink</b></size>"
"_EmissionAL2MultipliersBand","Band","Banda multiplicadora de emisiones","Emissionsmultiplikatorband","発光倍率帯","방출 배율 밴드","发光倍率频段","Частота"
"_EmissionAL2Multipliers","Multiplier","Multiplicador de emisión","Emissionsmultiplikator","発光乗数","방출 배율","发光乘数",""
"_EmissionAL2StrengthBand","Band","Banda de intensidad de emisión","Emissionsstärke Band hinzufügen","発光強度追加バンド","방출 강도 추가 밴드","发光强度添加频段","Частота"
"_EmissionAL2StrengthMod","Strength","Modificador de intensidad","Emissionsstärke Add","明るさの強度を追加","방출 강도 추가","添加亮度强度","Сила"
"_AudioLinkEmission2CenterOutBand","Band","Banda de centrado","Center-Out-Band","センターアウトバンド","센터 아웃 밴드","中心向外频段","Частота"
"_AudioLinkEmission2CenterOut","Strength","Centrado","Zentrieren Sie heraus","センターアウト","센터 아웃","中心向外","Сила"
"_AudioLinkEmission2CenterOutSize","Intensity Threshold","Umbral de la intensidad","Intensitätsschwelle","強度閾値","강도 임계값","强度阈值",""
"_AudioLinkEmission2CenterOutDuration","Duration","Duración","Dauer","間隔","지속 시간","间隔",""
"m_start_emission3Options","Emission 3","Emisión 3","Emission 3","発光 3","방출 3","发光 3",""
"_EnableEmission3","Enable Emission 0","Activar emisión","Emission aktivieren 3","発光 3 を有効にする","방출 3 활성화","启用发光 3",""
"_EmissionReplace3","Override Base Color","Reemplazar el color base","Grundfarbe ersetzen","ベースカラーを置換","베이스 색상 교체","发光覆盖基础色",""
"_EmissionColor3","Emission Color","Color de emisión","Emissionsfarbe","発光の色","방출 색상","发光颜色",""
"_EmissionMap3","Emission Map","Mapa de emisión","EmissionsTextur","発光マップ","방출 맵","发光贴图",""
"_EmissionMap3Pan","Panning","Barrido","Bewegung","パンニング","패닝","平移","Прокрутка"
"_EmissionMap3UV","UV","UV","UV","UV","UV","UV","UV"
"_EmissionBaseColorAsMap3","Use Base Colors","Color base como mapa","Grundfarbe als Textur","マップとしての基本色","베이스 색상을 맵으로","基础色作为贴图",""
"_EmissionMask3","Emission Mask","Máscara de emisión","Emissionsmaske","発光マスク","방출 마스크","发光遮罩",""
"_EmissionMask3Pan","Panning","Barrido","Bewegung","パンニング","패닝","平移","Прокрутка"
"_EmissionMask3UV","UV","UV","UV","UV","UV","UV","UV"
"_EmissionMask3Channel","Channel","Canal","Kanal","チャンネル","채널","通道","Канал"
"_EmissionMaskInvert3","Invert","Invertir","Umkehren","反転","반전","反转","Инвертировать"
"_EmissionMask3GlobalMask","Global Mask","Máscara global","Globale Maske","グローバル マスク","글로벌 마스크","全局遮罩","Глобальная Маска"
"_EmissionMask3GlobalMaskBlendType","Blending","Tipo de mezcla","Mischen","ブレンディング","블렌딩","混合类型","Смешивание"
"_EmissionStrength3","Emission Strength","Intensidad de la emisión","Emissionsstärke","発光の強さ","방출 강도","发光强度","Сила Свечения"
"_EmissionHueShiftEnabled3","Hue Shift","<size=13><b>Cambio de tono </b></size>","<size=13><b>Farbtonverschiebung</b></size>","<size=13><b>ぼかしシフト</b></size>","<size=13><b>색조 시프트</b></size>","<size=13><b>色相偏移</b></size>","<size=13><b>Сдвиг Тона</b></size>"
"_EmissionHueShift3","Hue Shift","Cambio de tono","Farbtonverschiebung","ぼかしシフト","색조 시프트","色相偏移","Сдвиг Тона"
"_EmissionHueShiftSpeed3","Hue Shift Speed","Velocidad del cambio","Farbtonverschiebungsgeschwindigkeit","ぼかしシフト速度","색조 시프트 속도","色相偏移速度","Скорость Сдвига Тона"
"_EmissionCenterOutEnabled3","Center Out","<size=13><b>Emisión centrada </b></size>","<size=13><b>Mitte nach außen</b></size>","<size=13><b>センターアウト</b></size>","<size=13><b>센터 아웃</b></size>","<size=13><b>中心向外</b></size>",""
"_EmissionCenterOutSpeed3","Flow Speed","Velocidad de flujo","Fließgeschwindigkeit","流速","흐름 속도","流速",""
"_EnableGITDEmission3","Light Based","<size=13><b>Emisión fosforescente (GITDE) </b></size>","<size=13><b>Lichtbasiert</b></size>","<size=13><b>ライトベース</b></size>","<size=13><b>라이트 기반</b></size>","<size=13><b>基于光照</b></size>",""
"_GITDEWorldOrMesh3","Lighting Type","Tipo de iluminación","Beleuchtungstyp","光源の種類","조명 유형","光照类型",""
"_GITDEMinEmissionMultiplier3","Min Emission Multiplier","Multiplicador de emisión mínima","Min. Emissionsmultiplikator","最小発光乗数","최소 방출 배율","最小发光乘数",""
"_GITDEMaxEmissionMultiplier3","Max Emission Multiplier","Multiplicador de emisión máxima","Maximaler Emissionsmultiplikator","最大発光乗数","최대 방출 배율","最大发光乘数",""
"_GITDEMinLight3","Min Lighting","Iluminación mínima","Min. Beleuchtung","最小光源量","최소 조명","最小光照量",""
"_GITDEMaxLight3","Max Lighting","Iluminación máxima","Maximale Beleuchtung","最大光源量","최대 조명","最大光照量",""
"_EmissionBlinkingEnabled3","Blinking","<size=13><b>Emisión parpadeante </b></size>","<size=13><b> Blinkt</b></size>","<size=13><b>点滅</b></size>","<size=13><b>깜박임</b></size>","<size=13><b>闪烁</b></size>",""
"_EmissiveBlink_Mode3","Mode","","","","","",""
"_EmissiveBlink_Min3","Emissive Blink Min","Parpadeo mínimo","Emittierendes Blinzeln Min","発光点滅最小","방출 깜박임 최소","发光闪烁最小",""
"_EmissiveBlink_Max3","Emissive Blink Max","Parpadeo máximo","Ausstrahlendes Blinzeln max","発光点滅最大","방출 깜박임 최대","发光闪烁最大",""
"_EmissiveBlink_Velocity3","Emissive Blink Velocity","Velocidad de parpadeo","Ausstrahlende Blinzelgeschwindigkeit","発光点滅速度","방출 깜박임 속도","发光闪烁速度",""
"_EmissionBlinkingOffset3","Offset","Desplazamiento","Versatz","オフセット","오프셋","偏移","Смещение"
"_EmissiveBlink_Duty3","Flashing Interval","","","","","",""
"_ScrollingEmission3","Scrolling","<size=13><b>Emisión deslizante </b></size>","<size=13><b>Scrollen</b></size>","<size=13><b>スクロール</b></size>","<size=13><b>스크롤링</b></size>","<size=13><b>滚动</b></size>",""
"_EmissionScrollingUseCurve3","Use Curve","Usar curva","Kurve verwenden","曲線を使用","곡선 사용","使用曲线",""
"_EmissionScrollingCurve3","Curve","Curva","Kurve","曲線","곡선","曲线",""
"_EmissionScrollingVertexColor3","VColor as position","Color de vértices (Vertex Color) como posición","VColor als Position","位置としての VColor","위치로서의 VColor","顶点颜色作为位置",""
"_EmissiveScroll_Direction3","Direction","Dirección","Richtung","方向","방향","方向","Направление"
"_EmissiveScroll_Width3","Width","Anchura","Breite","幅","너비","宽度",""
"_EmissiveScroll_Velocity3","Velocity","Velocidad","Geschwindigkeit","速度","속도","速度",""
"_EmissiveScroll_Interval3","Interval","Intervalo","Intervall","間隔","간격","间隔",""
"_EmissionScrollingOffset3","Offset","Desplazamiento","Versatz","Offset","오프셋","偏移","Смещение"
"_EmissionAL3Enabled","<size=13><b>  Audio Link</b></size>","<size=13><b>AudioLink </b></size>","<size=13><b>Audiolink</b></size>","<size=13><b>オーディオリンク</b></size>","<size=13><b>오디오링크</b></size>","<size=13><b>AudioLink</b></size>","<size=13><b>AudioLink</b></size>"
"_EmissionAL3MultipliersBand","Band","Banda multiplicadora de emisiones","Emissionsmultiplikatorband","発光倍率帯","방출 배율 밴드","发光倍率频段","Частота"
"_EmissionAL3Multipliers","Multiplier","Multiplicador de emisión","Emissionsmultiplikator","発光乗数","방출 배율","发光乘数",""
"_EmissionAL3StrengthBand","Band","Banda de intensidad de emisión","Emissionsstärke Band hinzufügen","発光強度追加バンド","방출 강도 추가 밴드","发光强度添加频段","Частота"
"_EmissionAL3StrengthMod","Strength","Modificador de intensidad","Emissionsstärke Add","発光強度追加","방출 강도 추가","发光强度添加","Сила"
"_AudioLinkEmission3CenterOutBand","Band","Banda de centrado","Center-Out-Band","センターアウトバンド","센터 아웃 밴드","中心向外频段","Частота"
"_AudioLinkEmission3CenterOut","Strength","Centrado","Zentrieren Sie heraus","センターアウト","센터 아웃","中心向外","Сила"
"_AudioLinkEmission3CenterOutSize","Intensity Threshold","Umbral de la intensidad","Intensitätsschwelle","強度閾値","강도 임계값","强度阈值",""
"_AudioLinkEmission3CenterOutDuration","Duration","Duración","Dauer","間隔","지속 시간","间隔",""
"m_start_glitter","Glitter / Sparkle","Brillantina/Chispas (Glitter/Sparkle)","Glitzer / Funkeln","グリッター / キラキラ","글리터 / 반짝이","闪光 / 亮片 (Glitter)",""
"_GlitterEnable","Enable Glitter","Activar brillantina","Glitzer aktivieren","グリッターを有効にする","글리터 활성화","启用闪光",""
"_GlitterUV","UV","UV","UV","UV","UV","UV","UV"
"_GlitterMode","Mode","Modo","Modus","モード","모드","模式","Режим"
"_GlitterShape","Shape","Forma","Form","形","모양","形状",""
"_GlitterBlendType","Blend Mode","Tipo de mezcla","Mischmodus","ブレンドモード","블렌드 모드","混合模式","Режим Смешивания"
"_GlitterUseNormals","Use Normals","Usar normales","Normale verwenden","ノーマル(法線)を使用","노멀 사용","使用法线",""
"_GlitterColor","Color","Color","Farbe","色","색상","颜色","Цвет"
"_GlitterUseSurfaceColor","Use Base Color","Usar color de la superficie","Verwenden Sie Oberflächenfarbe","表面色を使用","표면 색상 사용","使用表面颜色",""
"_GlitterColorMap","Color Map","Mapa de color ","Glitzer-FarbTextur","グリッターカラーマップ","글리터 색상 맵","闪光颜色图",""
"_GlitterColorMapPan","Panning","Barrido del mapa","Bewegung","パンニング","패닝","平移","Прокрутка"
"_GlitterColorMapUV","UV","UV del mapa","UV","UV","UV","UV","UV"
"_GlitterPan","Panning","Barrido","Bewegung","パンニング","패닝","平移","Прокрутка"
"_GlitterMask","Glitter Mask","Máscara de brillantina","Glitzermaske","グリッターマスク","글리터 마스크","闪光遮罩",""
"_GlitterMaskPan","Panning","Barrido","Bewegung","パンニング","패닝","平移","Прокрутка"
"_GlitterMaskUV","UV","UV","UV","UV","UV","UV","UV"
"_GlitterMaskChannel","Channel","Canal","Kanal","チャンネル","채널","通道","Канал"
"_GlitterMaskGlobalMask","Global Mask","Máscara global","Globale Maske","グローバル マスク","글로벌 마스크","全局遮罩","Глобальная Маска"
"_GlitterMaskGlobalMaskBlendType","Blending","Mezcla","Mischen","ブレンディング","블렌딩","混合类型","Смешивание"
"_GlitterTexture","Shape Texture","Textura de la brillantina","Glitzer-Textur","グリッターテクスチャ","글리터 텍스처","闪光纹理",""
"_GlitterTexturePan","Panning","Barrido","Bewegung","パンニング","패닝","平移","Прокрутка"
"_GlitterUVPanning","Panning","Velocidad de barrido","Schwenkgeschwindigkeit","パン速度","패닝 속도","平移速度","Прокрутка"
"_GlitterTextureRotation","Constant Speed","Velocidad de rotación","Drehgeschwindigkeit","回転速度","회전 속도","旋转速度",""
"_GlitterFrequency","Glitter Density","Densidad de brillantina","Glitzerdichte","グリッター密度","글리터 밀도","闪光密度",""
"_GlitterJitter","Jitter","Aleatoriedad de la brillantina","Glitzer-Jitter","グリッター ジッター","글리터 지터","闪光抖动",""
"_GlitterSpeed","Speed","Velocidad de la brillantina","Glitzergeschwindigkeit","グリッタースピード","글리터 속도","闪光速度","Скорость"
"_GlitterSize","Glitter Size","Tamaño de la brillantina","Glitzergröße","グリッターサイズ","글리터 크기","闪光尺寸",""
"_GlitterContrast","Post Contrast","Contraste de la brillantina","Glitzer-Kontrast","グリッターコントラスト","글리터 대비","闪光对比度",""
"_GlitterAngleRange","Glitter Angle Range","Rango del ángulo de la brillantina","Glitzer-Winkelbereich","グリッター角度範囲","글리터 각도 범위","闪光角度范围",""
"_GlitterMinBrightness","Glitter Min Brightness","Brillo mínimo de la brillantina","Glitter Min. Helligkeit","グリッター最小の明るさ","글리터 최소 밝기","闪光最小亮度",""
"_GlitterBrightness","Glitter Max Brightness","Brillo máximo de la brillantina","Glitzer Max. Helligkeit","グリッター最大の明るさ","글리터 최대 밝기","闪光最大亮度",""
"_GlitterBias","Glitter Bias","Sesgo de la brillantina","Glitzer-Vorspannung","グリッターの傾き","글리터 바이어스","闪光偏移",""
"_GlitterHideInShadow","Hide in shadow","Ocultar en la sombra","Verstecke dich im Schatten","影で隠れる","그림자에서 숨기기","在阴影中隐藏","Скрыть в Тени"
"_GlitterCenterSize","dim light","Luz tenue","schwachem Licht","薄暗い光","약한 빛","暗光",""
"_glitterFrequencyLinearEmissive","Emission Frequency","Frecuencia emisiva","Frequenz","周波数","주파수","频率",""
"_GlitterJaggyFix","Distant Jaggy Fix","Corrección de bordes dentados","Gezackter Fix","ジャギーフィックス","계단 현상 수정","锯齿修复",""
"_GlitterHueShiftEnabled","Enable Hue Shift","<size=13><b>Cambio de tono </b></size>","<size=13><b>Farbtonverschiebung</b></size>","<size=13><b>ぼかしシフト</b></size>","<size=13><b>색조 시프트</b></size>","<size=13><b>色相偏移</b></size>","Включить Сдвиг Тона"
"_GlitterHueShiftSpeed","Shift Speed","Velocidad del cambio","Schaltgeschwindigkeit","シフトスピード","시프트 속도","偏移速度","Скорость Сдвига"
"_GlitterHueShift","Hue Shift","Cambio de tono","Farbtonverschiebung","ぼかしシフト","색조 시프트","色相偏移","Сдвиг Тона"
"m_start_GlitterRandomStuff","Random Stuff","Cosas aleatorias","Zufälliges zeugs","ランダム化","랜덤","随机化",""
"_GlitterRandomColors","Random Colors","Colores aleatorios","Zufällige Farben","ランダムな色","랜덤 색상","随机颜色",""
"_GlitterMinMaxSaturation","Saturation Range","Rango de saturación","Sättigungsbereich","色調範囲","채도 범위","饱和度范围",""
"_GlitterMinMaxBrightness","Brightness Range","Rango de brillo","Helligkeitsbereich","明るさの範囲","밝기 범위","亮度范围",""
"_GlitterRandomSize","Random Size","Tamaño aleatorio","Zufällige Größe","ランダムなサイズ","랜덤 크기","随机尺寸",""
"_GlitterMinMaxSize","Size Range","Rango del tamaño","Größenbereich","サイズ範囲","크기 범위","尺寸范围",""
"_GlitterRandomRotation","Random Offset","Rotación de textura aleatoria","Zufällige Tex-Rotation","ランダムなTexローテーション","랜덤 텍스처 회전","随机纹理旋转",""
"m_start_pathing","Pathing","Trazado (Pathing)","Pathing","パッシング","패싱","路径动画 (Pathing)",""
"_EnablePathing","Enable Pathing","Activar trazado","Pathing aktivierenen","パスを有効にする","패싱 활성화","启用路径",""
"_PathGradientType","Gradient Type","Tipo de gradiente","Verlaufstyp","グラデーションタイプ","그라데이션 유형","渐变类型",""
"_PathingOverrideAlpha","Override alpha","Anular alfa","Alpha überschreiben","アルファを無視する","알파 덮어쓰기","忽略 Alpha",""
"_PathingMap","RGBA Path Gradient / Mask","Mapa de ruta RGBA","RGBA-PfadTextur","RGBA パス マップ","RGBA 경로 맵","RGBA 路径图",""
"_PathingMapUV","UV","UV","UV","UV","UV","UV","UV"
"_PathingMapPan","Panning","Barrido","Bewegung","パンニング","패닝","平移","Прокрутка"
"_PathingColorMap","Color & Mask (Expand)","Color y máscara (Expandir)","Farbe & Maske (Erweitern)","カラー＆マスク（拡大）","색상 & 마스크 (확장)","颜色 & 遮罩 (展开)",""
"_PathingColorMapUV","UV","UV","UV","UV","UV","UV","UV"
"_PathingColorMapPan","Panning","Barrido","Bewegung","パンニング","패닝","平移","Прокрутка"
"_PathTypeR","R Path Type","Tipo de ruta (Canal R)","R Pfadtyp","R パスの種類","R 경로 유형","R 路径类型",""
"_PathTypeG","G Path Type","Tipo de ruta (Canal G)","G Pfadtyp","G パスの種類","G 경로 유형","G 路径类型",""
"_PathTypeB","B Path Type","Tipo de ruta (Canal B)","B Pfadtyp","B パスの種類","B 경로 유형","B 路径类型",""
"_PathTypeA","A Path Type","Tipo de ruta (Canal A)","Ein Pfadtyp","A パスの種類","A 경로 유형","A 路径类型",""
"_PathColorR","R Color","Color de la ruta (Canal R)","R-Farbe","R カラー","R 색상","R 颜色","Цвет R"
"_PathColorG","G Color","Color de la ruta (Canal G)","G-Farbe","G カラー","G 색상","G 颜色","Цвет G"
"_PathColorB","B Color","Color de la ruta (Canal B)","B-Farbe","B カラー","B 색상","B 颜色","Цвет B"
"_PathColorA","A Color","Color de la ruta (Canal A)","Eine Farbe","A カラー","A 색상","A 颜色","Цвет A"
"_PathEmissionStrength","Emission Strength","Intensidad de la emisión","Emissionsstärke","発光の強さ","방출 강도","发光强度","Сила Свечения"
"_PathSoftness","Softness","Suavidad","Weichheit","柔らかさ","부드러움","柔和度","Мягкость"
"_PathSpeed","Speed","Velocidad","Geschwindigkeit","スピード","속도","速度","Скорость"
"_PathWidth","Length","Longitud","Länge","長さ","길이","长度","Длина"
"_PathTime","Manual Timing","Tiempo manual","Manuelle Zeitmessung","手動タイミング","수동 타이밍","手动计时",""
"_PathOffset","Timing Offset","Desplazamiento del tiempo","Timing-Offset","タイミングオフセット","타이밍 오프셋","时间偏移",""
"_PathSegments","Path Segments","Segmentos de ruta","Pfadsegmente","パス セグメント","경로 세그먼트","路径段",""
"m_start_PathAudioLink","Audio Link ♫","AudioLink ♫","Audiolink ♫","オーディオリンク♫","오디오링크 ♫","AudioLink ♫","AudioLink ♫"
"_PathALTimeOffset","<size=13><b>  Time Offset</b></size>","<size=13><b>Desplazamiento del tiempo </b></size>","<size=13><b>Zeitversatz</b></size>","<size=13><b>タイム オフセット</b></size>","<size=13><b>시간 오프셋</b></size>","<size=13><b>时间偏移</b></size>",""
"_AudioLinkPathTimeOffsetBandR","Band R","Banda (Canal R)","Band R","バンドR","밴드 R","频段 R","Частота R"
"_AudioLinkPathTimeOffsetR","Offset   R","Desplazamiento (Canal R)","Versatz R","オフセット R","오프셋 R","偏移 R","Смещение R"
"_AudioLinkPathTimeOffsetBandG","Band G","Banda (Canal G)","Band g","バンド G","밴드 G","频段 G","Частота G"
"_AudioLinkPathTimeOffsetG","Offset   G","Desplazamiento (Canal G)","Versatz G","オフセット G","오프셋 G","偏移 G","Смещение G"
"_AudioLinkPathTimeOffsetBandB","Band B","Banda (Canal B)","B und B","バンド B","밴드 B","频段 B","Частота B"
"_AudioLinkPathTimeOffsetB","Offset   B","Desplazamiento (Canal B)","Versatz B","オフセット B","오프셋 B","偏移 B","Смещение B"
"_AudioLinkPathTimeOffsetBandA","Band A","Banda (Canal A)","Band A","バンドA","밴드 A","频段 A","Частота A"
"_AudioLinkPathTimeOffsetA","Offset   A","Desplazamiento (Canal A)","Offset A","オフセット A","오프셋 A","偏移 A","Смещение A"
"_PathALEmissionOffset","<size=13><b>  Emission Offset</b></size>","<size=13><b>Desplazamiento de la emisión </b></size>","<size=13><b>Emissionsausgleich</b></size>","<size=13><b>発光オフセット</b></size>","<size=13><b>방출 오프셋</b></size>","<size=13><b>发光偏移</b></size>",""
"_AudioLinkPathEmissionAddBandR","Band    R","Banda (Canal R)","Band R","バンドR","밴드 R","频段 R","Частота R"
"_AudioLinkPathEmissionAddR","Offset  R","Desplazamiento (Canal R)","Versatz R","オフセット R","오프셋 R","偏移 R","Смещение R"
"_AudioLinkPathEmissionAddBandG","Band    G","Banda (Canal G)","Band g","バンド G","밴드 G","频段 G","Частота G"
"_AudioLinkPathEmissionAddG","Offset  G","Desplazamiento (Canal G)","Versatz G","オフセット G","오프셋 G","偏移 G","Смещение G"
"_AudioLinkPathEmissionAddBandB","Band    B","Banda (Canal B)","B und B","バンド B","밴드 B","频段 B","Частота B"
"_AudioLinkPathEmissionAddB","Offset  B","Desplazamiento (Canal B)","Versatz B","オフセット B","오프셋 B","偏移 B","Смещение B"
"_AudioLinkPathEmissionAddBandA","Band    A","Banda (Canal A)","Band A","バンドA","밴드 A","频段 A","Частота A"
"_AudioLinkPathEmissionAddA","Offset  A","Desplazamiento (Canal A)","Offset A","オフセット A","오프셋 A","偏移 A","Смещение A"
"_PathALWidthOffset","<size=13><b>  Width Offset</b></size>","<size=13><b>Desplazamiento de la longitud </b></size>","<size=13><b>Breitenversatz</b></size>","<size=13><b>幅オフセット</b></size>","<size=13><b>너비 오프셋</b></size>","<size=13><b>宽度偏移</b></size>",""
"_AudioLinkPathWidthOffsetBandR","Band    R","Banda (Canal R)","Band R","バンドR","밴드 R","频段 R","Частота R"
"_AudioLinkPathWidthOffsetR","Offset  R","Desplazamiento (Canal R)","Versatz R","オフセット R","오프셋 R","偏移 R","Смещение R"
"_AudioLinkPathWidthOffsetBandG","Band    G","Banda (Canal G)","Band g","バンド G","밴드 G","频段 G","Частота G"
"_AudioLinkPathWidthOffsetG","Offset  G","Desplazamiento (Canal G)","Versatz G","オフセット G","오프셋 G","偏移 G","Смещение G"
"_AudioLinkPathWidthOffsetBandB","Band    B","Banda (Canal B)","B und B","バンド B","밴드 B","频段 B","Частота B"
"_AudioLinkPathWidthOffsetB","Offset  B","Desplazamiento (Canal B)","Versatz B","オフセット B","오프셋 B","偏移 B","Смещение B"
"_AudioLinkPathWidthOffsetBandA","Band    A","Banda (Canal A)","Band A","バンドA","밴드 A","频段 A","Частота A"
"_AudioLinkPathWidthOffsetA","Offset  A","Desplazamiento (Canal A)","Offset A","オフセット A","오프셋 A","偏移 A","Смещение A"
"_PathALHistory","<size=13><b>  History</b></size>","<size=13><b>Historial del trazado </b></size>","<size=13><b> Verlauf</b></size>","<size=13><b>推移</b></size>","<size=13><b>기록</b></size>","<size=13><b>历史</b></size>","<size=13><b>  История</b></size>"
"_PathALHistoryBandR","R Band","Banda (Canal R)","R-Band","Rバンド","R 밴드","R 频段","Частота R"
"_PathALHistoryR","R History","Historial (Canal R)","R-Geschichte","Rの推移","R 기록","R 历史","История R"
"_PathALHistoryBandG","G Band","Banda (Canal G)","G-Band","Gバンド","G 밴드","G 频段","Частота G"
"_PathALHistoryG","G History","Historial (Canal G)","G Geschichte","Gの推移","G 기록","G 历史","История G"
"_PathALHistoryBandB","B Band","Banda (Canal B)","B-Band","Bバンド","B 밴드","B 频段","Частота B"
"_PathALHistoryB","B History","Historial (Canal B)","B Geschichte","Bの推移","B 기록","B 历史","История B"
"_PathALHistoryBandA","A Band","Banda (Canal A)","Eine Band","バンド","A 밴드","A 频段","Частота A"
"_PathALHistoryA","A History","Historial (Canal A)","Eine Geschichte","推移","A 기록","A 历史","История A"
"_PathALChrono","<size=13><b>  Chrono Time</b></size>","<size=13><b>Tiempo de cronotensidad</b></size>","<size=13><b> Chrono-Zeit</b></size>","<size=13><b>クロノタイム</b></size>","<size=13><b>크로노 시간</b></size>","<size=13><b>Chrono 时间</b></size>",""
"_PathChronoBandR","R Band","Banda (Canal R)","R-Band","Rバンド","R 밴드","R 频段","Частота R"
"_PathChronoTypeR","R Motion Type","Tipo de movimiento (Canal R)","R Bewegungstyp","Rモーションタイプ","R 모션 타입","R 运动类型","Тип Движения R"
"_PathChronoSpeedR","R Speed","Velocidad (Canal R)","R-Geschwindigkeit","Rスピード","R 속도","R 速度","Скорость R"
"_PathChronoBandG","G Band","Banda (Canal G)","G-Band","Gバンド","G 밴드","G 频段","Частота G"
"_PathChronoTypeG","G Motion Type","Tipo de movimiento (Canal G)","G Bewegungstyp","Gモーションタイプ","G 모션 타입","G 运动类型","Тип Движения G"
"_PathChronoSpeedG","G Speed","Velocidad (Canal G)","G-Geschwindigkeit","Gスピード","G 속도","G 速度","Скорость G"
"_PathChronoBandB","B Band","Banda (Canal B)","B-Band","Bバンド","B 밴드","B 频段","История B"
"_PathChronoTypeB","B Motion Type","Tipo de movimiento (Canal B)","B Bewegungstyp","ロモーションタイプ","B 모션 타입","B 运动类型","Тип Движения B"
"_PathChronoSpeedB","B Speed","Velocidad (Canal B)","B-Geschwindigkeit","Bスピード","B 속도","B 速度","Скорость B"
"_PathChronoBandA","A Band","Banda (Canal A)","Eine Band","バンド","A 밴드","A 频段","Частота A"
"_PathChronoTypeA","A Motion Type","Tipo de movimiento (Canal A)","Ein Bewegungstyp","モーションタイプ","A 모션 타입","A 运动类型","Тип Движения A"
"_PathChronoSpeedA","A Speed","Velocidad (Canal A)","Eine Geschwindigkeit","速度","A 속도","A 速度","Скорость A"
"_PathALAutoCorrelator","<size=13><b>  Auto Correlator</b></size>","<size=13><b>Autocorrelación </b></size>","<size=13><b>Autokorrelator</b></size>","<size=13><b>自己比較</b></size>","<size=13><b>자동 상관기</b></size>","<size=13><b>自动相关器</b></size>",""
"_PathALAutoCorrelatorR","R Type","Tipo (Canal R)","R-Typ","Rタイプ","R 유형","R 类型",""
"_PathALAutoCorrelatorG","G Type","Tipo (Canal G)","G-Typ","Gタイプ","G 유형","G 类型",""
"_PathALAutoCorrelatorB","B Type","Tipo (Canal B)","B-Typ","Bタイプ","B 유형","B 类型",""
"_PathALAutoCorrelatorA","A Type","Tipo (Canal A)","Eine Art","タイプ","A 유형","A 类型",""
"_PathALCCR","R Color Chord Strip","Banda de acordes de color R","R Farbakkordstreifen","R カラー コード ストリップ","R 색상 코드 스트립","R 颜色编码条",""
"_PathALCCG","G Color Chord Strip","Banda de acordes de color G","G Farbiger Akkordstreifen","Gカラーコードストリップ","G 색상 코드 스트립","G 颜色编码条",""
"_PathALCCB","B Color Chord Strip","Banda de acordes de color B","B-Farbakkordstreifen","Bカラーコードストリップ","B 색상 코드 스트립","B 颜色编码条",""
"_PathALCCA","A Color Chord Strip","Banda de acordes de color A","Ein Farbakkordstreifen","カラーコードストリップ","A 색상 코드 스트립","A 颜色编码条",""
"m_start_mirrorOptions","Mirror/Camera Visibility","Visibilidad en espejo/cámara","Spiegel-/Kamera-Sichtbarkeit","ミラー/カメラの可視性","거울/카메라 가시성","镜像/摄像机可见性",""
"_EnableMirrorOptions","Enable Mirror Options","Activar opciones de espejo","Spiegelungsoptionen aktivieren","ミラー オプションを有効にする","거울 옵션 활성화","启用镜像选项",""
"_VisibilityMode","Mode","Modo","Modus","モード","모드","模式","Режим"
"_Mirror","Mirror Visibility","Visibilidad del espejo","Spiegelsicht","ミラーの可視性","거울 가시성","镜像可见性",""
"_VisibilityVRCRegular","Normal (Outside Mirror/Camera)","Normal (Espejo exterior/Cámara)","Normal (Außenspiegel/Kamera)","ノーマル（アウトサイドミラー・カメラ）","일반 (외부 거울/카메라)","普通 (外部镜像/摄像机)",""
"_VisibilityVRCMirrorVR","Mirror (VR)","Espejo (Modo VR)","Spiegel (VR)","ミラー（VR）","거울 (VR)","镜像 (VR)",""
"_VisibilityVRCMirrorDesktop","Mirror (Desktop)","Espejo (Modo escritorio)","Spiegel (Desktop)","ミラー (デスクトップ)","거울 (데스크톱)","镜像 (桌面)",""
"_VisibilityVRCCameraVR","Camera (VR)","Cámara (Modo VR)","Kamera (VR)","カメラ（VR）","카메라 (VR)","摄像机 (VR)",""
"_VisibilityVRCCameraDesktop","Camera (Desktop)","Cámara (Modo escritorio)","Kamera (Desktop)","カメラ (デスクトップ)","카메라 (데스크톱)","摄像机 (桌面)",""
"_VisibilityVRCCameraScreenshot","Screenshot","Captura de pantalla","Bildschirmfoto","スクリーンショット","스크린샷","截屏",""
"_MirrorColor","Color","Color en espejo","Spiegeltönungsfarbe","ミラーの色調整","거울 틴트 색상","镜像颜色调整","Цвет"
"_MirrorTexture","Texture","Textura en espejo","Spiegel-Textur","ミラー テクスチャ","거울 텍스처","镜像纹理",""
"_MirrorTexturePan","Panning","Barrido","Bewegung","パンニング","패닝","平移","Прокрутка"
"_MirrorTextureUV","UV","UV","UV","UV","UV","UV","UV"
"_MirrorTextureBlendType","Blending","Tipo de mezcla","Mischen","ブレンディング","블렌딩","混合类型","Смешивание"
"m_start_depthFX","Depth FX","Efectos de profundidad","Tiefen-FX","深度FX","깊이 FX","深度 FX",""
"_EnableTouchGlow","Enable Depth FX","Activar efectos de profundidad","Tiefen-FX aktivieren","深度 FX を有効にする","깊이 FX 활성화","启用深度 FX",""
"_DepthMask","Mask","Máscara","Maske","マスク","마스크","遮罩","Маска"
"_DepthMaskPan","Panning","Barrido","Bewegung","パンニング","패닝","平移","Прокрутка"
"_DepthMaskUV","UV","UV","UV","UV","UV","UV","UV"
"_DepthMaskChannel","Channel","Canal","Kanal","チャンネル","채널","通道","Канал"
"_DepthMaskGlobalMask","Global Mask","Máscara global","Globale Maske","グローバル マスク","글로벌 마스크","全局遮罩","Глобальная Маска"
"_DepthMaskGlobalMaskBlendType","Blending","Tipo de mezcla","Mischen","ブレンディング","블렌딩","混合类型","Смешивание"
"_DepthColorToggle","Color & Emission","<size=13><b>Color y emisión </b></size>","<size=13><b>Farbe & Emission</b></size>","<size=13><b>色と発光</b></size>","<size=13><b>색상 & 방출</b></size>","<size=13><b>颜色 & 发光</b></size>",""
"_DepthColorBlendMode","Blend Type","Tipo de mezcla","Mischungstyp","ブレンドタイプ","블렌드 유형","混合类型",""
"_DepthTexture","Depth Texture","Textura de profundidad","Tiefe Textur","深度テクスチャ","깊이 텍스처","深度纹理",""
"_DepthTexturePan","Panning","Barrido","Bewegung","パンニング","패닝","平移","Прокрутка"
"_DepthTextureUV","UV","UV","UV","UV","UV","UV","UV"
"_DepthColor","Color","Color","Farbe","色","색상","颜色","Цвет"
"_DepthEmissionStrength","Emission Strength","Intensidad de la emisión","Emissionsstärke","発光の強さ","방출 강도","发光强度","Сила Свечения"
"_DepthColorMinDepth","Min Depth","Profundidad mínima","Mindesttiefe","最小深度","최소 깊이","最小深度",""
"_DepthColorMaxDepth","Max Depth","Profundidad máxima","Maximale Tiefe","最大深度","최대 깊이","最大深度",""
"_DepthColorMinValue","Min Color Blend","Color mínimo de mezcla","Min. Farbmischung","最小カラー ブレンド","최소 색상 블렌드","最小颜色混合",""
"_DepthColorMaxValue","Max Color Blend","Color máximo de mezcla","Maximale Farbmischung","最大カラー ブレンド","최대 색상 블렌드","最大颜色混合",""
"_DepthAlphaToggle","Alpha","<size=13><b>Alfa </b></size>","<size=13><b>Alpha</b></size>","<size=13><b>アルファ</b></size>","<size=13><b>알파</b></size>","<size=13><b>Alpha</b></size>","<size=13><b>Альфа</b></size>"
"_DepthAlphaMinDepth","Min Depth","Profundidad mínima","Mindesttiefe","最小深度","최소 깊이","最小深度",""
"_DepthAlphaMaxDepth","Max Depth","Profundidad máxima","Maximale Tiefe","最大深度","최대 깊이","最大深度",""
"_DepthAlphaMinValue","Min Alpha","Alfa mínimo","Min-Alpha","最小アルファ","최소 알파","最小 Alpha","Мин. Альфа"
"_DepthAlphaMaxValue","Max Alpha","Alfa máximo","MaxAlpha","最大アルファ","최대 알파","最大 Alpha","Макс. Альфа"
"m_start_Iridescence","Iridescence","Iridiscencia","Irisieren","イリディセント","무지개빛","虹彩 (Iridescence)",""
"_EnableIridescence","Enable Iridescence","Activar iridiscencia","Schillern aktivieren","虹色を有効にする","무지개빛 활성화","启用虹彩",""
"_IridescenceRamp","Ramp","Rampa","Rampe","ランプ","램프","渐变","Рампа"
"_IridescenceRampPan","Panning","Barrido de la rampa","Bewegung","パンニング","패닝","平移","Прокрутка"
"_IridescenceMask","Mask","Máscara","Maske","マスク","마스크","遮罩","Маска"
"_IridescenceMaskPan","Panning Mask","Barrido","Bewegung","パンニング","패닝","平移",""
"_IridescenceMaskUV","UV","Máscara UV","UV-Maske","マスクUV","마스크 UV","遮罩 UV","UV"
"_IridescenceMaskChannel","Channel","Canal","Kanal","チャンネル","채널","通道","Канал"
"_IridescenceMaskGlobalMask","Global Mask","Máscara global","Globale Maske","グローバル マスク","글로벌 마스크","全局遮罩","Глобальная Маска"
"_IridescenceMaskGlobalMaskBlendType","Blend Type","Tipo de mezcla","Mischen","ブレンディング","블렌딩","混合类型",""
"_IridescenceNormalToggle","Normal ","Normales personalizadas","Benutzerdefinierte Normalen","カスタムノーマル(法線)","커스텀 노멀(법선)","自定义法线","Нормаль"
"_IridescenceNormalMap","Normal Map","Mapa de normales","Normale Textur","ノーマルマップ (法線マップ)","노멀맵 (법선맵)","法线贴图","Карта Номалей"
"_IridescenceNormalIntensity","Normal Intensity","Intensidad normal","Normale Intensität","ノーマルマップ(法線マップ)の強度","노멀맵(법선맵) 강도","法线强度","Интенсивность Нормали"
"_IridescenceNormalMapPan","Panning","Barrido","Bewegung","パンニング","패닝","平移","Прокрутка"
"_IridescenceNormalMapUV","UV","UV","Normales UV","ノーマルマップ(法線マップ)のUV","노멀맵(법선맵) UV","法线 UV","UV"
"_IridescenceNormalSelection","Normal Selection","Seleccionar normales","Normale Auswahl","ノーマルマップ(法線マップ)の選択","노멀맵(법선맵) 선택","法线选择",""
"_IridescenceIntensity","Intensity","Intensidad","Intensität","強度","강도","强度","Интенсивность"
"_IridescenceAddBlend","Add","Agregar","Mischen Hinzufügen","ブレンド追加","블렌드 추가","添加混合","Сложение"
"_IridescenceReplaceBlend","Replace","Reemplazar","Mischung ersetzen","ブレンド置換","블렌드 교체","替换混合","Замена"
"_IridescenceMultiplyBlend","Mutliply","Multiplicar","Multiplizieren mischen","ブレンド乗算","블렌드 곱하기","乘法混合","Умножение"
"_IridescenceEmissionStrength","Emission Strength","Intensidad de la emisión","Emissionsstärke","発光の強さ","발광 강도","发光强度","Сила Свечения"
"_IridescenceHueShiftEnabled","Hue Shift","<size=13><b>Cambio de tono</b></size>","<size=13><b>Farbtonverschiebung</b></size>","<size=13><b>ぼかしシフト</b></size>","<size=13><b>색조 시프트</b></size>","<size=13><b>色相偏移</b></size>","<size=13><b>Сдвиг Тона</b></size>"
"_IridescenceHueShiftSpeed","Shift Speed","Velocidad del cambio","Geschwindigkeit","スピード","속도","速度","Скорость Сдвига"
"_IridescenceHueShift","Hue Shift","Cambio de tono","Schicht","シフト","시프트","偏移",""
"m_start_IridescenceAudioLink","Audio Link ♫","AudioLink ♫","Audiolink ♫","オーディオリンク♫","오디오링크♫","AudioLink ♫","AudioLink ♫"
"_IridescenceAudioLinkEmissionAddBand","Emission Add Band","Banda de emisión","Emissionsband","発光帯","발광 밴드","发光频段",""
"_IridescenceAudioLinkEmissionAdd","Emission Add Mod","Modificador de emisión","Emissionsmod","発光モッド","발광 모드","发光调节",""
"m_start_Text","Stats Overlay","Superposición de estadísticas","Statistik-Overlay","統計情報のオーバーレイ表示","통계 정보 오버레이 표시","统计信息叠加",""
"_TextEnabled","Text","Activar texto","Text","文章","텍스트","文本","Текст"
"_TextGlyphs","Font Array","Glifos de textos","Font-Array","フォント配列","글꼴 배열","字体数组",""
"_TextPixelRange","Pixel Range","Rango de píxeles","Pixelbereich","ピクセル範囲","픽셀 범위","像素范围",""
"m_start_TextFPS","FPS","Cuadros por segundo (FPS)","FPS","FPS","FPS","FPS","FPS"
"_TextFPSEnabled","FPS Text","Activar texto (FPS)","FPS-Text","FPS テキスト","FPS 텍스트","FPS 文本","Текст FPS"
"_TextFPSUV","FPS UV","UV","FPS-UV","FPS UV","FPS UV","FPS UV","FPS UV"
"_TextFPSColor","Color","Color","Farbe","色","색상","颜色","Цвет"
"_TextFPSEmissionStrength","Emission Strength","Intensidad de la emisión","Emissionsstärke","発光の強さ","발광 강도","发光强度","Сила Свечения"
"_TextFPSOffset","Offset","Desplazamiento","Versatz","オフセット","오프셋","偏移","Смещение"
"_TextFPSRotation","Rotation","Rotación","Drehung","回転","회전","旋转","Вращение"
"_TextFPSScale","Scale","Escala","Skala","規模","크기","缩放","Масштаб"
"_TextFPSPadding","Padding Reduction","Reducción del relleno","Reduzierung der Polsterung","パディング削減","패딩 감소","减少填充",""
"m_start_TextPosition","Position","Posición","Position","位置","위치","位置","Позиция"
"_TextPositionEnabled","Position Text","Activar texto de posición","Positionstext","位置テキスト","위치 텍스트","位置文本","Текст Позиции"
"_TextPositionUV","Position UV","UV","UV positionieren","UVの位置","UV 위치","位置 UV","UV Позиции"
"_TextPositionColor","Color","Color","Farbe","色","색상","颜色","Цвет"
"_TextPositionEmissionStrength","Emission Strength","Intensidad de la emisión","Emissionsstärke","発光の強さ","발광 강도","发光强度","Сила Свечения"
"_TextPositionOffset","Offset","Desplazamiento","Versatz","オフセット","오프셋","偏移","Смещение"
"_TextPositionRotation","Rotation","Rotación","Drehung","回転","회전","旋转","Вращение"
"_TextPositionScale","Scale","Escala","Skala","規模","크기","缩放","Масштаб"
"_TextPositionPadding","Padding Reduction","Reducción del relleno","Reduzierung der Polsterung","パディング削減","패딩 감소","减少填充",""
"m_start_TextInstanceTime","Instance Time","Tiempo en la estancia","Instanzzeit","インスタンス時間","인스턴스 시간","实例时间","Время Инстанса"
"_TextTimeEnabled","Time Text","Activar texto de tiempo","Zeittext","時間テキスト","시간 텍스트","时间文本","Текст Времени"
"_TextTimeUV","Time UV","UV","Zeit UV","時間UV","시간 UV","时间 UV","UV Времени"
"_TextTimeColor","Color","Color","Farbe","色","색상","颜色","Цвет"
"_TextTimeEmissionStrength","Emission Strength","Intensidad de la emisión","Emissionsstärke","発光の強さ","발광 강도","发光强度","Сила Свечения"
"_TextTimeOffset","Offset","Desplazamiento","Versatz","オフセット","오프셋","偏移","Смещение"
"_TextTimeRotation","Rotation","Rotación","Drehung","回転","회전","旋转","Вращение"
"_TextTimeScale","Scale","Escala","Skala","規模","크기","缩放","Масштаб"
"_TextTimePadding","Padding Reduction","Reducción del relleno","Reduzierung der Polsterung","パディング削減","패딩 감소","减少填充",""
"m_start_TextNumeric","Numeric (WIP)","Numérico (En progreso)","Numerisch (WIP)","数値 (見本)","숫자 (WIP)","数值 (WIP)","Числовой (WIP)"
"_TextNumericEnabled","Numeric Text","Activar texto numérico","Numerischer Text","数値テキスト","숫자 텍스트","数值文本","Числовой Текст"
"_TextNumericUV","Numeric UV","UV","Numerischer UV","数値 UV","숫자 UV","数值 UV","Числовой UV"
"_TextNumericColor","Color","Color","Farbe","色","색상","颜色","Цвет"
"_TextNumericValue","Display Value","Valor de visualización","Anzeigewert","表示値","표시 값","显示值",""
"_TextNumericWholeDigits","Whole Digits","Dígitos enteros","Ganze Ziffern","整数","정수","整数位数",""
"_TextNumericDecimalDigits","Decimal Digits","Dígitos decimales","Dezimalziffern","10 進数","십진수","小数位数",""
"_TextNumericTrimZeroes","Trim Leading Zeroes","Eliminar los ceros iniciales","Trimmen Sie führende Nullen","先頭のゼロをトリム","앞쪽 0 자르기","修剪前导零",""
"_TextNumericEmissionStrength","Emission Strength","Intensidad de la emisión","Emissionsstärke","発光の強さ","발광 강도","发光强度","Сила Свечения"
"_TextNumericOffset","Offset","Desplazamiento","Versatz","オフセット","오프셋","偏移","Смещение"
"_TextNumericRotation","Rotation","Rotación","Drehung","回転","회전","旋转","Вращение"
"_TextNumericScale","Scale","Escala","Skala","規模","크기","缩放","Масштаб"
"_TextNumericPadding","Padding Reduction","Reducción del relleno","Reduzierung der Polsterung","パディングの削減","패딩 감소","减少填充",""
"m_start_FXProximityColor","Proximity Color","Color de proximidad","Nähe Farbe","カメラの距離に応じた変色","카메라 거리에 따른 색상 변경","距离变色",""
"_FXProximityColor","Enable","Activar","Aktivieren","有効","활성화","启用","Включить"
"_FXProximityColorType","Pos To Use","Posición a usar","Zu verwendende Position","使用する位置","사용할 위치","使用位置","Использовать Позицию"
"_FXProximityColorMinColor","Min Color","Alfa de distancia mínima","Mindestabstand Alpha","最小距離アルファ","최소 거리 알파","最小距离 Alpha",""
"_FXProximityColorMaxColor","Max Color","Alfa de distancia máxima","Maximale Entfernung Alpha","最大距離アルファ","최대 거리 알파","最大距离 Alpha",""
"_FXProximityColorMinDistance","Min Distance","Distancia mínima","Mindestabstand","最小距離","최소 거리","最小距离","Мин. Расстояние"
"_FXProximityColorMaxDistance","Max Distance","Distancia máxima","Maximale Entfernung","最大距離","최대 거리","最大距离","Макс. Расстояние"
"_FXProximityColorBackFace","Force BackFace Color","Forzar el color de la cara trasera","Rückseitenfarbe erzwingen","背面の色を強制する","뒷면 색상 강제","强制背面颜色",""
"m_start_internalparallax","Internal Parallax","Paralaje interno","Interne Parallaxe","内部視差","내부 시차","内部视差",""
"_PoiInternalParallax","Enable","Activar","Aktivieren","有効","활성화","启用","Включить"
"_ParallaxInternalHeightmapMode","Parallax Mode","Modo de paralaje","Parallax-Modus","視差モード","시차 모드","视差模式",""
"_ParallaxInternalHeightFromAlpha","Height From Alpha","Altura según el alfa","HöheVonAlpha","高さをアルファから取得","알파에서 높이 가져오기","从 Alpha 获取高度",""
"_ParallaxInternalMap","Internal Map","Mapa interno","Interne Textur","内部マップ","내부 맵","内部贴图",""
"_ParallaxInternalMapPan","Panning","Barrido","Bewegung","パンニング","패닝","平移","Прокрутка"
"_ParallaxInternalMapMask","Mask","Máscara","Maske","マスク","마스크","遮罩","Маска"
"_ParallaxInternalMapMaskPan","Panning","Barrido de la máscara","Bewegung","パンニング","패닝","平移","Прокрутка"
"_ParallaxInternalMapMaskUV","UV","UV","UV","UV","UV","UV","UV"
"_ParallaxInternalMapMaskChannel","Channel","Canal","Kanal","チャンネル","채널","通道","Канал"
"_ParallaxInternalIterations","Parallax Internal Iterations","Iteraciones internas de paralaje","Parallax Interne Iterationen","視差の内部反復","시차 내부 반복","视差内部迭代",""
"_ParallaxInternalMinDepth","Min Depth","Profundidad mínima","Mindesttiefe","最小深度","최소 깊이","最小深度",""
"_ParallaxInternalMaxDepth","Max Depth","Profundidad máxima","Maximale Tiefe","最大深度","최대 깊이","最大深度",""
"_ParallaxInternalMinFade","Min Depth Brightness","Brillo mínimo de profundidad","Minimale Tiefenhelligkeit","最小深度の明るさ","최소 깊이 밝기","最小深度亮度",""
"_ParallaxInternalMaxFade","Max Depth Brightness","Brillo máximo de profundidad","Maximale Tiefenhelligkeit","最大深度の明るさ","최대 깊이 밝기","最大深度亮度",""
"_ParallaxInternalMinColor","Min Depth Color","Color de profundidad mínima","Min. Tiefenfarbe","最小深度カラー","최소 깊이 색상","最小深度颜色",""
"_ParallaxInternalMaxColor","Max Depth Color","Color de profundidad máxima","Maximale Tiefenfarbe","最大深度カラー","최대 깊이 색상","最大深度颜色",""
"_ParallaxInternalPanDepthSpeed","Per Level Pan Multiplier","Multiplicador de velocidad por nivel","Geschwindigkeitsmultiplikator pro Level","レベルごとの速度乗数","레벨당 속도 배율","每级速度乘数",""
"_ParallaxInternalHueShiftEnabled","Hue Shift","<size=13><b>Cambio de tono </b></size>","<size=13><b>Farbtonverschiebung</b></size>","<size=13><b>ぼかしシフト</b></size>","<size=13><b>색조 시프트</b></size>","<size=13><b>色相偏移</b></size>","<size=13><b>Сдвиг Тона</b></size>"
"_ParallaxInternalHueShift","Hue Shift","Cambio de tono","Farbtonverschiebung","ぼかしシフト","색조 시프트","色相偏移","Сдвиг Тона"
"_ParallaxInternalHueShiftSpeed","Hue Shift Speed","Velocidad del cambio","Farbtonverschiebungsgeschwindigkeit","ぼかしシフト速度","색조 시프트 속도","色相偏移速度","Скорость Сдвига Тона"
"_ParallaxInternalHueShiftPerLevel","Hue Shift Per Level","Cambio de tono por nivel","Farbtonverschiebung pro Stufe","レベルごとのぼかしシフト","레벨당 색조 시프트","每级色相偏移",""
"m_start_truchet","Truchet","Teselado de Truchet","Truchet","トルシェット","트루셰","Truchet 镶嵌",""
"_EnableTruchet","Enable Truchet","Activar Truchet","Truet aktivieren","トルシェット を有効にする","트루셰 활성화","启用 Truchet",""
"_TruchetUV","UV","UV","UV","UV","UV","UV","UV"
"_TruchetShape","","Forma","Form","形","모양","形状",""
"_TruchetDensity","Density","Densidad","Dichte","密度","밀도","密度","Плотность"
"_TruchetThiccness","Thiccness","Grosor","Dicke","厚さ","두께","厚度",""
"_TruchetColor","Color","Color","Farbe","色","색상","颜色","Цвет"
"_TruchetPan","","Barrido","Pfad Panen","パス パン","경로 패닝","路径平移",""
"_TruchetTex","TruchetTex","Textura","TruchetTexen","トルシェット Tex","트루셰 텍스처","Truchet 纹理",""
"_TruchetAlpha","Alpha","Alfa","Alpha","アルファ","알파","Alpha","Альфа"
"_TruchetEmissionStrength","Emission Strength","Intensidad de la emisión","Emissionsstärke","発光の強さ","발광 강도","发光强度","Сила Свечения"
"_TruchetTexPan","Panning","Barrido de la textura","Bewegung","パンニング","패닝","平移","Прокрутка"
"m_start_videoEffects","Video Effects","Efectos de video","Videoeffekte","ビデオ効果","비디오 효과","视频效果",""
"_VideoEffectsEnable","Enable VideoEffects","Activar efectos de video","Aktivieren Sie VideoEffects","ビデオ効果 を有効にする","비디오 효과 활성화","启用视频效果",""
"_VideoType","Screen Type","Tipo de pantalla","Bildschirmtyp","スクリーンタイプ","화면 유형","屏幕类型",""
"_VideoBacklight","Brightness","Retroiluminación","Helligkeit","明るさ","밝기","亮度","Яркость"
"_VideoEmissionEnabled","Emission Enabled","Emisión activada","Emission aktiviert","発光を有効にする","발광 활성화","启用发光",""
"_VideoPixelTexture","Pixel Texture","Textura de píxeles","Pixel-Textur","ピクセル テクスチャ","픽셀 텍스처","像素纹理",""
"_VideoPixelTextureUV","UV","UV","UV","UV","UV","UV","UV"
"_VideoMaskTexture","Mask","Máscara","Maske","マスク","마스크","遮罩","Маска"
"_VideoMaskTexturePan","Panning","Barrido","Bewegung","パンニング","패닝","平移","Прокрутка"
"_VideoMaskTextureUV","UV","UV","UV","UV","UV","UV","UV"
"_VideoMaskTextureChannel","Channel","Canal","Kanal","チャンネル","채널","通道","Канал"
"m_start_VideoSettings","Video Texture Settings","Configuración de la textura del video","Videotextureinstellungen","ビデオ テクスチャの設定","비디오 텍스처 설정","视频纹理设置",""
"_VideoResolution","Resolution","Resolución","Auflösung","解像度","해상도","分辨率",""
"_VideoPixelateToResolution","Pixelate To Resolution","Pixelar a la resolución","Auf Auflösung verpixeln","解像度へのピクセル化","해상도로 픽셀화","像素化到分辨率",""
"_VideoSaturation","Saturation","Saturación","Sättigung","色調","채도","饱和度","Насыщенность"
"_VideoContrast","Contrast boost","Mejora del contraste","Kontrastverstärkung","コントラストブースト","대비 강화","对比度增强",""
"m_start_CRT","CRT Options","Opciones de tubo de rayos catódicos (CRT)","CRT-Optionen","ブラウン管オプション","CRT 옵션","CRT 选项",""
"_VideoCRTRefreshRate","Refresh Rate","Frecuencia de actualización","Aktualisierungsrate","リフレッシュレート","새로고침 빈도","刷新率",""
"_VideoCRTPixelEnergizedTime","Pixel Fade Time","Tiempo de desvanecimiento de píxeles","Pixel-Fade-Zeit","ピクセルフェードタイム","픽셀 페이드 시간","像素淡出时间",""
"m_start_Gameboy","Gameboy Options","Opciones de Gameboy","Gameboy-Optionen","ゲームボーイオプション","게임보이 옵션","Gameboy 选项",""
"_VideoGameboyRamp","Color Ramp","Rampa de color","Farbrampe","カラーランプ","컬러 램프","颜色渐变",""
"m_AudioLinkCategory","Audio Link","AudioLink","Audiolink","オーディオリンク","오디오링크","AudioLink","AudioLink"
"m_start_audioLink","Audio Link","AudioLink","Audiolink","オーディオリンク","오디오링크","AudioLink","AudioLink"
"_EnableAudioLink","Enabled","Activado","Ermöglicht","有効","활성화","启用","Включено"
"_AudioLinkHelp","This section houses the global controls for audio link. Controls for individual features are in their respective sections. (Emission/Dissolve/etc...)","Esta sección contiene los controles generales para el AudioLink. Los controles para funciones individuales se encuentran en sus respectivas secciones. (Emisión/Disolución/etc...)","Dieser Abschnitt enthält die globalen Steuerelemente für die Audioverbindung. Steuerelemente für einzelne Funktionen befinden sich in den jeweiligen Abschnitten. (Emission Dissolve Etc.)","このセクションにはオーディオリンクのグローバルコントロールが配置されています。個々の機能のコントロールはそれぞれのセクションにあります（エミッションディゾルブなど）。","이 섹션에는 오디오링크에 대한 전역 컨트롤이 포함되어 있습니다. 개별 기능에 대한 컨트롤은 각 섹션에 있습니다. (발광","此部分包含 AudioLink 的全局控件。单个功能的控件位于各自的部分中（发光溶解等）。",""
"_AudioLinkAnimToggle","Anim Toggle","AudioLink","Animation umschalten","アニメーション切り替え","애니메이션 전환","动画切换",""
"m_start_ALDecalSpectrum","AL ♫ Spectrum","Espectro del AudioLink ♫","AL ♫ Spektrumen","オーディオリンク ♫ スペクトラム","오디오링크 ♫ 스펙트럼","AudioLink ♫ 频谱",""
"_EnableALDecal","Enable AL Decal","Activar la calcomanía","AL-Aufkleber aktivieren","AL デカールを有効にする","AL 데칼 활성화","启用 AL 贴花",""
"_ALDecalType","AL Type","Tipo de AL","AL-Typ","アルタイプ","AL 유형","AL 类型",""
"_ALDecalUVMode","UV Mode","Modo UV","UV-Modus","UVモード","UV 모드","UV 模式","Режим UV"
"_ALDecalUV","UV","UV","UV","UV","UV","UV","UV"
"_ALUVPosition","Position","Posición","Position","位置","위치","位置","Позиция"
"_ALUVScale","Scale","Escala","Skala","規模","크기","缩放","Масштаб"
"_ALUVRotation","Rotation","Rotación","Drehung","回転","회전","旋转","Вращение"
"_ALUVRotationSpeed","Rotation Speed","Velocidad de rotación","Drehgeschwindigkeit","回転速度","회전 속도","旋转速度","Скорость Ротации"
"_ALDecalLineWidth","Line Width","Ancho de línea","Linienbreite","線幅","선 너비","线宽",""
"_ALDecaldCircleDimensions","Cirlce Dimensions","Mediciones circulares","Kreisabmessungen","サークル寸法","원 치수","圆尺寸",""
"_ALDecalVolumeStep","Volume Step Num (0 = Off)","Número de paso de volumen (0 = apagado)","Lautstärkeschrittnummer (0 = Aus)","音量ステップ番号 (0 = オフ)","볼륨 단계 번호 (0 = 꺼짐)","音量步进数 (0 = 关)",""
"_ALDecalVolumeClipMin","Volume Clip Min","Límite de volumen mínimo","Lautstärke Clip Min","ボリューム クリップ 最小値","볼륨 클립 최소값","音量裁剪最小值",""
"_ALDecalVolumeClipMax","Volume Clip Max","Límite de volumen máximo","Lautstärke Clip max","ボリューム クリップ 最大値","볼륨 클립 최대값","音量裁剪最大值",""
"_ALDecalBandStep","Band Step Num (0 = Off)","Número de paso de banda (0 = apagado)","Bandschrittnummer (0 = Aus)","帯域ステップ番号 (0 = オフ)","밴드 단계 번호 (0 = 꺼짐)","频段步进数 (0 = 关)",""
"_ALDecalBandClipMin","Band Clip Min","Límite de banda mínimo","Bandclip Min","バンド クリップ 最小値","밴드 클립 최소값","频段裁剪最小值",""
"_ALDecalBandClipMax","Band Clip Max","Límite de banda máximo","Bandclip max","バンド クリップ 最大値","밴드 클립 최대값","频段裁剪最大值",""
"_ALDecalShapeClip","<size=13><b>  Shape Clip</b></size>","<size=13><b>Recorte de forma </b></size>","<size=13><b>Formclip</b></size>","<size=13><b>シェイプ クリップ</b></size>","<size=13><b>모양 클립</b></size>","<size=13><b>形状裁剪</b></size>",""
"_ALDecalShapeClipVolumeWidth","Volume Width","Ancho del volumen","Volumenbreite","ボリューム幅","볼륨 너비","音量宽度",""
"_ALDecalShapeClipBandWidth","Band Width","Ancho de la banda","Bandbreite","バンド幅","밴드 너비","频段宽度",""
"_ALDecalVolume","Volume","Volumen","Volumen","音量","볼륨","音量",""
"_ALDecalBaseBoost","Bass Boost","Aumento de los graves","Bass-Boost","バスブースト","베이스 부스트","低音增强",""
"_ALDecalTrebleBoost","Treble Boost","Aumento de los agudos","Höhenverstärkung","トレブルブースト","고음 부스트","高音增强",""
"_ALDecalColorMask","Color & Mask","Color y máscara","Farbe & Maske","カラー＆マスク","색상 & 마스크","颜色 & 遮罩",""
"_ALDecalColorMaskPan","Panning","Barrido","Bewegung","パンニング","패닝","平移","Прокрутка"
"_ALDecalColorMaskUV","UV","UV","UV","UV","UV","UV","UV"
"_ALDecalVolumeColorSource","Source","Fuente","Quelle","ソース","소스","源",""
"_ALDecalVolumeColorLow","Volume Color Low","Color del volumen bajo","Lautstärke Farbe Niedrig","ボリューム カラー 低","볼륨 색상 낮음","低音量颜色",""
"_ALDecalLowEmission","Low Emission","Emisión del volumen bajo","Niedrige Emissionen","発光 低","발광 낮음","低发光",""
"_ALDecalVolumeColorMid","Volume Color Mid","Color del volumen medio","Volumen Farbe Mittel","ボリューム カラー 中","볼륨 색상 중간","中音量颜色",""
"_ALDecalMidEmission","Mid Emission","Emisión del volumen medio","Mittlere Emission","発光 中","발광 중간","中发光",""
"_ALDecalVolumeColorHigh","Volume Color High","Color del volumen alto","Volumen Farbe Hoch","ボリューム カラー 高","볼륨 색상 높음","高音量颜色",""
"_ALDecalHighEmission","High Emission","Emisión del volumen alto","Hohe Emission","発光 高","발광 높음","高发光",""
"_ALDecalBlendType","Blend Type","Tipo de mezcla","Mischungstyp","ブレンドタイプ","블렌드 유형","混合类型",""
"_ALDecalBlendAlpha","Alpha","Alfa","Alpha","アルファ","알파","Alpha","Альфа"
"_ALDecalControlsAlpha","Override Alpha","Anular alfa","Alpha überschreiben","アルファをオーバーライド","알파 덮어쓰기","覆盖 Alpha",""
"m_modifierCategory","Global Modifiers & Data","Modificadores","Modifikatoren","モーディファイアー","수정자","修改器",""
"m_start_Stochastic","Stochastic Sampling","Muestreo estocástico","Stochastisches Sampling","確率的サンプリング","확률적 샘플링","随机采样 (Stochastic)","Стохастическая Выборка"
"_StochasticMode","Sampling Mode","Modo de muestreo","Sampling-Modus","サンプリングモード","샘플링 모드","采样模式",""
"g_start_deliot","","Deliot Heitz","Deliot Heitzde","デリオット・ハイツ","델리오트 하이츠","Deliot Heitz",""
"_StochasticDeliotHeitzDensity","Detiling Density","Densidad","Detilierungsdichte","ディテール密度","디테일 밀도","细节密度",""
"g_end_deliot","","Deliot Heitz","Deliot Heitzde","デリオット・ハイツ","델리오트 하이츠","Deliot Heitz",""
"g_start_hextile","","Teselas hexagonales (Hextil)","Hextil","ヘクタイル","헥스타일","六边形平铺 (Hextile)",""
"_StochasticHexGridDensity","Hex Grid Density","Densidad de cuadrícula hexadecimal","Hex-Gitterdichte","16 進グリッド密度","16진 그리드 밀도","六边形网格密度",""
"_StochasticHexRotationStrength","Rotation Strength","Intensidad de rotación","Rotationsstärke","回転強度","회전 강도","旋转强度",""
"_StochasticHexFallOffContrast","Falloff Contrast","Contraste de atenuación","Falloff-Kontrast","減衰コントラスト","감쇠 대비","衰减对比度",""
"_StochasticHexFallOffPower","Falloff Power","Potencia de atenuación","Falloff-Leistung","減衰力","감쇠력","衰减强度",""
"g_end_hextile","Hex Tile","Teselas hexagonales (Hextil)","Hextil","ヘクタイル","헥스타일","六边形平铺 (Hextile)",""
"m_start_uvDistortion","Distortion UV","Distorsión UV","Verzerrung UV","UVの歪み","UV 왜곡","UV 扭曲",""
"_EnableDistortion","Enabled","Activado","Ermöglicht","有効","활성화","启用","Включено"
"_DistortionUvToDistort","Distorted UV","UV distorsionadas","Verzerrtes UV","歪ませるUV","왜곡할 UV","被扭曲的 UV",""
"_DistortionMask","Mask","Máscara","Maske","マスク","마스크","遮罩","Маска"
"_DistortionMaskPan","Panning","Barrido","Bewegung","パンニング","패닝","平移","Прокрутка"
"_DistortionMaskUV","UV","UV","UV","UV","UV","UV","UV"
"_DistortionMaskChannel","Channel","Canal","Kanal","チャンネル","채널","通道","Канал"
"_DistortionFlowTexture","Distortion Texture 1","Textura de distorsión 1","Verzerrungstextur 1","歪みテクスチャ 1","왜곡 텍스처 1","扭曲纹理 1",""
"_DistortionFlowTexturePan","Panning","Barrido de textura","Bewegung","パンニング","패닝","平移","Прокрутка"
"_DistortionFlowTextureUV","UV","UV de textura","UV","UV","UV","UV","UV"
"_DistortionFlowTexture1","Distortion Texture 2","Textura de distorsión 2","Verzerrungstextur 2","歪みテクスチャ 2","왜곡 텍스처 2","扭曲纹理 2",""
"_DistortionFlowTexture1Pan","Panning","Barrido de textura","Bewegung","パンニング","패닝","平移","Прокрутка"
"_DistortionFlowTexture1UV","UV","UV de textura","UV","UV","UV","UV","UV"
"_DistortionStrength","Strength1","Intensidad1","Stärke1","強さ1","강도1","强度 1",""
"_DistortionStrength1","Strength2","Intensidad2","Stärke2","強さ2","강도2","强度 2",""
"m_start_DistortionAudioLink","Audio Link ♫","AudioLink ♫","Audiolink ♫","オーディオリンク♫","오디오링크♫","AudioLink ♫","Audio Link ♫"
"_EnableDistortionAudioLink","Enabled","Activado","Ermöglicht","有効","활성화","启用","Включено"
"_DistortionStrengthAudioLinkBand","Strength 1 Band","Banda de la intensidad 1","Band der Stärke 1","強度 1 バンド","강도 1 밴드","强度 1 频段",""
"_DistortionStrengthAudioLink","Strength 1 Offset Range","Rango de desplazamiento de la intensidad 1","Stärke 1 Offset-Bereich","強度 1 オフセット範囲","강도 1 오프셋 범위","强度 1 偏移范围",""
"_DistortionStrength1AudioLinkBand","Strength 2 Band","Banda de la intensidad 2","Stärke 2-Band","強度 2 バンド","강도 2 밴드","强度 2 频段",""
"_DistortionStrength1AudioLink","Strength 2 Offset Range","Rango de desplazamiento de la intensidad 2","Stärke 2 Offset-Bereich","強度 2 オフセット範囲","강도 2 오프셋 범위","强度 2 偏移范围",""
"m_start_uvPanosphere","Panosphere UV","Esfera panorámica UV (Panosphere UV)","Panosphäre UV","パノスフィア UV","파노스피어 UV","全景球 UV (Panosphere)",""
"_StereoEnabled","Stereo Layout","Diseño estéreo","Stereo-Layout","ステレオレイアウト","스테레오 레이아웃","立体布局",""
"_PanoUseBothEyes","Perspective Correct (VR)","Perspectiva correcta (Modo VR)","Perspektive korrekt (VR)","パースペクティブ コレクト (VR)","원근 보정 (VR)","透视校正 (VR)",""
"m_start_uvPolar","Polar UV","UV polares","Polares UV","極線・集中線UV","극선/집중선 UV","极坐标 UV",""
"_PolarUV","UV","UV","UV","UV","UV","UV","UV"
"_PolarCenter","Center Coordinate","Coordenadas centrales","Zentrumskoordinate","中心座標","중심 좌표","中心坐标",""
"_PolarRadialScale","Radial Scale","Escala radial","Radiale Skala","放射状スケール","방사형 스케일","径向缩放",""
"_PolarLengthScale","Length Scale","Escala longitudinal","Längenskala","長さスケール","길이 스케일","长度缩放",""
"_PolarSpiralPower","Spiral Power","Intensidad espiral","Spiralkraft","スパイラルパワー","나선 파워","螺旋强度",""
"m_start_parallax","Parallax Heightmapping","Mapeo de altura con paralaje","Parallax Heightmapping","視差のハイトマッピング","시차 높이 매핑","视差高度映射",""
"_PoiParallax","Enable","Activar","Aktivieren","有効","활성화","启用","Включить"
"_ParallaxUV","Applies To: ","Se aplica a:","Gilt für:","適用先：","적용 대상:","适用于:",""
"_HeightMap","Heightmap","Mapa de altura","HöhenTextur","ハイトマップ","높이 맵","高度图",""
"_HeightMapPan","Panning","Barrido","Bewegung","パンニング","패닝","平移","Прокрутка"
"_HeightMapUV","UV","UV","UV","UV","UV","UV","UV"
"_Heightmask","Mask","Máscara","Maske","マスク","마스크","遮罩","Маска"
"_HeightmaskPan","Panning","Barrido","Bewegung","パンニング","패닝","平移","Прокрутка"
"_HeightmaskChannel","Channel","Canal","Kanal","チャンネル","채널","通道","Канал"
"_HeightmaskInvert","Invert","Invertir","Umkehren","反転","반전","反转","Инвертировать"
"_HeightmaskUV","UV","UV","UV","UV","UV","UV","UV"
"_HeightStrength","Strength","Intensidad","Stärke","強さ","강도","强度","Сила"
"_CurvatureU","Curvature U","Curvatura de U","U-Bögenco","曲率 U","곡률 U","曲率 U",""
"_CurvatureV","Curvature V","Curvatura de V","Krümmung v","曲率 V","곡률 V","曲率 V",""
"_HeightStepsMin","Steps Min","Pasos mínimo","Schritte min","最小歩数","최소 걸음 수","最小步数",""
"_HeightStepsMax","Steps Max","Pasos máximo","Schritte max","最大歩数","최대 걸음 수","最大步数",""
"_CurvFix","Curvature Bias","Sesgo de curvatura","Krümmungsverzerrung","曲面の傾き","곡면 기울기","曲面偏移",""
"m_start_BlackLightMasking","BlackLight Masking","Enmascarado de luz negra","Schwarzlichtmaskierung","ブラックライトマスキング","블랙라이트 마스킹","黑光遮罩",""
"_BlackLightMaskingEnabled","BlackLight Masking Enabled","Enmascarado de luz negra activado","BlackLight-Maskierung aktiviert","ブラックライトマスキング有効","블랙라이트 마스킹 활성화","启用黑光遮罩",""
"_BlackLightMasking0Key","Key","Clave","Taste","キー","키","值","Ключ"
"_BlackLightMasking0Range","Range","Rango","Bereich","範囲","범위","范围","Диапазон"
"_BlackLightMasking0GlobalMaskIndex","Apply to Global Mask","Aplicar a la máscara global","Bewerben Sie sich bei Global Mask","グローバルマスクに適用","글로벌 마스크에 적용","应用到全局遮罩","Применить к Глобальной Маске"
"_BlackLightMasking0GlobalMaskBlendType","Blending","Tipo de mezcla","Mischen","ブレンディング","블렌딩","混合类型","Смешивание"
"_BlackLightMasking1Key","Key","Clave","Taste","キー","키","值","Ключ"
"_BlackLightMasking1Range","Range","Rango","Bereich","範囲","범위","范围","Диапазон"
"_BlackLightMasking1GlobalMaskIndex","Apply to Global Mask","Aplicar a la máscara global","Bewerben Sie sich bei Global Mask","グローバルマスクに適用","글로벌 마스크에 적용","应用到全局遮罩","Применить к Глобальной Маске"
"_BlackLightMasking1GlobalMaskBlendType","Blending","Tipo de mezcla","Mischen","ブレンディング","블렌딩","混合类型","Смешивание"
"_BlackLightMasking2Key","Key","Clave","Taste","キー","키","值","Ключ"
"_BlackLightMasking2Range","Range","Rango","Bereich","範囲","범위","范围","Диапазон"
"_BlackLightMasking2GlobalMaskIndex","Apply to Global Mask","Aplicar a la máscara global","Bewerben Sie sich bei Global Mask","グローバルマスクに適用","글로벌 마스크에 적용","应用到全局遮罩","Применить к Глобальной Маске"
"_BlackLightMasking2GlobalMaskBlendType","Blending","Tipo de mezcla","Mischen","ブレンディング","블렌딩","混合类型","Смешивание"
"_BlackLightMasking3Key","Key","Clave","Taste","キー","키","值","Ключ"
"_BlackLightMasking3Range","Range","Rango","Bereich","範囲","범위","范围","Диапазон"
"_BlackLightMasking3GlobalMaskIndex","Apply to Global Mask","Aplicar a la máscara global","Bewerben Sie sich bei Global Mask","グローバルマスクに適用","글로벌 마스크에 적용","应用到全局遮罩","Применить к Глобальной Маске"
"_BlackLightMasking3GlobalMaskBlendType","Blending","Tipo de mezcla","Mischen","ブレンディング","블렌딩","混合类型","Смешивание"
"m_start_normalCorrect","Normal Correct","Corrección de las normales","Normal richtig","ノーマル補正","노멀 보정","法线校正",""
"_NormalCorrect","Enable","Activar","Aktivieren","有効","활성화","启用","Включить"
"_NormalCorrectAmount","Normal Correct Amount","Cantidad de corrección","Normale korrekte Menge","ノーマルの補正値","노멀 보정값","校正量",""
"_NormalCorrectOrigin","Origin","Origen","Herkunft","原点","원점","原点",""
"m_postprocessing","","Posprocesado","Nachbearbeitung","後処理","후처리","后处理",""
"_PPHelp","This section meant for real time adjustments through animations and not to be changed in unity","Esta sección está destinada a ajustes en tiempo real a través de animaciones y no para ser cambiados en Unity","Dieser Abschnitt ist für Echtzeitanpassungen durch Animationen gedacht und darf nicht in Einheit geändert werden","このセクションは、アニメーションによるリアルタイムの調整を目的としており、統一されたものではありません","이 섹션은 애니메이션에 의한 실시간 조정을 목적으로 하며","本部分用于通过动画进行实时调整，不建议在 Unity 中更改",""
"_PPLightingMultiplier","Lighting Mulitplier","Multiplicador de iluminación","Beleuchtungsmultiplikator","光源値乗数","광원값 배율","光照乘数",""
"_PPLightingAddition","Lighting Add","Iluminación adicional","Beleuchtung zusätzl","光源値追加","광원값 추가","光照添加",""
"_PPEmissionMultiplier","Emission Multiplier","Multiplicador de emisión","Emissionsmultiplikator","発光乗数","발광 배율","发光乘数",""
"_PPFinalColorMultiplier","Final Color Multiplier","Multiplicador de color final","Endgültiger Farbmultiplikator","最終色乗数","최종 색상 배율","最终颜色乘数",""
"m_start_postprocess","Post Processing","Posprocesado","Nachbearbeitung","後処理","후처리","后处理",""
"_PostProcess","Enable","Activar","Aktivieren","有効","활성화","启用","Включить"
"_PPMask","Mask","Máscara","Maske","マスク","마스크","遮罩","Маска"
"_PPMaskPan","Panning","Barrido","Bewegung","パンニング","패닝","平移","Прокрутка"
"_PPMaskChannel","Channel","Canal","Kanal","チャンネル","채널","通道","Канал"
"_PPMaskInvert","Invert","Invertir","Umkehren","反転","반전","反转","Инвертировать"
"_PPMaskUV","UV","UV","UV","UV","UV","UV","UV"
"_PPHue","Hue","Tono","Farbton","色調","색조","色相","Тон"
"_PPTint","Tint","Tinte","Farbton","色合い","색合い","色调","Оттенок"
"_PPRGB","RGB","RGB","RGB","RGB","RGB","RGB",""
"_PPContrast","Contrast","Contraste","Kontrast","対比","대비","对比度",""
"_PPSaturation","Saturation","Saturación","Sättigung","色調","채도","饱和度","Насыщенность"
"_PPBrightness","Brightness","Brillo","Helligkeit","明るさ","밝기","亮度","Яркость"
"_PPLightness","Lightness","Ligereza","Leichtigkeit","明度","명도","明度",""
"_PPHDR","HDR","HDR","HDR","HDR","HDR","HDR","HDR"
"_PPPosterization"," Posterization","<size=13><b>Posterización </b></size>","<size=13><b> Posterisierung</b></size>","<size=13><b>ポスタリゼーション</b></size>","<size=13><b>포스터리제이션</b></size>","<size=13><b>色调分离 (Posterization)</b></size>",""
"_PPPosterizationAmount","Steps","Pasos","Schritte","手数","단계","阶数",""
"m_renderingCategory","Rendering","Renderizado","Rendern","レンダリング","렌더링","渲染",""
"_Cull","Cull","Descarte de caras (Cull)","Pflücken","Cull (描画面)","Cull (그리기 면)","剔除 (Cull)",""
"_ZTest","ZTest","Prueba de profundidad (ZTest)","ZTest","Z Test","Z 테스트","Z 测试",""
"_ZWrite","ZWrite","Escritura de profundidad (ZWrite)","ZSchreiben","ZWrite","Z 쓰기","Z 写入",""
"_ColorMask","Color Mask","Máscara de color","Farbmaske","カラーマスク","컬러 마스크","颜色遮罩",""
"_OffsetFactor","Offset Factor","Factor de desplazamiento","Offset-Faktor","オフセット係数","오프셋 계수","偏移因子",""
"_OffsetUnits","Offset Units","Unidades de desplazamiento","Offset-Einheiten","オフセット単位","오프셋 단위","偏移单位",""
"_RenderingReduceClipDistance","Reduce Clip Distance","Reducir la distancia de recorte","Reduzieren Sie den Schnittabstand","距離クリッピングキャンセラー","거리 클리핑 취소","减少裁剪距离",""
"_IgnoreFog","Ignore Fog","Ignorar niebla","Nebel ignorieren","フォグを無視する","안개 무시","忽略雾",""
"Instancing","Instancing","Instanciado","Instanziierung","インスタンス化","인스턴스화","实例化 (Instancing)",""
"m_start_blending","Blending","Mezcla","Mischen","ブレンディング","블렌딩","混合","Смешивание"
"_BlendOp","RGB Blend Op","Operación de mezcla RGB","RGB-Mischop","RGB ブレンド Op","RGB 블렌드 Op","RGB 混合操作",""
"_SrcBlend","RGB Source Blend","Factor de mezcla del RGB origen","RGB-Quellmischung","RGB ソース ブレンド","RGB 소스 블렌드","RGB 源混合",""
"_DstBlend","RGB Destination Blend","Factor de mezcla del RGB destino","RGB-Zielmischung","RGB デスティネーション ブレンド","RGB 대상 블렌드","RGB 目标混合",""
"_AddBlendOp","RGB Blend Op","Operación de mezcla RGB","RGB-Mischop","RGB ブレンド Op","RGB 블렌드 Op","RGB 混合操作",""
"_AddSrcBlend","RGB Source Blend","Factor de mezcla del RGB origen","RGB-Quellmischung","RGB ソース ブレンド","RGB 소스 블렌드","RGB 源混合",""
"_AddDstBlend","RGB Destination Blend","Factor de mezcla del RGB destino","RGB-Zielmischung","RGB デスティネーション ブレンド","RGB 대상 블렌드","RGB 目标混合",""
"m_start_alphaBlending","Advanced Alpha Blending","Mezcla avanzada de alfa","Erweitertes Alpha-Blending","高度なアルファ ブレンディング","고급 알파 블렌딩","高级 Alpha 混合",""
"_BlendOpAlpha","Alpha Blend Op","Operación de mezcla alfa","Alpha Blend Op","アルファ ブレンド Op","알파 블렌드 Op","Alpha 混合操作",""
"_SrcBlendAlpha","Alpha Source Blend","Factor de mezcla del alfa origen","Alpha-Quellen-Mischung","アルファ ソース ブレンド","알파 소스 블렌드","Alpha 源混合",""
"_DstBlendAlpha","Alpha Destination Blend","Factor de mezcla del alfa destino","Alpha-Destination-Mischung","アルファ デスティネーション ブレンド","알파 대상 블렌드","Alpha 目标混合",""
"_AddBlendOpAlpha","Alpha Blend Op","Operación de mezcla alfa","Alpha Blend Op","アルファ ブレンド Op","알파 블렌드 Op","Alpha 混合操作",""
"_AddSrcBlendAlpha","Alpha Source Blend","Factor de mezcla del alfa origen","Alpha-Quellen-Mischung","アルファ ソース ブレンド","알파 소스 블렌드","Alpha 源混合",""
"_AddDstBlendAlpha","Alpha Destination Blend","Factor de mezcla del alfa destino","Alpha-Destination-Mischung","アルファ デスティネーション ブレンド","알파 대상 블렌드","Alpha 目标混合",""
"m_start_StencilPassOptions","Stencil","Esténcil","Schablone","ステンシル","스텐실","模板 (Stencil)",""
"_StencilType","Stencil Type","Tipo de esténcil","Schablonentyp","ステンシルの種類","스텐실 종류","模板类型",""
"_StencilRef","Stencil Reference Value","Valor de referencia","Schablonenbezugswert","ステンシル Ref 値","스텐실 Ref 값","模板参考值",""
"_StencilReadMask","Stencil ReadMask Value","Valor de máscara de lectura","Stencil ReadMask-Wert","ステンシル ReadMask 値","스텐실 ReadMask 값","模板读取掩码",""
"_StencilWriteMask","Stencil WriteMask Value","Valor de máscara de escritura","Stencil WriteMask-Wert","ステンシル WriteMask 値","스텐실 WriteMask 값","模板写入掩码",""
"_StencilPassOp","Stencil Pass Op","Operación del esténcil al cumplirse","Schablonenpass Op","ステンシル Pass Op","스텐실 Pass Op","模板通过操作",""
"_StencilFailOp","Stencil Fail Op","Operación del esténcil al fallar","Stencil Fail Op","ステンシル Fail Op","스텐실 Fail Op","模板失败操作",""
"_StencilZFailOp","Stencil ZFail Op","Operación del esténcil al fallar la profundidad (ZFail)","Schablone ZFail Open","ステンシル ZFail Op","스텐실 ZFail Op","模板 Z 失败操作",""
"_StencilCompareFunction","Stencil Compare Function","Función de comparación","Stencil-Vergleichsfunktion","ステンシル比較機能","스텐실 비교 기능","模板比较函数",""
"m_start_StencilPassBackOptions","Back","Cara trasera","Der Rücken","戻る","뒤로","背面",""
"_FFBFStencilHelp0","Front Face and Back Face Stencils only work when locked in due to Unity's Stencil managment","Los esténciles de la cara frontal y la cara trasera solo funcionan cuando se bloquean debido a la gestión de los esténciles en Unity","Vorder- und Rückseitenschablonen funktionieren nur wenn sie aufgrund der Schablonenverwaltung von Unity gesperrt sind","正面と背面のテンプレートは、Unityのテンプレート管理によりロックされている場合にのみ機能します。","전면 및 후면 스텐실은 Unity의 스텐실 관리로 인해 잠겨 있을 때만 작동합니다.","仅当由于 Unity 的模板管理导致锁定时，正面和背面模板才有效",""
"_StencilBackPassOp","Back Pass Op","Operación del esténcil al cumplirse","Rückpass Oplb","バックパス作戦lb","백 패스 작전 lb","背面通过操作",""
"_StencilBackFailOp","Back Fail Op","Operación del esténcil al fallar","Back-Fail-Op","バック フェイル オペレーション","백 페일 오퍼레이션","背面失败操作",""
"_StencilBackZFailOp","Back ZFail Op","Operación del esténcil al fallar la profundidad (ZFail)","Zurück ZFail Op","バック ZFail Op","백 ZFail Op","背面 Z 失败操作",""
"_StencilBackCompareFunction","Back Compare Function","Función de comparación","Rückvergleichsfunktion","バックコンペア機能","백 비교 기능","背面比较函数",""
"m_start_StencilPassFrontOptions","Front","Cara frontal","Vorderseite","正面","정면","正面",""
"_FFBFStencilHelp1","Front Face and Back Face Stencils only work when locked in due to Unity's Stencil managment","Los esténciles de la cara frontal y la cara trasera solo funcionan cuando se bloquean debido a la gestión de los esténciles en Unity","Vorder- und Rückseitenschablonen funktionieren nur wenn sie aufgrund der Schablonenverwaltung von Unity gesperrt sind","正面と背面のテンプレートは、Unityのテンプレート管理によりロックされている場合にのみ機能します。","전면 및 후면 스텐실은 Unity의 스텐실 관리로 인해 잠겨 있을 때만 작동합니다.","仅当由于 Unity 的模板管理导致锁定时，正面和背面模板才有效",""
"_StencilFrontPassOp","Front Pass Op","Operación del esténcil al cumplirse","Front Pass Op","フロントパスオペレーション","프론트 패스 오퍼레이션","正面通过操作",""
"_StencilFrontFailOp","Front Fail Op","Operación del esténcil al fallar","Frontausfall Open","フロントフェイルオペレーション","프론트 페일 오퍼레이션","正面失败操作",""
"_StencilFrontZFailOp","Front ZFail Op","Operación del esténcil al fallar la profundidad (ZFail)","Front ZFail Op","フロント ZFail Op","프론트 ZFail Op","正面 Z 失败操作",""
"_StencilFrontCompareFunction","Front Compare Function","Función de comparación","Vorderseite Vergleichsfunktion","フロントコンペア機能","프론트 비교 기능","正面比较函数",""
"m_start_OutlineStencil","Outline Stencil","Esténcil del contorno","Gliederungsschablone","輪郭線 ステンシル","윤곽선 스텐실","描边模板",""
"_OutlineStencilType","Stencil Type","Tipo de esténcil","Schablonentyp","ステンシルの種類","스텐실 종류","模板类型",""
"_OutlineStencilRef","Stencil Reference Value","Valor de referencia","Schablonenbezugswert","ステンシル Ref 値","스텐실 Ref 값","模板参考值",""
"_OutlineStencilReadMask","Stencil ReadMask Value","Valor de máscara de lectura","Stencil ReadMask-Wert","ステンシル ReadMask 値","스텐실 ReadMask 값","模板读取掩码",""
"_OutlineStencilWriteMask","Stencil WriteMask Value","Valor de máscara de escritura","Stencil WriteMask-Wert","ステンシル WriteMask 値","스텐실 WriteMask 값","模板写入掩码",""
"_OutlineStencilPassOp","Stencil Pass Op","Operación del esténcil al cumplirse","Schablonenpass Op","ステンシル Pass Op","스텐실 Pass Op","模板通过操作",""
"_OutlineStencilFailOp","Stencil Fail Op","Operación del esténcil al fallar","Stencil Fail Op","ステンシル Fail Op","스텐실 Fail Op","模板失败操作",""
"_OutlineStencilZFailOp","Stencil ZFail Op","Operación del esténcil al fallar la profundidad (ZFail)","Schablone ZFail Open","ステンシル ZFail Op","스텐실 ZFail Op","模板 Z 失败操作",""
"_OutlineStencilCompareFunction","Stencil Compare Function","Función de comparación","Stencil-Vergleichsfunktion","ステンシル比較機能","스텐실 비교 기능","模板比较函数",""
"m_start_OutlineStencilPassBackOptions","Back","Cara trasera","Der Rücken","戻る","뒤로","背面",""
"_FFBFOutlineStencilHelp0","Front Face and Back Face Stencils only work when locked in due to Unity's Stencil managment","Los esténciles de la cara frontal y la cara trasera solo funcionan cuando se bloquean debido a la gestión de los esténciles en Unity","Vorder- und Rückseitenschablonen funktionieren nur wenn sie aufgrund der Schablonenverwaltung von Unity gesperrt sind","正面と背面のテンプレートは、Unityのテンプレート管理によりロックされている場合にのみ機能します。","전면 및 후면 스텐실은 Unity의 스텐실 관리로 인해 잠겨 있을 때만 작동합니다.","仅当由于 Unity 的模板管理导致锁定时，正面和背面模板才有效",""
"_OutlineStencilBackPassOp","Back Pass Op","Operación del esténcil al cumplirse","Rückpass Oplb","バックパス作戦","백 패스 작전","背面通过操作",""
"_OutlineStencilBackFailOp","Back Fail Op","Operación del esténcil al fallar","Back-Fail-Op","バック フェイル オペレーション","백 페일 오퍼레이션","背面失败操作",""
"_OutlineStencilBackZFailOp","Back ZFail Op","Operación del esténcil al fallar la profundidad (ZFail)","Zurück ZFail Op","バック ZFail Op","백 ZFail Op","背面 Z 失败操作",""
"_OutlineStencilBackCompareFunction","Back Compare Function","Función de comparación","Rückvergleichsfunktion","バックコンペア機能","백 비교 기능","背面比较函数",""
"m_start_OutlineStencilPassFrontOptions","Front","Cara frontal","Vorderseite","正面","정면","正面",""
"_FFBFOutlineStencilHelp1","Front Face and Back Face Stencils only work when locked in due to Unity's Stencil managment","Los esténciles de la cara frontal y la cara trasera solo funcionan cuando se bloquean debido a la gestión de los esténciles en Unity","Vorder- und Rückseitenschablonen funktionieren nur wenn sie aufgrund der Schablonenverwaltung von Unity gesperrt sind","正面と背面のテンプレートは、Unityのテンプレート管理によりロックされている場合にのみ機能します。","전면 및 후면 스텐실은 Unity의 스텐실 관리로 인해 잠겨 있을 때만 작동합니다.","仅当由于 Unity 的模板管理导致锁定时，正面和背面模板才有效",""
"_OutlineStencilFrontPassOp","Front Pass Op","Operación del esténcil al cumplirse","Front Pass Op","フロントパスオペレーション","프론트 패스 오퍼레이션","正面通过操作",""
"_OutlineStencilFrontFailOp","Front Fail Op","Operación del esténcil al fallar","Frontausfall Open","フロントフェイルオペレーション","프론트 페일 오퍼레이션","正面失败操作",""
"_OutlineStencilFrontZFailOp","Front ZFail Op","Operación del esténcil al fallar la profundidad (ZFail)","Front ZFail Op","フロント ZFail Op","프론트 ZFail Op","正面 Z 失败操作",""
"_OutlineStencilFrontCompareFunction","Front Compare Function","Función de comparación","Vorderseite Vergleichsfunktion","フロントコンペア機能","프론트 비교 기능","正面比较函数",""
"m_start_outlineBlending","Outline Blending","Mezcla del contorno","Outline Blending","輪郭線ブレンディング","윤곽선 블렌딩","描边混合",""
"_OutlineBlendOp","RGB Blend Op","Operación de mezcla RGB","RGB-Mischop","RGB ブレンド Op","RGB 블렌드 Op","RGB 混合操作",""
"_OutlineSrcBlend","RGB Source Blend","Factor de mezcla del RGB origen","RGB-Quellmischung","RGB ソース ブレンド","RGB 소스 블렌드","RGB 源混合",""
"_OutlineDstBlend","RGB Destination Blend","Factor de mezcla del RGB destino","RGB-Zielmischung","RGB デスティネーション ブレンド","RGB 대상 블렌드","RGB 目标混合",""
"_OutlineBlendOpAlpha","Alpha Blend Op","Operación de mezcla alfa","Alpha Blend Op","アルファ ブレンド Op","알파 블렌드 Op","Alpha 混合操作",""
"_OutlineSrcBlendAlpha","Alpha Source Blend","Factor de mezcla del alfa origen","Alpha-Quellen-Mischung","アルファ ソース ブレンド","알파 소스 블렌드","Alpha 源混合",""
"_OutlineDstBlendAlpha","Alpha Destination Blend","Factor de mezcla del alfa destino","Alpha-Destination-Mischung","アルファ デスティネーション ブレンド","알파 대상 블렌드","Alpha 目标混合",""
"Opaque","Opaque","Opaco","Undurchsichtig","不透明","불투명","不透明",""
"Cutout","Cutout","Recortado","Ausgeschnitten","カットアウト","컷아웃","镂空 (Cutout)",""
"TransClipping","TransClipping","Recortado traslúcido","TransClipping","トランスクリッピング","반투명 클리핑","透明裁切",""
"Fade","Fade","Desvanecido","Verblassen","フェード","페이드","淡入淡出 (Fade)",""
"Transparent","Transparent","Transparente","Transparent","透明","투명","透明",""
"Additive","Additive","Aditivo","Zusatzstoff","アディティブ","더하기","线性减淡 (Additive)",""
"Soft Additive","Soft Additive","Aditivo suave","Weicher Zusatz","ソフトアディティブ","부드러운 더하기","线性减淡 (柔光)",""
"Multiplicative","Multiplicative","Multiplicativo","Multiplikativ","乗算合成","곱하기","正片叠底 (Multiplicative)",""
"2x Multiplicative","2x Multiplicative","Multiplicativo x2","2x Multiplikativ","2x 乗算合成","2x 곱하기","2x 正片叠底",""
"Off","Off","Desactivado","Aus","オフ","끄기","关闭",""
"Theme Color 0","Theme Color 0","Color del tema 0","Themenfarbe 0","テーマカラー 0","테마 색상 0","主题颜色 0",""
"Theme Color 1","Theme Color 1","Color del tema 1","Themenfarbe 1","テーマカラー 1","테마 색상 1","主题颜色 1",""
"Theme Color 2","Theme Color 2","Color del tema 2","Themenfarbe 2","テーマカラー 2","테마 색상 2","主题颜色 2",""
"Theme Color 3","Theme Color 3","Color del tema 3","Themenfarbe 3","テーマカラー 3","테마 색상 3","主题颜色 3",""
"ColorChord 0","ColorChord 0","Acorde de color 0","Farbakkord 0","カラーコード 0","컬러 코드 0","颜色编码条 0",""
"ColorChord 1","ColorChord 1","Acorde de color 1","Farbakkord 1","カラーコード 1","컬러 코드 1","颜色编码条 1",""
"ColorChord 2","ColorChord 2","Acorde de color 2","Farbakkord 2","カラーコード 2","컬러 코드 2","颜色编码条 2",""
"ColorChord 3","ColorChord 3","Acorde de color 3","Farbakkord 3","カラーコード 3","컬러 코드 3","颜色编码条 3",""
"AL Theme 0","AL Theme 0","Tema de AL 0","AL-Thema 0","ALテーマ 0","AL 테마 0","AL 主题 0",""
"AL Theme 1","AL Theme 1","Tema de AL1","AL-Thema 1","AL テーマ 1","AL 테마 1","AL 主题 1",""
"AL Theme 2","AL Theme 2","Tema de AL 2","AL-Thema 2","AL テーマ 2","AL 테마 2","AL 主题 2",""
"AL Theme 3","AL Theme 3","Tema de AL 3","AL-Thema 3","AL テーマ 3","AL 테마 3","AL 主题 3",""
"UV0","UV0","UV0","UV0","UV0","UV0","UV0","UV0"
"UV1","UV1","UV1","UV1","UV1","UV1","UV1","UV1"
"UV2","UV2","UV2","UV2","UV2","UV2","UV2","UV2"
"UV3","UV3","UV3","UV3","UV3","UV3","UV3","UV3"
"Panosphere","Panosphere","Esfera panorámica","Panosphäre","パノスフィア","파노스피어","全景球",""
"World Pos XZ","World Pos XZ","Posición global XZ","Weltposition XZ","ワールド Pos XZ","월드 위치 XZ","世界坐标 XZ",""
"Polar UV","Polar UV","UV polares","Polares UV","極線・集中線UV","극선/집중선 UV","极坐标 UV",""
"Distorted UV","Distorted UV","UV distorsionadas","Verzerrtes UV","歪んだUV","왜곡된 UV","扭曲 UV",""
"R Hue Mask","R Hue Mask","Máscara de tono del canal R","R Hue-Maske","Rぼかしマスク","R 색조 마스크","R 通道色相遮罩",""
"G Brightness Mask","G Brightness Mask","Máscara de brillo del canal G","G Helligkeitsmaske","G明るさマスク","G 밝기 마스크","G 通道亮度遮罩",""
"B Saturation Mask","B Saturation Mask","Máscara de saturación del canal B","B Sättigungsmaske","B彩度マスク","B 채도 마스크","B 通道饱和度遮罩",""
"Motion increases as intensity of band increases","Motion increases as intensity of band increases","El movimiento aumenta conforme aumenta la intensidad de la banda","Die Bewegung nimmt zu wenn die Intensität des Bandes zunimmt","バンドの強さが増すにつれて動きも大きくなります。","밴드 강도가 증가하면 움직임이 증가합니다.","随着频段强度增加运动增加",""
"Above but Smooth","Above but Smooth","Por encima","Oben aber glatt","上・スムーズ","위","同上但平滑",""
"Motion moves back and forth as a function of intensity","Motion moves back and forth as a function of intensity","El movimiento va y viene según la intensidad","Die Bewegung bewegt sich als Funktion der Intensität hin und her","モーションは、強度の関数として前後に移動します","모션은 강도의 함수로서 앞뒤로 움직입니다","运动随强度来回移动",""
"Above but Smoooth","Above but Smoooth","Por encima","Oben aber glatt","上・スムーズ","위","同上但平滑",""
"Fixed speed increase when the band is dark Stationary when light","Fixed speed increase when the band is dark Stationary when light","La velocidad fija aumenta cuando la banda está oscura; es estacionaria cuando está iluminada","Feste Geschwindigkeitserhöhung bei dunklem Band. Stationär bei Licht","バンドが暗いときは固定速度増加 明るいときは固定","밴드가 어두울 때는 고정 속도 증가","频段暗时固定速度增加，亮时静止",""
"Above but Smooooth","Above but Smooooth","Por encima","Oben aber Smooooth","上・スムーズ","위","同上但平滑",""
"Fixed speed increase when the band is dark Fixed speed decrease when light","Fixed speed increase when the band is dark Fixed speed decrease when light","La velocidad fija aumenta cuando la banda está oscura; disminuye cuando está iluminada","Feste Geschwindigkeitserhöhung bei dunklem Band Feste Geschwindigkeitsabnahme bei Licht","バンドが暗いときの固定速度増加 明るいときの固定速度減少","밴드가 어두울 때 고정 속도 증가","频段暗时固定速度增加，亮时固定速度减少",""
"Above but Smoooooth","Above but Smoooooth","Por encima","Oben aber Smooooth","上・スムーズ","위","同上但平滑",""
"1R","1R","1R","1R","1R","1R","1R","1R"
"1G","1G","1G","1G","1G","1G","1G","1G"
"1B","1B","1B","1B","1B","1B","1B","1B"
"1A","1A","1A","1A","1A","1A","1A","1A"
"2R","2R","2R","2R","2R","2R","2R","2R"
"2G","2G","2G","2G","2G","2G","2G","2G"
"2B","2B","2B","2B","2B","2B","2B","2B"
"2A","2A","2A","2a","2a","2A","2A","2A"
"3R","3R","3R","3R","3R","3R","3R","3R"
"3G","3G","3G","3G","3G","3G","3G","3G"
"3B","3B","3B","3B","3B","3B","3B","3B"
"3A","3A","3A","3A","3A","3A","3A","3A"
"4R","4R","4R","4R","4R","4R","4R","4R"
"4G","4G","4G","4G","4G","4G","4G","4G"
"4B","4B","4B","4B","4B","4B","4B","4B"
"4A","4A","4A","4A","4A","4A","4A","4A"
"Replace","Replace","Reemplazar","Ersetzen","置換","교체","替换","Замена"
"Darken","Darken","Oscurecer","Darken","暗くする","어둡게","变暗",""
"Multiply","Multiply","Multiplicar","Multiplizieren","乗算","곱하기","正片叠底（乘算）","Умножение"
"Color Burn","Color Burn","Quemado de color","Farbe brennen","焼き込みカラー","색상 번","颜色加深",""
"Linear Burn","Linear Burn","Quemado lineal","Lineares Brennen","焼き込み（リニア）","선형 번","线性加深",""
"Lighten","Lighten","Aclarar","Erleichtern","比較（明）","밝게","变亮",""
"Screen","Screen","Sobreexposición/Pantalla","Bildschirm","スクリーン","스크린","滤色","Экран"
"Color Dodge","Color Dodge","Aclarado de color","Farbe ausweichen","覆い焼きカラー","색상 닷지","颜色减淡",""
"Linear Dodge(Add)","Linear Dodge(Add)","Aclarado lineal (Suma)","Lineares Ausweichen (Hinzufügen)","覆い焼きリニア (追加)","선형 닷지 (더하기)","线性减淡（添加）",""
"Overlay","Overlay","Superposición","Überlagerung","オーバーレイ","오버레이","叠加",""
"Soft Lighten","Soft Lighten","Luz suave","Sanft aufhellen","比較（柔らかい明）","부드러운 밝게","柔光变亮",""
"Hard Light","Hard Light","Luz intensa","Hartes Licht","ハードライト","하드 라이트","强光",""
"Vivid Light","Vivid Light","Luz vívida","Strahlendes Licht","ビビッドライト","선명한 라이트","亮光",""
"Linear Light","Linear Light","Luz lineal","Lineares Licht","リニアライト","선형 라이트","线性光",""
"Pin Light","Pin Light","Luz punteada","Pin-Licht","ピンライト","핀 라이트","点光",""
"Hard Mix","Hard Mix","Mezcla intensa","Harte Mischung","ハードミックス","하드 믹스","实色混合",""
"Difference","Difference","Diferencia","Unterschied","差の絶対値","차이","差值",""
"Exclusion","Exclusion","Exclusión","Ausschluss","除外","제외","排除",""
"Subtract","Subtract","Restar","Subtrahieren","減算","빼기","减去",""
"Divide","Divide","Dividir","Teilen","除算","나누기","划分",""
"R Texture Mask","R Texture Mask","Máscara de la textura (Canal R)","R Texturmaske","R テクスチャ マスク","R 텍스처 마스크","R 通道纹理遮罩",""
"G Normal Mask","G Normal Mask","Máscara de las normales (Canal G)","G Normale Maske","Gノーマルマスク","G 노멀 마스크","G 通道法线遮罩",""
"B Nothing","B Nothing","Nada (Canal B)","B Nichts","B 無し","B 없음","B 通道（无作用）",""
"A Nothing","A Nothing","Nada (Canal A)","Ein Nichts","A 無し","A 없음","A 通道（无作用）",""
"R Both","R Both","Ambos (Canal R)","R Beides","R 両方","R 둘 다","R 通道两者均用",""
"G Right","G Right","Derecha (Canal G)","G Richtig","G 右","G 오른쪽","G 通道仅右侧",""
"B Left","B Left","Izquierda (Canal B)","B links","B 左","B 왼쪽","B 通道仅左侧",""
"A unused","A unused","Sin usar (Canal A)","Eine unbenutzte","A 未利用","A 사용 안 함","A 通道未使用",""
"Show In Both","Show In Both","Mostrar ambos","Show in beiden","両方に表示","둘 다 표시","两侧均显示",""
"Show Only In Mirror","Show Only In Mirror","Mostrar solo en el espejo","Nur im Spiegel anzeigen","ミラーでのみ表示","거울에만 표시","仅在镜像中显示",""
"Dont Show In Mirror","Dont Show In Mirror","No se refleja en el espejo","Nicht im Spiegel zeigen","ミラーに映さない","거울에 표시 안 함","不在镜像中显示",""
"R Mask","R Mask","Máscara (Canal R)","R-Maske","R マスク","R 마스크","R Mask","Маска R"
"G Mask","G Mask","Máscara (Canal G)","G-Maske","G マスク","G 마스크","G Mask","Маска G"
"B Mask","B Mask","Máscara (Canal B)","B-Maske","B マスク","B 마스크","B Mask","Маска B"
"A Mask","A Mask","Máscara (Canal A)","Eine Maske","A マスク","A 마스크","A Mask","Маска A"
"Decal 0 Mask","Decal 0 Mask","Máscara de la calcomanía 0","Aufkleber 0 Maske","デカール 0 マスク","데칼 0 마스크","贴花 0 遮罩","Маска Декали 0"
"Decal 1 Mask","Decal 1 Mask","Máscara de la calcomanía 1","Aufkleber 1 Maske","デカール 1 マスク","데칼 1 마스크","贴花 1 遮罩","Маска Декали 1"
"Decal 2 Mask","Decal 2 Mask","Máscara de la calcomanía 2","Aufkleber 2 Maske","デカール 2 マスク","데칼 2 마스크","贴花 2 遮罩","Маска Декали 2"
"Decal 3 Mask","Decal 3 Mask","Máscara de la calcomanía 3","Aufkleber 3 Maske","デカール 3 マスク","데칼 3 마스크","贴花 3 遮罩","Маска Декали 3"
"R","R","R","R","R","R","R","R"
"G","G","G","G","G","G","G","G"
"B","B","B","B","B","B","B","B"
"A","A","A","EIN","A","A","A","A"
"Direct Color","Direct Color","Color directo","Direkte Farbe","ダイレクトカラー","직접 색상","直接颜色",""
"Indirect Color","Indirect Color","Color indirecto","Indirekte Farbe","間接色","간접 색상","间接颜色",""
"Light Map","Light Map","Mapa de luz","LichtTextur","ライト マップ","라이트 맵","光照贴图",""
"Attenuation","Attenuation","Atenuación","Dämpfung","減衰","감쇠","衰减",""
"N Dot L","N Dot L","Producto N · L","N Punkt L","N ドット L","N 도트 L","N Dot L",""
"Half Dir","Half Dir","Dirección media","Halbe Richtung","ハーフ方向","절반 방향","半方向",""
"Direction","Direction","Dirección","Richtung","方向","방향","方向","Направление"
"Add Color","Add Color","Sumar color","Farbe hinzufügen","色を追加","색상 추가","添加颜色",""
"Add Attenuation","Add Attenuation","Sumar atenuación","Dämpfung hinzufügen","減衰を追加","감쇠 추가","添加衰减",""
"Add Shadow","Add Shadow","Sumar sombra","Schatten hinzufügen","影を追加","그림자 추가","添加阴影",""
"Add N Dot L","Add N Dot L","Suma N · L","Fügen Sie N Punkt L hinzu","N ドット L を追加","N 도트 L 추가","添加 N Dot L",""
"Metallic Map","Metallic Map","Mapa metálico","Metallische Textur","メタリックマップ","금속 맵","金属度贴图",""
"Cloth Mask","Cloth Mask","Máscara de tela","Stoffmaske","布マスク","천 마스크","布料遮罩",""
"Reflectance","Reflectance","Reflectancia","Reflexion","反射率","반사율","反射率",""
"Smoothness","Smoothness","Suavidad","Glätte","滑らかさ","매끄러움","光滑度","Гладкость"
"RGB Color","RGB Color","Color RGB","RGB-Farbe","RGB カラー","RGB 색상","RGB 颜色","RGB Цвет"
"A Offset","A Offset","Desplazamiento (Canal A)","Ein Versatz","A オフセット","A 오프셋","A 偏移",""
"Overall Specular","Overall Specular","Especular general","Insgesamt glänzend","全体的な反射光","전체 반사광","整体高光",""
"Specular 0","Specular 0","Especular 0","Spiegel 0","反射光 0","반사광 0","高光 0",""
"Specular 1","Specular 1","Especular 1","Spiegel 1","反射光 1","반사광 1","高光 1",""
"UTS Style","UTS Style","Estilo UTS","UTS-Stil","UTS スタイル","UTS 스타일","UTS 风格",""
"Top Pinch","Top Pinch","Pinza superior","Obere Prise","トップピンチ","상단 핀치","顶部挤压",""
"Double Sided","Double Sided","Doble cara","Beidseitig","両面","양면","双面",""
"Skybox","Skybox","Skybox","Skybox","スカイボックス","스카이박스","天空盒",""
"Reflection","Reflection","Reflexión","Betrachtung","反射","반사","反射",""
"World Normal Direction","World Normal Direction","Dirección normal global","Weltnormale Richtung","ワールドノーマル(法線)方向","월드 노멀(법선) 방향","世界法线方向",""
"Local Normal Direction","Local Normal Direction","Dirección normal local","Lokale normale Richtung","ローカルノーマル(法線)方向","로컬 노멀(법선) 방향","本地法线方向",""
"Add","Add","Suma","Addieren","追加","추가","添加","Сложение"
"Mixed","Mixed","Mezcla","Gemischt","混合","혼합","混合","Смешанный"
"Two Samples","Two Samples","Dos muestras","Zwei Proben","2 つのサンプル","2개 샘플","两个样本",""
"Ten Samples","Ten Samples","Diez muestras","Zehn Proben","10 個のサンプル","10개 샘플","十个样本",""
"R Metallic Map","R Metallic Map","Mapa metálico (Canal R)","R Metallic-Textur","Rメタリックマップ","R 금속 맵","R 金属度贴图",""
"G Smoothness Map","G Smoothness Map","Mapa de suavidad (Canal G)","G GlätteTextur","G 滑らかさマップ","G 매끄러움 맵","G 光滑度贴图",""
"B Reflection Mask","B Reflection Mask","Máscara reflexiva (Canal B)","B Reflexionsmaske","B 反射マスク","B 반사 마스크","B 反射遮罩",""
"A Specular Mask","A Specular Mask","Máscara especular (Canal A)","Eine Spiegelmaske","A 鏡面反射マスク","A 반사광 마스크","A 高光遮罩",""
"ClearCoat Mask","ClearCoat Mask","Máscara de barniz","ClearCoat-Maske","クリアコート マスク","클리어코트 마스크","玻璃遮罩",""
"Smoothness Map","Smoothness Map","Mapa de suavidad","GlattheitsTextur","滑らかさマップ","매끄러움 맵","光滑度贴图",""
"Reflection Mask","Reflection Mask","Máscara reflexiva","Reflexionsmaske","反射マスク","반사 마스크","反射遮罩",""
"Specular Mask","Specular Mask","Máscara especular","Spiegelnde Maske","鏡面反射マスク","반사광 마스크","高光遮罩",""
"Toon","Toon","Estilizado (Toon)","Toon","Toon","툰","卡通",""
"Realistic","Realistic","Realista","Realistisch","リアル","리얼리스틱","真实",""
"Same as Base Pass","Same as Base Pass","Igual que el pase base","Wie Basis-Pass","ベースパスと同じ","베이스 패스와 동일","与基础通道相同","Как в базовом проходе"
"World","World","Mundo","Welt","ワールド","월드","世界","Мир"
"Mesh","Mesh","Malla","Mesh","メッシュ","메시","网格","Меш"
"TextureRamp","TextureRamp","Rampa de textura","Textur-Rampe","テクスチャランプ","텍스처 램프","纹理渐变 (Ramp)","Текстурный Градиент"
"Multilayer Math","Multilayer Math","Multicapa (matemática)","Mehrschicht-Mathe","マルチレイヤー演算","멀티레이어 연산","多层数学 (Multilayer)","Многослойный Расчёт"
"Wrapped","Wrapped","Envuelto","Umschlossen","ラップ","감싸기","环绕 (Wrapped)","Обёрнутое"
"Skin","Skin","Piel","Haut","スキン","스킨","皮肤","Кожа"
"ShadeMap","ShadeMap","Mapa de sombreado","Shade-Map","シェードマップ","셰이드 맵","阴影贴图 (ShadeMap)","Карта Затенения"
"Flat","Flat","Plano","Flach","フラット","플랫","平面 (Flat)","Плоское"
"Cloth","Cloth","Tela","Stoff","クロス","천","布料","Ткань"
"SDF","SDF","SDF","SDF","SDF","SDF","SDF","SDF"
"Mono","Mono","Mono","Mono","モノ","모노","单画面 (Mono)","Моно"
"Top Bottom","Top Bottom","Arriba y abajo","Oben-Unten","上下","상하","上下","Сверху-Снизу"
"Side by Side","Side by Side","Lado a lado","Nebeneinander","左右","좌우","左右","Бок о Бок"
"R Path","R Path","Ruta (Canal R)","R-Pfad","R パス","R 경로","R 路径",""
"G Path","G Path","Ruta (Canal G)","G-Pfad","G パス","G 경로","G 路径",""
"B Path","B Path","Ruta (Canal B)","B-Pfad","B パス","B 경로","B 路径",""
"A Path","A Path","Ruta (Canal A)","Ein Weg","A パス","A 경로","A 路径",""
"Generic","Generic","Genérico","Generisch","汎用","일반","通用",""
"VRC","VRC","VRC","VRC","VRC","VRC","VRC",""
"Depth Gradient","Depth Gradient","Gradiente de profundidad","Tiefengradient","深度グラデーション","깊이 그라데이션","深度渐变",""
"Straight","Straight","Recto","Gerade","直線","직선","直线",""
"Curved","Curved","Curvo","Gebogen","曲線","곡선","曲线",""
"lil Spectrum","lil Spectrum","Espectro similar a LilToon","kleines Spektrum","リルスペクトラム","릴 스펙트럼","lilToon 频谱",""
"Simple","Simple","Básico","Einfach","単純","단순","简单",""
"Front Face vs Back Face","Front Face vs Back Face","Cara frontal frente a cara trasera","Vorderseite vs. Rückseite","前面 vs 背面","앞면 대 뒷면","正面 vs 背面",""
"Color","Color","Color","Farbe","色","색상","","Цвет"
"Alpha","Alpha","Alfa","Alpha","アルファ","알파","","Альфа"
"Column 3","Column 3","Columna 3","Spalte 3","列3","3행","","Колонка 3"
"Column 2","Column 2","Columna 2","Spalte 2","列2","2행","","Колонка 2"
"Column 1","Column 1","Columna 1","Spalte 1","列1","1행","","Колонка 1"
"Column 0","Column 0","Columna 0","Spalte 0","列0","0행","","Колонка 0"
"UDIM","UDIM","UDIM","UDIM","UDIM","UDIM","",""
"m_thirdpartyCategory","Third Party","Terceros","Dritte Seite","サードパーティー","서드파티","第三方",""
"m_experimentalCategory","Experimental","Experimental","Experimental","実験的","실험적","实验性",""
"m_furCategory","Fur","Pelaje","Pelz","毛皮","모피","毛皮 (Fur)","Шерсть"
"_FurLayerCount","Layer Count","Recuento de capas","Schichtanzahl","レイヤー数","레이어 수","层数",""
"_FurLength","Length","Longitud","Länge","長さ","길이","长度","Длина"
"_FurGravityStrength","Gravity Strength","Fuerza de la gravedad","Schwerkraft","重力の強さ","중력 강도","重力强度",""
"_FurColor","Color","Color","Farbe","色","색상","颜色","Цвет"
"_FurTexture","Fur Texture","Textura","Fellstruktur","毛皮のテクスチャ","모피 텍스처","毛皮纹理","Текстура Шерсти"
"_FurTexturePan","Panning","Barrido","Bewegung","パンニング","패닝","平移","Прокрутка"
"_FurTextureUV","UV","UV","UV","UV","UV","UV","UV"
"_FurTextureApplyToSkin","Apply Fur Texture to Skin","Aplicar textura a la piel","Fellstruktur auf die Haut auftragen","スキンにファー テクスチャを適用する","피부에 모피 텍스처 적용","将纹理应用到皮肤",""
"_FurMask","Alpha Mask","Máscara","Maske","マスク","마스크","遮罩",""
"_FurMaskPan","Panning","Barrido","Bewegung","パンニング","패닝","平移","Прокрутка"
"_FurMaskUV","UV","UV","UV","UV","UV","UV","UV"
"_FurHeightMap","Height Map","Mapa de altura","HöhenTextur","高さマップ","높이 맵","高度图",""
"_FurHeightMapPan","Panning","Barrido","Bewegung","パンニング","패닝","平移","Прокрутка"
"_FurHeightMapUV","UV","UV","UV","UV","UV","UV","UV"
"_FurHeightMapMinMax","Height Map Min Max","Mapa de altura (mínimo/máximo)","HöhenTextur Min. Max","高さマップ 最小 最大","높이 맵 최소 최대","高度图最小最大",""
"_FurAO","AO","Oclusión ambiental (AO)","ZU","に","AO","环境光遮蔽 (AO)","АО"
"_FurAOMinMax","AO Min Max","Oclusión ambiental (mínima/máxima)","AO Min. Max","AO 最小 最大","AO 최소 최대","AO 最小最大","АО Мин. Макс."
"_FurHueShiftEnabled","<size=13><b>  Hue Shift</b></size>","<size=13><b>Cambio de tono </b></size>","<size=13><b>Farbtonverschiebung</b></size>","<size=13><b>ぼかしシフト</b></size>","<size=13><b>색조 시프트</b></size>","<size=13><b>色相偏移</b></size>","<size=13><b>Сдвиг Тона</b></size>"
"_FurHueShiftSpeed","Shift Speed","Velocidad del cambio","Schaltgeschwindigkeit","シフトスピード","시프트 속도","偏移速度","Скорость Сдвига"
"_FurHueShift","Hue Shift","Cambio de tono","Farbtonverschiebung","ぼかしシフト","색조 시프트","色相偏移","Сдвиг Тона"
"m_start_furAdvanced","Advanced","Avanzado","Fortschrittlich","高度な設定","고급 설정","高级设置","Расширенные настройки"
"_FurUseVertexColorNormals","Vertex Color Normals","Normales de los colores de vértices","Scheitelpunkt-Farbnormalen","頂点カラーノーマル(法線)","정점 색상 노멀(법선)","顶点颜色法线",""
"_FurMinDistance","Min Distance","Distancia mínima","Mindestabstand","最小距離","최소 거리","最小距离","Мин. Расстояние"
"_FurMaxDistance","Max Distance","Distancia máxima","Maximale Entfernung","最大距離","최대 거리","最大距离","Макс. Расстояние"
"Texture","Texture","Textura","Textur","テクスチャ","텍스처","纹理","Текстура"
"Point 2 Point","Point 2 Point","Punto a punto","Punkt 2 Punkt","ポイント 2 ポイント","점 대 점","点对点",""
"Sphere NOT DONE","Sphere NOT DONE","Esfera (NO HECHO)","Sphäre NICHT FERTIG","スフィア未完了","구 미완성","球体 (未完成)",""
"center out NOT DONE","center out NOT DONE","Centrado (NO HECHO)","Mitte heraus NICHT FERTIG","センターアウト 未完了","중심에서 밖으로 미완성","中心向外 (未完成)",""
"Out in NOT DONE","Out in NOT DONE","Invertido (NO HECHO)","Raus in NICHT FERTIG","未完了","밖에서 안으로 미완성","向内 (未完成)",""
"m_geoDissolve","Geometric Dissolve","Disolución geométrica","Geometrische Auflösung","ジオメトリック ディゾルブ","지오메트릭 디졸브","几何溶解",""
"_GeoDissolveAlpha","Dissolve Alpha","Alfa disuelto","Alpha auflösen","ディゾルブアルファ","디졸브 알파","溶解 Alpha",""
"_GeoDissolveGradientType","Gradient Type","Tipo de gradiente","Verlaufstyp","グラデーションタイプ","그라데이션 유형","渐变类型",""
"_GeoDissolveVertexColor","Vertex Color Position","Posición de los colores de vértices","Scheitelpunkt-Farbposition","頂点カラー位置","정점 색상 위치","顶点颜色位置",""
"_GeoDissolveGradient","Gradient","Gradiente","Gradient","グラデーション","그라데이션","渐变","Градиент"
"_GeoDissolveGradientPan","Panning","Barrido","Bewegung","パンニング","패닝","平移","Прокрутка"
"_GeoDissolveExpansionTime","Expansion Time","Tiempo de expansión","Expansionszeit","展開時間","확장 시간","扩展时间",""
"_GeoDissolveStartPoint","Start Point","Punto inicial","Startpunkt","開始地点","시작 지점","开始点",""
"_GeoDissolveEndPoint","End Point","Punto final","Endpunkt","終点","종료 지점","结束点",""
"_GeoDissolveSpiral","Spiral","Espiral","Spiral","螺旋","나선","螺旋",""
"_GeoDissolveSpin","Spin","Girar","Drehen","スピン","회전","旋转","Вращение (Spin)"
"_GeoDissolveTravelDistance","Travel Distance","Distancia de viaje","Reiseentfernung","走行距離","이동 거리","行进距离",""
"_GeoDissolveScaleRange","Scale Range","Rango de escala","Skalenbereich","スケール範囲","스케일 범위","缩放范围",""
"_GeoDissolveTexture","Color Tex","Textura de color disuelto","Farbe Tex","カラーテックス","색상 텍스처","颜色纹理","Текстура Цвета Тени"
"_GeoDissolveTexturePan","Panning","Barrido","Bewegung","パンニング","패닝","平移","Прокрутка"
"_GeoDissolveTextureUV","UV","UV","UV","UV","UV","UV","UV"
"_GeoDissolveColor","Color","Color","Farbe","色","색상","颜色","Цвет"
"_geoEmissionStrength","Emission Strength","Intensidad de la emisión","Emissionsstärke","発光の強さ","발광 강도","发光强度","Сила Свечения"
"_GeoDissolveColorRange","Color Range","Rango del color","Farbspektrum","色の範囲","색상 범위","颜色范围",""
"_GeoDissolveEmissionRange","Emission Range","Rango de las emisiones","Emissionsbereich","明るさの範囲","밝기 범위","发光范围",""
"m_grabPassCategory","Grab Pass","Pasada de captura (GrabPass)","Schnappen Sie sich den Pass","グラブパス","그랩 패스","GrabPass (抓屏)",""
"m_start_GrabPass","Grab Pass Transparency","Transparencia de la pasada de captura (GrabPass)","GrabPass-Transparenz","グラブパス 透明度","그랩 패스 투명도","GrabPass 透明度",""
"_EnableGrabpass","Enable GrabPass","Activar pasada de captura (GrabPass)","GrabPass aktivieren","グラブパス を有効にする","그랩 패스 활성화","启用 GrabPass",""
"_GrabPassUseAlpha","Use Material Alpha","Usar alfa","Verwenden Sie Alpha","アルファを使用","알파 사용","使用 Alpha",""
"_GrabPassBlendMap","Blend Map","Mapa de mezcla","Textur mischen","ブレンド マップ","블렌드 맵","混合贴图",""
"_GrabPassBlendMapPan","Panning","Barrido","Bewegung","パンニング","패닝","平移","Прокрутка"
"_GrabPassBlendMapUV","UV","UV","UV","UV","UV","UV","UV"
"_GrabPassBlendMapChannel","Channel","Canal","Kanal","チャンネル","채널","通道","Канал"
"_GrabPassBlendFactor","Blend Amount","Cantidad de mezcla","Mischungsbetrag","ブレンド量","블렌드 양","混合量",""
"_GrabPassBlendGlobalMask","Global Mask","Máscara global","Globale Maske","グローバル マスク","글로벌 마스크","全局遮罩","Глобальная Маска"
"_GrabPassBlendGlobalMaskBlendType","Blending","Tipo de mezcla","Mischen","ブレンディング","블렌딩","混合类型","Смешивание"
"_GrabSrcBlend","Source Blend","Mezcla del origen","Quellenmischung","ソースブレンド","소스 블렌드","源混合",""
"_GrabDstBlend","Destination Blend","Mezcla del destino","Destination Blend","デスティネーション ブレンド","대상 블렌드","目标混合",""
"m_start_Refraction","Refraction","Refracción","Brechung","屈折","굴절","折射 (Refraction)",""
"_RefractionEnabled","Enable Refraction","Activar refracción","Refraktion aktivieren","屈折の有効化","굴절 활성화","启用折射",""
"_RefractionIndex","Refraction","Índice de la refracción","Brechung","屈折","굴절","折射率",""
"_RefractionFalloff","Falloff","Atenuación de la refracción","Brechungsabfall","屈折の減衰","굴절 감쇠","折射衰减",""
"_RefractionChromaticAberattion","Chromatic Aberration","Aberración cromática","Chromatische Abweichung","色収差","색수차","色差","Хроматическая Аберрация"
"m_start_Blur","Blur","Desenfoque","Verwischen","ぼかし","흐림","模糊 (Blur)","Размытие"
"_EnableBlur","Enable Blur","Activar desenfoque","Weichzeichnen aktivieren","ぼかしを有効にする","흐림 활성화","启用模糊",""
"_GrabBlurDistance","Blur Distance","Distancia de desenfoque","Entfernung verwischen","ぼかし距離","흐림 거리","模糊距离",""
"_GrabBlurQuality","Blur Quality","Calidad del desenfoque","Unschärfequalität","ぼかし品質","흐림 품질","模糊质量",""
"_GrabBlurDirections","Blur Directions","Direcciones del desenfoque","Richtungen verwischen","ぼかしの方向","흐림 방향","模糊方向",""
"m_shatterWaveCategory","ShatterWave","Onda de fragmentación","ShatterWave","シャッターウェーブ","섀터 웨이브","破碎波 (ShatterWave)",""
"_WaveMask","Wave Mask","Máscara de la onda","Wellenmaske","ウェーブマスク","웨이브 마스크","波纹遮罩",""
"_WaveMaskPan","Panning","Barrido","Bewegung","パンニング","패닝","平移","Прокрутка"
"_WaveMaskUV","UV","UV","UV","UV","UV","UV","UV"
"_WaveMaskChannel","Channel","Canal","Kanal","チャンネル","채널","通道","Канал"
"_WaveVertexMask","Vertex Color Mask","Máscara de los colores de vértices","Vertex-Farbmaske","頂点カラー マスク","정점 색상 마스크","顶点颜色遮罩",""
"_WaveColor","Wave Color","Color de la onda","Wellenfarbe","波の色","파도 색상","波纹颜色",""
"_WaveTexture","Wave Texture","Textura de la onda","Wellenstruktur","波のテクスチャ","파도 텍스처","波纹纹理",""
"_WaveTexturePan","Panning","Barrido","Bewegung","パンニング","패닝","平移","Прокрутка"
"_WaveTextureUV","UV","UV","UV","UV","UV","UV","UV"
"_WaveEmission","Wave Emission","Emisión de la onda","Wellenemission","波動的明るさ","파동 밝기","波纹自发光",""
"_WaveGlobalMaskIndex","Apply to Global Mask","Aplicar a la máscara global","Bewerben Sie sich bei Global Mask","グローバルマスクに適用","글로벌 마스크에 적용","应用到全局遮罩","Применить к Глобальной Маске"
"_WaveGlobalMaskBlendType","Blending","Tipo de mezcla","Mischen","ブレンディング","블렌딩","混合类型","Смешивание"
"_ShowUnderWave","Show Under Wave","Mostrar bajo la onda","Unter Welle anzeigen","波の下に表示","파도 아래에 표시","显示波纹下方",""
"_UnderWaveColor","Under Wave Color","Color bajo la onda","Unter Wellenfarbe","アンダーウェーブカラー","언더 웨이브 색상","波纹下方颜色",""
"_UnderWaveTexture","Under Wave Texture","Textura bajo la onda","Unter Wellenstruktur","波のテクスチャの下","파도 텍스처 아래","波纹下方纹理",""
"_UnderWaveTexturePan","Panning","Barrido","Bewegung","パンニング","패닝","平移","Прокрутка"
"_UnderWaveTextureUV","UV","UV","UV","UV","UV","UV","UV"
"_UnderWaveEmission","Under Wave Emission","Emisión bajo la onda","Unter Wellenemission","アンダーウェーブ発光","언더 웨이브 발광","波纹下方自发光",""
"_UnderWaveGlobalMaskIndex","Apply to Global Mask","Aplicar a la máscara global","Bewerben Sie sich bei Global Mask","グローバルマスクに適用","글로벌 마스크에 적용","应用到全局遮罩","Применить к Глобальной Маске"
"_UnderWaveGlobalMaskBlendType","Blending","Tipo de mezcla","Mischen","ブレンディング","블렌딩","混合类型","Смешивание"
"_WaveSpeed","Wave Speed X Y Z","Velocidad de la onda (X Y Z)","Wellengeschwindigkeit X Y Z","波動速度 X Y Z","파동 속도 X Y Z","波纹速度 XYZ",""
"_WaveSlope","Wave Slope X Y Z","Pendiente de la onda (X Y Z)","Wellenneigung X Y Z","波の傾き X Y Z","파도 기울기 X Y Z","波纹斜率 XYZ",""
"_WaveDensity","Wave Density X Y Z","Densidad de la onda (X Y Z)","Wellendichte X Y Z","波動密度 X Y Z","파동 밀도 X Y Z","波纹密度 XYZ",""
"_WaveHeightThreshold","Wave Width","Amplitud de la onda","Wellenbreite","波幅","파도 너비","波纹宽度",""
"_WaveHeight","Wave Height","Altura de la ola","Wellenhöhe","波高","파도 높이","波纹高度",""
"m_start_shatterWaveAudioLink","Audio Link","AudioLink","Audiolink","オーディオリンク","오디오링크","AudioLink","AudioLink"
"_ShatterWaveAudioLinkEnabled","Audio Link","AudioLink","Audiolink","オーディオリンク","오디오링크","AudioLink","AudioLink"
"_WaveEmissionALMultiplierBand","Emission Multiplier Band","Banda multiplicadora de emisiones","Emissionsmultiplikatorband","発光倍率帯","발광 배율 밴드","自发光倍率频段",""
"_WaveEmissionALMultiplier","Emission Multiplier","Multiplicador de emisión","Emissionsmultiplikator","発光乗数","발광 배율","自发光乘数",""
"_WaveEmissionALAddBand","Emission Add Band","Banda aditiva de emisiones","Emissionsband hinzufügen","発光追加バンド","발광 추가 밴드","自发光添加频段",""
"_WaveEmissionALAdd","Emission Add","Aditivo de emisión","Emission Add","発光量追加","발광량 추가","自发光添加",""
"_WaveHeightALMultiplierBand","Height Multiplier Band","Banda multiplicadora de altura","Höhenmultiplikatorband","高さ乗数バンド","높이 배율 밴드","高度倍率频段",""
"_WaveHeightALMultiplier","Height Multiplier","Multiplicador de altura","Höhenmultiplikator","高さ乗数","높이 배율","高度乘数",""
"_WaveHeightALAddBand","Height Add Band","Banda aditiva de altura","Höhe Band hinzufügen","高さ追加バンド","높이 추가 밴드","高度添加频段",""
"_WaveHeightALAdd","Height Add","Aditivo de altura","Höhe hinzufügen","高さを追加","높이 추가","高度添加",""
"_WaveHeightThresholdALMultiplierBand","Height Threshold Multiplier Band","Banda multiplicadora de amplitud","Multiplikatorband für den Höhenschwellenwert","高さしきい値乗数バンド","높이 임계값 배율 밴드","高度阈值倍率频段",""
"_WaveHeightThresholdALMultiplier","Height Threshold Multiplier","Multiplicador de amplitud","Höhenschwellenmultiplikator","高さしきい値乗数","높이 임계값 배율","高度阈值乘数",""
"_WaveHeightThresholdALAddBand","Height Threshold Add Band","Banda aditiva de amplitud","Höhenschwelle Band hinzufügen","高さのしきい値追加バンド","높이 임계값 추가 밴드","高度阈值添加频段",""
"_WaveHeightThresholdALAdd","Height Threshold Add","Aditivo de amplitud","Höhenschwelle Add","高さのしきい値を追加","높이 임계값 추가","高度阈值添加",""
"_WaveChronoBand","ChronoTime Band","Banda de crono-tiempo","ChronoTime Band","クロノタイム・バンド","크로노타임 밴드","ChronoTime 频段",""
"_WaveChronoType","ChronoTime Motion Type","Tipo de movimiento de crono-tiempo","ChronoTime-Bewegungstyp","クロノタイム・モーションタイプ","크로노타임 모션 유형","ChronoTime 运动类型",""
"_WaveChronoSpeed","ChronoTime Speed","Velocidad de crono-tiempo","ChronoTime-Geschwindigkeit","クロノタイム・スピード","크로노타임 속도","ChronoTime 速度",""
"_WaveChronoIntensity","ChronoTime Intensity","Intensidad de crono-tiempo","ChronoTime-Intensität","クロノタイム・インテンシティ","크로노타임 강도","ChronoTime 强度",""
"Uniform","Uniform","Uniforme","Uniform","ユニフォーム","유니폼","均匀",""
"Edge Length","Edge Length","Longitud del borde","Kantenlänge","辺の長さ","가장자리 길이","边长",""
"Distance","Distance","Distancia","Distanz","距離","거리","距离","Расстояние"
"m_tessellationCategory","Tessellation","Teselación","Tessellation","テッセレーション","테셀레이션","曲面细分 (Tessellation)",""
"_TessellationAMDMoment","Tessellation can cause issues on some AMD GPUs - be careful when using high factors.","La teselación puede causar problemas en algunas gráficas AMD; tenga cuidado al usar factores altos.","Tessellation kann bei einigen AMD-GPUs zu Problemen führen - seien Sie vorsichtig wenn Sie hohe Faktoren verwenden.","タイル化は一部のAMD GPUで問題を引き起こす可能性があります。高い倍率を使用する際は注意してください。","테셀레이션은 일부 AMD GPU에서 문제를 일으킬 수 있으므로 높은 요소를 사용할 때는 주의하십시오.","曲面细分可能会在某些 AMD GPU 上导致问题 - 使用高系数时请小心。",""
"_TessellationType","Tessellation Type","Tipo de teselación","Tessellationstyp","テッセレーション タイプ","테셀레이션 유형","曲面细分类型",""
"_TessellationUniform","Uniform Factor","Factor uniforme","Einheitlicher Faktor","均一係数","균일 계수","均匀系数",""
"_TessellationDistance","Distance","Distancia","Distanz","距離","거리","距离","Расстояние"
"_TessellationEdgeLength","Edge Length (px)","Longitud del borde (en píxeles)","Kantenlänge (px)","エッジの長さ (px)","가장자리 길이 (px)","边长 (像素)",""
"_TessellationPhong","Phong","Teselación Phong","Wind","風","바람","Phong 曲面细分",""
"m_start_bakedLighting","Baked Lighting","Iluminación precalculada (Baked)","Gebackene Beleuchtung","ベークされた光源","구운 조명","烘焙光照",""
"_GIEmissionMultiplier","GI Emission Multiplier","Multiplicador de emisiones de iluminación global (GI)","GI-Emissionsmultiplikator","GI発光乗数","GI 발광 배율","GI 自发光乘数",""
"DSGI","DSGI","Iluminación global por sombreado diferido (DSGI)","DSGI","DSGI","DSGI","DSGI","DSGI"
"LightmapFlags","Lightmap Flags","Indicador de mapas de luz","Lightmap-Flags","ライトマップ フラグ","라이트맵 플래그","光照贴图标志",""
"_ShaderUIWarning0","→ discord.gg/poiyomi ←    We can help you get it fixed!","→ discord.gg/poiyomi ← ¡Podemos ayudarle a arreglarlo!","→ discord.gg/poiyomi ←    Wir können Ihnen bei der Reparatur helfen!","→ discord.gg/poiyomi ←    問題があればご相談ください。","→ discord.gg/poiyomi ← 문제가 있으면 상담해주세요.","→ discord.gg/poiyomi ← 我们能帮你修复它!","→ discord.gg/poiyomi ←    Мы поможем вам это починить!"
"_ShaderUIWarning1","Please scroll up for more information!","¡Deslice hacia arriba para obtener más información!","Please scroll up for more information!","詳細は上にスクロールしてご確認下さい。","자세한 내용은 위로 스크롤하여 확인하십시오.","向上滚动以获取更多信息！",""
"m_start_GlobalMaskModifiersDistance","Distance Masking","Máscara global de distancia","Entfernungsmaskierung","距離マスク","거리 마스크","距离遮罩",""
"_GlobalMaskModifiersDistanceEnable","Global Mask Camera Enable","Activar la máscara global de distancia","","グローバルマスクの距離マスクを有効化","글로벌 마스크의 거리 마스크 활성화","启用全局遮罩距离遮罩",""
"m_start_GlobalMaskDistanceM_0","1R","Distancia de la máscara global 0","","グローバルマスク距離_0","글로벌 마스크 거리_0","全局遮罩距离 0","1R"
"_GlobalMaskDistanceType_0","Pos To Use","Posición a usar","","グローバルマスク距離_0","글로벌 마스크 거리_0","使用位置","Использовать Позицию"
"_GlobalMaskDistanceMin_0","Min Distance","Distancia mínima","","グローバルマスク最小距離_0","글로벌 마스크 최소 거리_0","最小距离","Мин. Расстояние"
"_GlobalMaskDistanceMax_0","Max Distance","Distancia máxima","","グローバルマスク最大距離_0","글로벌 마스크 최대 거리_0","最大距离","Макс. Расстояние"
"_GlobalMaskDistanceMinAlpha_0","Min Distance Alpha","Alfa de distancia mínima","","グローバルマスク最小距離アルファ_0","글로벌 마스크 최소 거리 알파_0","最小距离 Alpha",""
"_GlobalMaskDistanceMaxAlpha_0","Max Distance Alpha","Alfa de distancia máxima","","グローバルマスク最大距離アルファ_0","글로벌 마스크 최대 거리 알파_0","最大距离 Alpha",""
"_GlobalMaskDistanceBlendType_0","Blending","Tipo de mezcla","","グローバルマスク距離ブレンドモード_0","글로벌 마스크 거리 블렌드 모드_0","混合类型",""
"m_start_GlobalMaskDistanceM_1","1G","Distancia de la máscara global 1","","グローバルマスク距離_1","글로벌 마스크 거리_1","全局遮罩距离 1","1G"
"_GlobalMaskDistanceType_1","Pos To Use","Posición a usar","","グローバルマスク距離_1","글로벌 마스크 거리_1","使用位置","Использовать Позицию"
"_GlobalMaskDistanceMin_1","Min Distance","Distancia mínima","","グローバルマスク最小距離_1","글로벌 마스크 최소 거리_1","最小距离","Мин. Расстояние"
"_GlobalMaskDistanceMax_1","Max Distance","Distancia máxima","","グローバルマスク最大距離_1","글로벌 마스크 최대 거리_1","最大距离","Макс. Расстояние"
"_GlobalMaskDistanceMinAlpha_1","Min Distance Alpha","Alfa de distancia mínima","","グローバルマスク最小距離アルファ_1","글로벌 마스크 최소 거리 알파_1","最小距离 Alpha",""
"_GlobalMaskDistanceMaxAlpha_1","Max Distance Alpha","Alfa de distancia máxima","","グローバルマスク最大距離アルファ_1","글로벌 마스크 최대 거리 알파_1","最大距离 Alpha",""
"_GlobalMaskDistanceBlendType_1","Blending","Tipo de mezcla","","グローバルマスク距離ブレンドモード_1","글로벌 마스크 거리 블렌드 모드_1","混合类型","Смешивание"
"m_start_GlobalMaskDistanceM_2","1B","Distancia de la máscara global 2","","グローバルマスク距離_2","글로벌 마스크 거리_2","全局遮罩距离 2","1B"
"_GlobalMaskDistanceType_2","Pos To Use","Posición a usar","","グローバルマスク距離_2","글로벌 마스크 거리_2","使用位置","Использовать Позицию"
"_GlobalMaskDistanceMin_2","Min Distance","Distancia mínima","","グローバルマスク最小距離_2","글로벌 마스크 최소 거리_2","最小距离","Мин. Расстояние"
"_GlobalMaskDistanceMax_2","Max Distance","Distancia máxima","","グローバルマスク最大距離_2","글로벌 마스크 최대 거리_2","最大距离","Макс. Расстояние"
"_GlobalMaskDistanceMinAlpha_2","Min Distance Alpha","Alfa de distancia mínima","","グローバルマスク最小距離アルファ_2","글로벌 마스크 최소 거리 알파_2","最小距离 Alpha",""
"_GlobalMaskDistanceMaxAlpha_2","Max Distance Alpha","Alfa de distancia máxima","","グローバルマスク最大距離アルファ_2","글로벌 마스크 최대 거리 알파_2","最大距离 Alpha",""
"_GlobalMaskDistanceBlendType_2","Blending","Tipo de mezcla","","グローバルマスク距離ブレンドモード_2","글로벌 마스크 거리 블렌드 모드_2","混合类型","Смешивание"
"m_start_GlobalMaskDistanceM_3","1A","Distancia de la máscara global 3","","グローバルマスク距離_3","글로벌 마스크 거리_3","全局遮罩距离 3","1A"
"_GlobalMaskDistanceType_3","Pos To Use","Posición a usar","","グローバルマスク距離_3","글로벌 마스크 거리_3","使用位置","Использовать Позицию"
"_GlobalMaskDistanceMin_3","Min Distance","Distancia mínima","","グローバルマスク最小距離_3","글로벌 마스크 최소 거리_3","最小距离","Мин. Расстояние"
"_GlobalMaskDistanceMax_3","Max Distance","Distancia máxima","","グローバルマスク最大距離_3","글로벌 마스크 최대 거리_3","最大距离","Макс. Расстояние"
"_GlobalMaskDistanceMinAlpha_3","Min Distance Alpha","Alfa de distancia mínima","","グローバルマスク最小距離アルファ_3","글로벌 마스크 최소 거리 알파_3","最小距离 Alpha",""
"_GlobalMaskDistanceMaxAlpha_3","Max Distance Alpha","Alfa de distancia máxima","","グローバルマスク最大距離アルファ_3","글로벌 마스크 최대 거리 알파_3","最大距离 Alpha",""
"_GlobalMaskDistanceBlendType_3","Blending","Tipo de mezcla","","グローバルマスク距離ブレンドモード_3","글로벌 마스크 거리 블렌드 모드_3","混合类型","Смешивание"
"m_start_GlobalMaskDistanceM_4","2R","Distancia de la máscara global 4","","グローバルマスク距離_4","글로벌 마스크 거리_4","全局遮罩距离 4","2R"
"_GlobalMaskDistanceType_4","Pos To Use","Posición a usar","","グローバルマスク距離_4","글로벌 마스크 거리_4","使用位置","Использовать Позицию"
"_GlobalMaskDistanceMin_4","Min Distance","Distancia mínima","","グローバルマスク最小距離_4","글로벌 마스크 최소 거리_4","最小距离","Мин. Расстояние"
"_GlobalMaskDistanceMax_4","Max Distance","Distancia máxima","","グローバルマスク最大距離_4","글로벌 마스크 최대 거리_4","最大距离","Макс. Расстояние"
"_GlobalMaskDistanceMinAlpha_4","Min Distance Alpha","Alfa de distancia mínima","","グローバルマスク最小距離アルファ_4","글로벌 마스크 최소 거리 알파_4","最小距离 Alpha",""
"_GlobalMaskDistanceMaxAlpha_4","Max Distance Alpha","Alfa de distancia máxima","","グローバルマスク最大距離アルファ_4","글로벌 마스크 최대 거리 알파_4","最大距离 Alpha",""
"_GlobalMaskDistanceBlendType_4","Blending","Tipo de mezcla","","グローバルマスク距離ブレンドモード_4","글로벌 마스크 거리 블렌드 모드_4","混合类型","Смешивание"
"m_start_GlobalMaskDistanceM_5","2G","Distancia de la máscara global 5","","グローバルマスク距離_5","글로벌 마스크 거리_5","全局遮罩距离 5","2G"
"_GlobalMaskDistanceType_5","Pos To Use","Posición a usar","","グローバルマスク距離_5","글로벌 마스크 거리_5","使用位置","Использовать Позицию"
"_GlobalMaskDistanceMin_5","Min Distance","Distancia mínima","","グローバルマスク最小距離_5","글로벌 마스크 최소 거리_5","最小距离","Мин. Расстояние"
"_GlobalMaskDistanceMax_5","Max Distance","Distancia máxima","","グローバルマスク最大距離_5","글로벌 마스크 최대 거리_5","最大距离","Макс. Расстояние"
"_GlobalMaskDistanceMinAlpha_5","Min Distance Alpha","Alfa de distancia mínima","","グローバルマスク最小距離アルファ_5","글로벌 마스크 최소 거리 알파_5","最小距离 Alpha",""
"_GlobalMaskDistanceMaxAlpha_5","Max Distance Alpha","Alfa de distancia máxima","","グローバルマスク最大距離アルファ_5","글로벌 마스크 최대 거리 알파_5","最大距离 Alpha",""
"_GlobalMaskDistanceBlendType_5","Blending","Tipo de mezcla","","グローバルマスク距離ブレンドモード_5","글로벌 마스크 거리 블렌드 모드_5","混合类型","Смешивание"
"m_start_GlobalMaskDistanceM_6","2B","Distancia de la máscara global 6","","グローバルマスク距離_6","글로벌 마스크 거리_6","全局遮罩距离 6","2B"
"_GlobalMaskDistanceType_6","Pos To Use","Posición a usar","","グローバルマスク距離_6","글로벌 마스크 거리_6","使用位置","Использовать Позицию"
"_GlobalMaskDistanceMin_6","Min Distance","Distancia mínima","","グローバルマスク最小距離_6","글로벌 마스크 최소 거리_6","最小距离","Мин. Расстояние"
"_GlobalMaskDistanceMax_6","Max Distance","Distancia máxima","","グローバルマスク最大距離_6","글로벌 마스크 최대 거리_6","最大距离","Макс. Расстояние"
"_GlobalMaskDistanceMinAlpha_6","Min Distance Alpha","Alfa de distancia mínima","","グローバルマスク最小距離アルファ_6","글로벌 마스크 최소 거리 알파_6","最小距离 Alpha",""
"_GlobalMaskDistanceMaxAlpha_6","Max Distance Alpha","Alfa de distancia máxima","","グローバルマスク最大距離アルファ_6","글로벌 마스크 최대 거리 알파_6","最大距离 Alpha",""
"_GlobalMaskDistanceBlendType_6","Blending","Tipo de mezcla","","グローバルマスク距離ブレンドモード_6","글로벌 마스크 거리 블렌드 모드_6","混合类型","Смешивание"
"m_start_GlobalMaskDistanceM_7","2A","Distancia de la máscara global 7","","グローバルマスク距離_7","글로벌 마스크 거리_7","全局遮罩距离 7","2A"
"_GlobalMaskDistanceType_7","Pos To Use","Posición a usar","","グローバルマスク距離_7","글로벌 마스크 거리_7","使用位置","Использовать Позицию"
"_GlobalMaskDistanceMin_7","Min Distance","Distancia mínima","","グローバルマスク最小距離_7","글로벌 마스크 최소 거리_7","最小距离","Мин. Расстояние"
"_GlobalMaskDistanceMax_7","Max Distance","Distancia máxima","","グローバルマスク最大距離_7","글로벌 마스크 최대 거리_7","最大距离","Макс. Расстояние"
"_GlobalMaskDistanceMinAlpha_7","Min Distance Alpha","Alfa de distancia mínima","","グローバルマスク最小距離アルファ_7","글로벌 마스크 최소 거리 알파_7","最小距离 Alpha",""
"_GlobalMaskDistanceMaxAlpha_7","Max Distance Alpha","Alfa de distancia máxima","","グローバルマスク最大距離アルファ_7","글로벌 마스크 최대 거리 알파_7","最大距离 Alpha",""
"_GlobalMaskDistanceBlendType_7","Blending","Tipo de mezcla","","グローバルマスク距離ブレンドモード_7","글로벌 마스크 거리 블렌드 모드_7","混合类型","Смешивание"
"m_start_GlobalMaskDistanceM_8","3R","Distancia de la máscara global 8","","グローバルマスク距離_8","글로벌 마스크 거리_8","全局遮罩距离 8","3R"
"_GlobalMaskDistanceType_8","Pos To Use","Posición a usar","","グローバルマスク距離_8","글로벌 마스크 거리_8","使用位置","Использовать Позицию"
"_GlobalMaskDistanceMin_8","Min Distance","Distancia mínima","","グローバルマスク最小距離_8","글로벌 마스크 최소 거리_8","最小距离","Мин. Расстояние"
"_GlobalMaskDistanceMax_8","Max Distance","Distancia máxima","","グローバルマスク最大距離_8","글로벌 마스크 최대 거리_8","最大距离","Макс. Расстояние"
"_GlobalMaskDistanceMinAlpha_8","Min Distance Alpha","Alfa de distancia mínima","","グローバルマスク最小距離アルファ_8","글로벌 마스크 최소 거리 알파_8","最小距离 Alpha",""
"_GlobalMaskDistanceMaxAlpha_8","Max Distance Alpha","Alfa de distancia máxima","","グローバルマスク最大距離アルファ_8","글로벌 마스크 최대 거리 알파_8","最大距离 Alpha",""
"_GlobalMaskDistanceBlendType_8","Blending","Tipo de mezcla","","グローバルマスク距離ブレンドモード_8","글로벌 마스크 거리 블렌드 모드_8","混合类型","Смешивание"
"m_start_GlobalMaskDistanceM_9","3G","Distancia de la máscara global 9","","グローバルマスク距離_9","글로벌 마스크 거리_9","全局遮罩距离 9","3G"
"_GlobalMaskDistanceType_9","Pos To Use","Posición a usar","","グローバルマスク距離_9","글로벌 마스크 거리_9","使用位置","Использовать Позицию"
"_GlobalMaskDistanceMin_9","Min Distance","Distancia mínima","","グローバルマスク最小距離_9","글로벌 마스크 최소 거리_9","最小距离","Мин. Расстояние"
"_GlobalMaskDistanceMax_9","Max Distance","Distancia máxima","","グローバルマスク最大距離_9","글로벌 마스크 최대 거리_9","最大距离","Макс. Расстояние"
"_GlobalMaskDistanceMinAlpha_9","Min Distance Alpha","Alfa de distancia mínima","","グローバルマスク最小距離アルファ_9","글로벌 마스크 최소 거리 알파_9","最小距离 Alpha",""
"_GlobalMaskDistanceMaxAlpha_9","Max Distance Alpha","Alfa de distancia máxima","","グローバルマスク最大距離アルファ_9","글로벌 마스크 최대 거리 알파_9","最大距离 Alpha",""
"_GlobalMaskDistanceBlendType_9","Blending","Tipo de mezcla","","グローバルマスク距離ブレンドモード_9","글로벌 마스크 거리 블렌드 모드_9","混合类型","Смешивание"
"m_start_GlobalMaskDistanceM_10","3B","Distancia de la máscara global 10","","グローバルマスク距離_10","글로벌 마스크 거리_10","全局遮罩距离 10","3B"
"_GlobalMaskDistanceType_10","Pos To Use","Posición a usar","","グローバルマスク距離_10","글로벌 마스크 거리_10","使用位置","Использовать Позицию"
"_GlobalMaskDistanceMin_10","Min Distance","Distancia mínima","","グローバルマスク最小距離_10","글로벌 마스크 최소 거리_10","最小距离","Мин. Расстояние"
"_GlobalMaskDistanceMax_10","Max Distance","Distancia máxima","","グローバルマスク最大距離_10","글로벌 마스크 최대 거리_10","最大距离","Макс. Расстояние"
"_GlobalMaskDistanceMinAlpha_10","Min Distance Alpha","Alfa de distancia mínima","","グローバルマスク最小距離アルファ_10","글로벌 마스크 최소 거리 알파_10","最小距离 Alpha",""
"_GlobalMaskDistanceMaxAlpha_10","Max Distance Alpha","Alfa de distancia máxima","","グローバルマスク最大距離アルファ_10","글로벌 마스크 최대 거리 알파_10","最大距离 Alpha",""
"_GlobalMaskDistanceBlendType_10","Blending","Tipo de mezcla","","グローバルマスク距離ブレンドモード_10","글로벌 마스크 거리 블렌드 모드_10","混合类型","Смешивание"
"m_start_GlobalMaskDistanceM_11","3A","Distancia de la máscara global 11","","グローバルマスク距離_11","글로벌 마스크 거리_11","全局遮罩距离 11","3A"
"_GlobalMaskDistanceType_11","Pos To Use","Posición a usar","","グローバルマスク距離_11","글로벌 마스크 거리_11","使用位置","Использовать Позицию"
"_GlobalMaskDistanceMin_11","Min Distance","Distancia mínima","","グローバルマスク最小距離_11","글로벌 마스크 최소 거리_11","最小距离","Мин. Расстояние"
"_GlobalMaskDistanceMax_11","Max Distance","Distancia máxima","","グローバルマスク最大距離_11","글로벌 마스크 최대 거리_11","最大距离","Макс. Расстояние"
"_GlobalMaskDistanceMinAlpha_11","Min Distance Alpha","Alfa de distancia mínima","","グローバルマスク最小距離アルファ_11","글로벌 마스크 최소 거리 알파_11","最小距离 Alpha",""
"_GlobalMaskDistanceMaxAlpha_11","Max Distance Alpha","Alfa de distancia máxima","","グローバルマスク最大距離アルファ_11","글로벌 마스크 최대 거리 알파_11","最大距离 Alpha",""
"_GlobalMaskDistanceBlendType_11","Blending","Tipo de mezcla","","グローバルマスク距離ブレンドモード_11","글로벌 마스크 거리 블렌드 모드_11","混合类型","Смешивание"
"m_start_GlobalMaskDistanceM_12","4R","Distancia de la máscara global 12","","グローバルマスク距離_12","글로벌 마스크 거리_12","全局遮罩距离 12","4R"
"_GlobalMaskDistanceType_12","Pos To Use","Posición a usar","","グローバルマスク距離_12","글로벌 마스크 거리_12","使用位置","Использовать Позицию"
"_GlobalMaskDistanceMin_12","Min Distance","Distancia mínima","","グローバルマスク最小距離_12","글로벌 마스크 최소 거리_12","最小距离","Мин. Расстояние"
"_GlobalMaskDistanceMax_12","Max Distance","Distancia máxima","","グローバルマスク最大距離_12","글로벌 마스크 최대 거리_12","最大距离","Макс. Расстояние"
"_GlobalMaskDistanceMinAlpha_12","Min Distance Alpha","Alfa de distancia mínima","","グローバルマスク最小距離アルファ_12","글로벌 마스크 최소 거리 알파_12","最小距离 Alpha",""
"_GlobalMaskDistanceMaxAlpha_12","Max Distance Alpha","Alfa de distancia máxima","","グローバルマスク最大距離アルファ_12","글로벌 마스크 최대 거리 알파_12","最大距离 Alpha",""
"_GlobalMaskDistanceBlendType_12","Blending","Tipo de mezcla","","グローバルマスク距離ブレンドモード_12","글로벌 마스크 거리 블렌드 모드_12","混合类型","Смешивание"
"m_start_GlobalMaskDistanceM_13","4G","Distancia de la máscara global 13","","グローバルマスク距離_13","글로벌 마스크 거리_13","全局遮罩距离 13","4G"
"_GlobalMaskDistanceType_13","Pos To Use","Posición a usar","","グローバルマスク距離_13","글로벌 마스크 거리_13","使用位置","Использовать Позицию"
"_GlobalMaskDistanceMin_13","Min Distance","Distancia mínima","","グローバルマスク最小距離_13","글로벌 마스크 최소 거리_13","最小距离","Мин. Расстояние"
"_GlobalMaskDistanceMax_13","Max Distance","Distancia máxima","","グローバルマスク最大距離_13","글로벌 마스크 최대 거리_13","最大距离","Макс. Расстояние"
"_GlobalMaskDistanceMinAlpha_13","Min Distance Alpha","Alfa de distancia mínima","","グローバルマスク最小距離アルファ_13","글로벌 마스크 최소 거리 알파_13","最小距离 Alpha",""
"_GlobalMaskDistanceMaxAlpha_13","Max Distance Alpha","Alfa de distancia máxima","","グローバルマスク最大距離アルファ_13","글로벌 마스크 최대 거리 알파_13","最大距离 Alpha",""
"_GlobalMaskDistanceBlendType_13","Blending","Tipo de mezcla","","グローバルマスク距離ブレンドモード_13","글로벌 마스크 거리 블렌드 모드_13","混合类型","Смешивание"
"m_start_GlobalMaskDistanceM_14","4B","Distancia de la máscara global 14","","グローバルマスク距離_14","글로벌 마스크 거리_14","全局遮罩距离 14","4B"
"_GlobalMaskDistanceType_14","Pos To Use","Posición a usar","","グローバルマスク距離_14","글로벌 마스크 거리_14","使用位置","Использовать Позицию"
"_GlobalMaskDistanceMin_14","Min Distance","Distancia mínima","","グローバルマスク最小距離_14","글로벌 마스크 최소 거리_14","最小距离","Мин. Расстояние"
"_GlobalMaskDistanceMax_14","Max Distance","Distancia máxima","","グローバルマスク最大距離_14","글로벌 마스크 최대 거리_14","最大距离","Макс. Расстояние"
"_GlobalMaskDistanceMinAlpha_14","Min Distance Alpha","Alfa de distancia mínima","","グローバルマスク最小距離アルファ_14","글로벌 마스크 최소 거리 알파_14","最小距离 Alpha",""
"_GlobalMaskDistanceMaxAlpha_14","Max Distance Alpha","Alfa de distancia máxima","","グローバルマスク最大距離アルファ_14","글로벌 마스크 최대 거리 알파_14","最大距离 Alpha",""
"_GlobalMaskDistanceBlendType_14","Blending","Tipo de mezcla","","グローバルマスク距離ブレンドモード_14","글로벌 마스크 거리 블렌드 모드_14","混合类型","Смешивание"
"m_start_GlobalMaskDistanceM_15","4A","Distancia de la máscara global 15","","グローバルマスク距離_15","글로벌 마스크 거리_15","全局遮罩距离 15","4A"
"_GlobalMaskDistanceType_15","Pos To Use","Posición a usar","","グローバルマスク距離_15","글로벌 마스크 거리_15","使用位置","Использовать Позицию"
"_GlobalMaskDistanceMin_15","Min Distance","Distancia mínima","","グローバルマスク最小距離_15","글로벌 마스크 최소 거리_15","最小距离","Мин. Расстояние"
"_GlobalMaskDistanceMax_15","Max Distance","Distancia máxima","","グローバルマスク最大距離_15","글로벌 마스크 최대 거리_15","最大距离","Макс. Расстояние"
"_GlobalMaskDistanceMinAlpha_15","Min Distance Alpha","Alfa de distancia mínima","","グローバルマスク最小距離アルファ_15","글로벌 마스크 최소 거리 알파_15","最小距离 Alpha",""
"_GlobalMaskDistanceMaxAlpha_15","Max Distance Alpha","Alfa de distancia máxima","","グローバルマスク最大距離アルファ_15","글로벌 마스크 최대 거리 알파_15","最大距离 Alpha",""
"_GlobalMaskDistanceBlendType_15","Blending","Tipo de mezcla","","グローバルマスク距離ブレンドモード_15","글로벌 마스크 거리 블렌드 모드_15","混合类型","Смешивание"
"_MainIgnoreTexAlpha","Ignore Alpha","Ignorar alfa","Ignorieren Sie Alpha","アルファを無視します","알파 무시","忽略 Alpha",""
"_AlphaMask","Alpha Map","Máscara alfa","Alpha -Textur","アルファマップ","알파 맵","Alpha 遮罩",""
"_AlphaMaskPan","Panning","Barrido","Bewegung","パン","알파마스크 팬","平移","Прокрутка"
"_AlphaMaskUV","UV","UV","UV","UV","UV","UV","UV"
"_MainAlphaMaskMode","Blend Mode","Modo de mezcla","Mischmodus","ブレンドモード","_MainAlphaMaskMode","混合模式","Режим Смешивания"
"_AlphaMaskBlendStrength","Blend Strength","Intensidad de la mezcla","Mischstärke","強度をブレンドします","강도 블렌드","混合强度",""
"_AlphaMaskValue","Blend Offset","Valor de la mezcla","Versatz mischen","オフセットをブレンドします","블렌드 오프셋","混合值",""
"_AlphaMaskInvert","Invert","Invertir","Umkehren","反転","반전","反转","Инвертировать"
"m_start_ColorAdjust","Color Adjust","Ajuste del color","Farbanpassung","色調整","색상 조정","颜色调整","Коррекция Цвета"
"_MainGamma","Gamma","Gamma principal","Gamma","ガンマ","색상 공간","Gamma","Гамма"
"s_start_MainHueShift","Hue Shift","Cambio de tono","Farbtonverschiebung","色相シフト","선택 또는 이동","色相偏移","Сдвиг Тона"
"_MainHueShiftColorSpace","Color Space","Espacio de color","Farbraum","カラースペース","색조 이동 오디오 링크","颜色模式","Цветовое Пространство"
"_MainHueShiftSelectOrShift","Select or Shift","Seleccionar o cambiar","Wählen oder verschieben","選択またはシフトします","오디오 링크","选择或偏移",""
"s_start_MainHueShiftAL","Hue Shift Audio Link","Cambio de tono del AudioLink","Hue Shift Audio Link","色相シフトオーディオリンク","이름의 움직임","色相偏移 AudioLink",""
"s_start_ColorAdjustColorGrading","Color Grading","Gradación del color","Farbstufe","カラーグレーディング","그라데이션 강도","颜色分级",""
"_ColorGradingToggle","Color Grading","Gradación del color","Farbstufe","カラーグレーディング","컬러 그레이딩","颜色分级",""
"_MainGradationTex","Gradation Map","Mapa de gradación","GradationsTextur","グラデーションマップ","글로벌 마스크","分级图",""
"_MainGradationStrength","Gradation Strength","Intensidad de gradación","Gradationsstärke","グラデーション強度","감마","分级强度",""
"s_start_MainHueShiftGlobalMask","Global Mask","Máscara global","Globale Maske","グローバルマスク","글로벌 마스크","全局遮罩","Глобальная Маска"
"_MainGammaGlobalMask","Gamma","Gamma","Gamma","ガンマ","색상 조정","Gamma","Гамма"
"_MainGammaGlobalMaskBlendType","Blending","Tipo de mezcla","Mischen","ブレンド","텍스처 디테일","混合类型","Смешивание"
"s_start_DetailTexture","Detail Texture","Textura de detalle","Detail Textur","テクスチャの詳細","디테일 텍스처","细节纹理",""
"_DetailTexGlobalMask","Global Mask","Máscara global","Globale Maske","グローバルマスク","글로벌 마스크","全局遮罩","Глобальная Маска"
"_DetailTexGlobalMaskBlendType","Blending","Mezcla","Mischen","ブレンド","블렌드","混合","Смешивание"
"s_start_DetailNormal","Detail Normal","Normales de detalle","Detail Normal","詳細は正常です","디테일 노멀","细节法线",""
"_DetailNormalGlobalMask","Global Mask","Máscara global","Globale Maske","グローバルマスク","글로벌 마스크","全局遮罩","Глобальная Маска"
"_DetailNormalGlobalMaskBlendType","Blending","Mezcla","Mischen","ブレンド","블렌드","混合","Смешивание"
"s_start_AlphaToCoverage","Alpha To Coverage","Transparencia por cobertura (A2C)","Alpha zur Berichterstattung","範囲へのアルファ","Alpha To Coverage (A2C)","Alpha To Coverage (A2C)",""
"s_start_AlphaDithering","Dithering","Tramado","Dithering","ディザリング","디더링","抖动",""
"_AlphaDitherBias","Dither Bias","Sesgo de tramado","Dither Tendenz","バイアス","디더 편향","抖动偏移",""
"s_start_AlphaDistanceFade","Distance Alpha / Distance Fade","Distancia alfa / Desvanecimiento alfa","Abstand Alpha / Entfernung verblassen","距離アルファ /距離フェード","거리 알파 / 거리 페이드","距离淡入淡出",""
"_AlphaDistanceFadeGlobalMask","Global Mask","Máscara global","Globale Maske","グローバルマスク","글로벌 마스크","全局遮罩","Глобальная Маска"
"s_start_AlphaFresnel","Fresnel Alpha","Alfa de fresnel","Fresnel Alpha","フレネルアルファ","프레넬 알파","菲涅尔 Alpha",""
"_AlphaFresnelGlobalMask","Global Mask","Máscara global","Globale Maske","グローバルマスク","글로벌 마스크","全局遮罩","Глобальная Маска"
"s_start_AlphaAngular","Angular Alpha","Alfa angular","Angular Alpha","角度アルファ","각도 알파","角度 Alpha",""
"_AlphaAngularGlobalMask","Global Mask","Máscara global","Globale Maske","グローバルマスク","글로벌 마스크","全局遮罩","Глобальная Маска"
"s_start_ALAlpha","Alpha Audio Link","Alfa del AudioLink","Alpha Audio Link","アルファオーディオリンク","오디오 링크 알파","Alpha AudioLink","Альфа AudioLink"
"s_start_AlphaAdvanced","Advanced","Avanzado","Fortschrittlich","高度な","고급 설정","高级",""
"s_start_decal_position","Positioning","Posicionamiento","Positionierung","ポジショニング","위치 설정","位置","Позиционирование"
"_DecalMirroredUVMode","Mirrored UV Mode","Modo UV espejo","Spiegeltem UV -Modus","ミラーリングUVモード","미러링된 UV 모드","镜像 UV 模式",""
"_DecalSymmetryMode","Symmetry Mode","Modo simétrico","Symmetriemodus","対称モード","대칭 모드","对称模式",""
"_Decal0OverrideAlphaMode","Mode","Modo","Modus","モード","모드","模式","Режим"
"s_start_Decal0HueShift","Hue Shift","Cambio de tono","Farbtonverschiebung","色相シフト","색조 변경","色相偏移","Сдвиг Тона"
"_DecalHueShiftColorSpace","Color Space","Espacio de color","Farbraum","カラースペース","색 공간","颜色模式","Цветовое Пространство"
"_DecalHueShiftSelectOrShift","Select or Shift","Seleccionar o cambiar","Wählen oder verschieben","選択またはシフトします","선택 또는 변경","选择或偏移",""
"s_start_Decal0Video","Video Texture","Textura del video","Videostruktur","ビデオテクスチャ","비디오 텍스처","视频纹理",""
"_Decal0VideoEnabled","Video Texture","Textura del video","Videostruktur","ビデオテクスチャ","활성화됨","视频纹理",""
"_Decal0VideoAspectFix","Aspect Ratio","Relación de aspecto","Seitenverhältnis","アスペクト比","종횡비 고정","宽高比","Соотношение Сторон"
"_Decal0VideoFitToScale","Fit To Scale","Ajustar a la escala","Fit zu skalieren","スケーリングに適合します","스케일에 맞춤","适应缩放",""
"_Decal0UseDecalAlpha","Use Decal Alpha","Usar decal alfa","Verwenden Sie Decal Alpha","デカールアルファを使用します","데칼 알파 사용","使用贴花 Alpha",""
"_Decal0OnlyVideo","Only Show Video","Mostrar solo video","Nur Video anzeigen","ビデオのみを表示します","비디오만 표시","仅显示视频",""
"_Decal0VideoEmissionStrength","Emission","Emisión","Emission","発光","방출 강도","自发光","Свечение"
"s_start_Decal0ChannelSeparation","Chromatic Aberration","Aberración cromática","Chromatische Aberration","色収差","색수차 (채널 분리)","通道分离 (色差)","Хроматическая Аберрация"
"s_start_Decal0GlobalMasking","Masking","Enmascarado","Maskierung","マスキング","글로벌 마스킹","遮罩","Маскирование"
"_Decal0FaceMask","Face Mask","Máscara frontal","Schutzmaske","フェイスマスク","페이스 마스크","遮罩",""
"s_start_decal1_position","Positioning","Posicionamiento","Positionierung","ポジショニング","위치 설정","位置","Позиционирование"
"_DecalMirroredUVMode1","Mirrored UV Mode","Modo de UV espejo","Spiegeltem UV -Modus","ミラーリングUVモード","미러링된 UV 모드","镜像 UV 模式",""
"_DecalSymmetryMode1","Symmetry Mode","Modo simétrico","Symmetriemodus","対称モード","대칭 모드","对称模式",""
"_Decal1OverrideAlphaMode","Mode","Modo","Modus","モード","모드","模式","Режим"
"s_start_Decal1HueShift","Hue Shift","Cambio de tono","Farbtonverschiebung","色相シフト","색조 변경","色相偏移","Сдвиг Тона"
"_DecalHueShiftColorSpace1","Color Space","Espacio de color","Farbraum","カラースペース","색 공간","颜色模式","Цветовое Пространство"
"_DecalHueShiftSelectOrShift1","Select or Shift","Seleccionar o cambiar","Wählen oder verschieben","選択またはシフトします","선택 또는 변경","选择或偏移",""
"s_start_Decal1Video","Video Texture","Textura del video","Videostruktur","ビデオテクスチャ","비디오 텍스처","视频纹理",""
"_Decal1VideoEnabled","Video Texture","Textura del video","Videostruktur","ビデオテクスチャ","활성화됨","视频纹理",""
"_Decal1VideoAspectFix","Aspect Ratio","Relación de aspecto","Seitenverhältnis","アスペクト比","종횡비 고정","宽高比","Соотношение Сторон"
"_Decal1VideoFitToScale","Fit To Scale","Ajustar a la escala","Fit zu skalieren","スケーリングに適合します","스케일에 맞춤","适应缩放",""
"_Decal1UseDecalAlpha","Use Decal Alpha","Usar decal alfa","Verwenden Sie Decal Alpha","デカールアルファを使用します","데칼 알파 사용","使用贴花 Alpha",""
"_Decal1OnlyVideo","Only Show Video","Mostrar solo video","Nur Video anzeigen","ビデオのみを表示します","비디오만 표시","仅显示视频",""
"_Decal1VideoEmissionStrength","Emission","Emisión","Emission","発光","방출 강도","自发光","Свечение"
"s_start_Decal1ChannelSeparation","Chromatic Aberration","Aberración cromática","Chromatische Aberration","色収差","색수차 (채널 분리)","通道分离 (色差)","Хроматическая Аберрация"
"s_start_Decal1GlobalMasking","Masking","Enmascarado","Maskierung","マスキング","글로벌 마스킹","遮罩","Маскирование"
"_Decal1FaceMask","Face Mask","Máscara frontal","Schutzmaske","フェイスマスク","페이스 마스크","遮罩",""
"s_start_decal2_position","Positioning","Posicionamiento","Positionierung","ポジショニング","위치 설정","位置","Позиционирование"
"_DecalMirroredUVMode2","Mirrored UV Mode","Modo de UV espejo","Spiegeltem UV -Modus","ミラーリングUVモード","미러링된 UV 모드","镜像 UV 模式",""
"_DecalSymmetryMode2","Symmetry Mode","Modo simétrico","Symmetriemodus","対称モード","대칭 모드","对称模式",""
"_Decal2OverrideAlphaMode","Mode","Modo","Modus","モード","모드","模式","Режим"
"s_start_Decal2HueShift","Hue Shift","Cambio de tono","Farbtonverschiebung","色相シフト","색조 변경","色相偏移","Сдвиг Тона"
"_DecalHueShiftColorSpace2","Color Space","Espacio de color","Farbraum","カラースペース","색 공간","颜色模式","Цветовое Пространство"
"_DecalHueShiftSelectOrShift2","Select or Shift","Seleccionar o cambiar","Wählen oder verschieben","選択またはシフトします","선택 또는 변경","选择或偏移",""
"s_start_Decal2Video","Video Texture","Textura del video","Videostruktur","ビデオテクスチャ","비디오 텍스처","视频纹理",""
"_Decal2VideoEnabled","Video Texture","Textura del video","Videostruktur","ビデオテクスチャ","활성화됨","视频纹理",""
"_Decal2VideoAspectFix","Aspect Ratio","Relación de aspecto","Seitenverhältnis","アスペクト比","종횡비 고정","宽高比","Соотношение Сторон"
"_Decal2VideoFitToScale","Fit To Scale","Ajustar a la escala","Fit zu skalieren","スケーリングに適合します","스케일에 맞춤","适应缩放",""
"_Decal2UseDecalAlpha","Use Decal Alpha","Usar decal alfa","Verwenden Sie Decal Alpha","デカールアルファを使用します","데칼 알파 사용","使用贴花 Alpha",""
"_Decal2OnlyVideo","Only Show Video","Mostrar solo video","Nur Video anzeigen","ビデオのみを表示します","비디오만 표시","仅显示视频",""
"_Decal2VideoEmissionStrength","Emission","Emisión","Emission","発光","방출 강도","自发光","Свечение"
"s_start_Decal2ChannelSeparation","Chromatic Aberration","Aberración cromática","Chromatische Aberration","色収差","색수차 (채널 분리)","通道分离 (色差)","Хроматическая Аберрация"
"s_start_Decal2GlobalMasking","Masking","Enmascarado","Maskierung","マスキング","글로벌 마스킹","遮罩","Маскирование"
"_Decal2FaceMask","Face Mask","Máscara frontal","Schutzmaske","フェイスマスク","페이스 마스크","遮罩",""
"s_start_decal3_position","Positioning","Posicionamiento","Positionierung","ポジショニング","위치 설정","位置","Позиционирование"
"_DecalMirroredUVMode3","Mirrored UV Mode","Modo de UV espejo","Spiegeltem UV -Modus","ミラーリングUVモード","미러링된 UV 모드","镜像 UV 模式",""
"_DecalSymmetryMode3","Symmetry Mode","Modo simétrico","Symmetriemodus","対称モード","대칭 모드","对称模式",""
"_Decal3OverrideAlphaMode","Mode","Modo","Modus","モード","모드","模式","Режим"
"s_start_Decal3HueShift","Hue Shift","Cambio de tono","Farbtonverschiebung","色相シフト","색조 변경","色相偏移","Сдвиг Тона"
"_DecalHueShiftColorSpace3","Color Space","Espacio de color","Farbraum","カラースペース","색 공간","颜色模式","Цветовое Пространство"
"_DecalHueShiftSelectOrShift3","Select or Shift","Seleccionar o cambiar","Wählen oder verschieben","選択またはシフトします","선택 또는 변경","选择或偏移",""
"s_start_Decal3Video","Video Texture","Textura del video","Videostruktur","ビデオテクスチャ","비디오 텍스처","视频纹理",""
"_Decal3VideoEnabled","Video Texture","Textura del video","Videostruktur","ビデオテクスチャ","활성화됨","视频纹理",""
"_Decal3VideoAspectFix","Aspect Ratio","Relación de aspecto","Seitenverhältnis","アスペクト比","종횡비 고정","宽高比","Соотношение Сторон"
"_Decal3VideoFitToScale","Fit To Scale","Ajustar a la escala","Fit zu skalieren","スケーリングに適合します","스케일에 맞춤","适应缩放",""
"_Decal3UseDecalAlpha","Use Decal Alpha","Usar decal alfa","Verwenden Sie Decal Alpha","デカールアルファを使用します","데칼 알파 사용","使用贴花 Alpha",""
"_Decal3OnlyVideo","Only Show Video","Mostrar solo video","Nur Video anzeigen","ビデオのみを表示します","비디오만 표시","仅显示视频",""
"_Decal3VideoEmissionStrength","Emission","Emisión","Emission","発光","방출 강도","自发光","Свечение"
"s_start_Decal3ChannelSeparation","Chromatic Aberration","Aberración cromática","Chromatische Aberration","色収差","색수차 (채널 분리)","通道分离 (色差)","Хроматическая Аберрация"
"s_start_Decal3GlobalMasking","Masking","Enmascarado","Maskierung","マスキング","글로벌 마스킹","遮罩","Маскирование"
"_Decal3FaceMask","Face Mask","Máscara frontal","Schutzmaske","フェイスマスク","페이스 마스크","遮罩",""
"s_start_BackFaceHueShift","Hue Shift","Cambio de tono","Farbtonverschiebung","色相シフト","뒷면 색조 변경","色相偏移","Сдвиг Тона"
"_BackFaceShiftColorSpace","Color Space","Espacio de color","Farbraum","カラースペース","색 공간","颜色模式","Цветовое Пространство"
"_BackFaceHueSelectOrShift","Select or Shift","Seleccionar o cambiar","Wählen oder verschieben","選択またはシフトします","선택 또는 변경","选择或偏移",""
"s_start_BackfaceMods","Backface Mods","Modos traseros","Backface -Mods","バックフェイスmods","뒷면 수정","背面修改",""
"_RGBMaskType","Mask Type","Tipo de máscara","Maskentyp","マスクタイプ","마스크 유형","遮罩类型",""
"_RGBAMetallicMaps","Metallic Maps [Click to Expand]","Mapas metálicos [Haz clic para expandir]","Metallic Maps ]","メタリックマップ]","메탈릭 맵 ]","金属度贴图",""
"_RGBAMetallicMapsPan","Panning","Barrido","Bewegung","パン","패닝","平移","Прокрутка"
"_RGBAMetallicMapsUV","UV","UV","UV","UV","UV","UV","UV"
"_RGBAMetallicMapsStochastic","Stochastic Sampling","Muestreo estocástico","Stochastische Probenahme","確率的サンプリング","확률적 샘플링","随机采样","Стохастическая Выборка"
"_RGBARedMetallicInvert","Invert R","Invertir (Canal R)","Invert r","反転r","R 반전","反转 R",""
"_RGBAGreenMetallicInvert","Invert G","Invertir (Canal G)","Invert g","反転g","G 반전","反转 G",""
"_RGBABlueMetallicInvert","Invert B","Invertir (Canal B)","Invert b","反転b","B 반전","反转 B",""
"_RGBAAlphaMetallicInvert","Invert A","Invertir (Canal A)","Invert a","反転a","A 반전","反转 A",""
"_RGBASmoothnessMaps","Smoothness Maps [Click to Expand]","Mapas de suavizado [Haz clic para expandir]","Smoothness -Texturen ]","滑らかさマップ]","매끄러움 맵 ]","光滑度贴图",""
"_RGBASmoothnessMapsPan","Panning","Barrido","Bewegung","パン","패닝","平移","Прокрутка"
"_RGBASmoothnessMapsUV","UV","UV","UV","UV","UV","UV","UV"
"_RGBASmoothnessMapsStochastic","Stochastic Sampling","Muestreo estocástico","Stochastische Probenahme","確率的サンプリング","확률적 샘플링","随机采样","Стохастическая Выборка"
"_RGBARedSmoothnessInvert","Invert R","Invertir (Canal R)","Invert r","反転r","R 반전","反转 R",""
"_RGBAGreenSmoothnessInvert","Invert G","Invertir (Canal G)","Invert g","反転g","G 반전","反转 G",""
"_RGBABlueSmoothnessInvert","Invert B","Invertir (Canal B)","Invert b","反転b","B 반전","反转 B",""
"_RGBAAlphaSmoothnessInvert","Invert A","Invertir (Canal A)","Invert a","反転a","A 반전","反转 A",""
"s_start_RGBRed","Red","Rojo","Rot","赤","빨강 (R)","红","Красный"
"_RGBARedEnable","Enable Red","Activar rojo","Rot aktivieren","赤を有効にします","빨강 활성화","启用红","Включить Красный"
"_RGBARedScaleOffset","Scale & Offset","Escala y desplazamiento","Skalieren und offset","スケールとオフセット","스케일 및 오프셋","缩放与偏移",""
"_RGBARedBlendType","Color Blend","Mezcla de color","Mischmodus","ブレンドモード","블렌드 모드","混合模式",""
"_RgbRedMaskChannel","Mask Channel","Canal de la máscara","Maskenkanal","マスクチャネル","마스크 채널","遮罩通道","Канал Маски"
"_RgbRedGlobalMaskChannel","Global Mask","Máscara global","Globale Maske","グローバルマスク","글로벌 마스크 채널","全局遮罩","Глобальная Маска"
"_RgbRedGlobalMaskBlendType","Blending","Mezcla","Mischen","ブレンド","글로벌 마스크 블렌드 유형","混合","Смешивание"
"_RgbNormalRMaskChannel","Mask Channel","Canal de la máscara","Maskenkanal","マスクチャネル","노멀 R 마스크 채널","遮罩通道","Канал Маски"
"_RgbNormalRedBlendMode","Normal Blend (Legacy)","Mezcla normal (Antigüo)","Mischmodus","ブレンドモード","노멀 R 블렌드 모드","混合模式",""
"_RgbNormalRGlobalMaskChannel","Global Mask","Máscara global","Globale Maske","グローバルマスク","노멀 R 글로벌 마스크 채널","全局遮罩","Глобальная Маска"
"_RgbNormalRGlobalMaskBlendType","Blending","Mezcla","Mischen","ブレンド","노멀 R 글로벌 마스크 블렌드 유형","混合","Смешивание"
"_RGBARedEmissionStrength","Emission Strength","Intensidad de la emisión","Emissionsstärke","発光強度","방출 강도","自发光强度","Сила Свечения"
"_RGBAPBRRedEnabled","Metallics & Smoothness","Metálicos y suavizado","Metallics & Glätte","メタリックと滑らかさ","메탈릭 & 매끄러움 활성화","金属度 & 光滑度",""
"_RGBARedPBRSplitMaskSample","Custom Sampling","Muestreo personalizado","Benutzerdefinierte Abtastung","カスタムサンプリング","분할 마스크 샘플링","自定义采样",""
"_RGBARedPBRMaskScaleTiling","Tiling/Offset","Mosaico/Desplazamiento","Fliesen/Offset","タイル/オフセット","마스크 스케일/타일링","平铺/偏移","Мозаика/Смещение"
"_RGBARedPBRUV","UV","UV","UV","UV","UV","UV","UV"
"_RGBARedPBRSplitMaskStochastic","Stochastic Sampling","Muestreo estocástico","Stochastische Probenahme","確率的サンプリング","분할 마스크 확률적 샘플링","随机采样","Стохастическая Выборка"
"_RGBARedPBRMasksPan","Panning","Barrido","Bewegung","パン","마스크 패닝","平移","Прокрутка"
"s_start_RGBGreen","Green","Verde","Grün","緑","초록 (G)","绿","Зеленый"
"_RGBAGreenEnable","Enable Green","Activar verde","Grün aktivieren","緑を有効にします","초록 활성화","启用绿","Включить Зеленый"
"_RGBAGreenScaleOffset","Scale & Offset","Escala y desplazamiento","Skalieren und offset","スケールとオフセット","스케일 및 오프셋","缩放与偏移",""
"_RGBAGreenBlendType","Color Blend","Mezcla de color","Mischmodus","ブレンドモード","블렌드 모드","混合模式",""
"_RgbGreenMaskChannel","Mask Channel","Canal de la máscara","Maskenkanal","マスクチャネル","마스크 채널","遮罩通道","Канал Маски"
"_RgbGreenGlobalMaskChannel","Global Mask","Máscara global","Globale Maske","グローバルマスク","글로벌 마스크 채널","全局遮罩","Глобальная Маска"
"_RgbGreenGlobalMaskBlendType","Blending","Mezcla","Mischen","ブレンド","글로벌 마스크 블렌드 유형","混合","Смешивание"
"_RgbNormalGMaskChannel","Mask Channel","Canal de la máscara","Maskenkanal","マスクチャネル","노멀 G 마스크 채널","遮罩通道","Канал Маски"
"_RgbNormalGreenBlendMode","Normal Blend (Legacy)","Mezcla normal (Antigüo)","Mischmodus","ブレンドモード","노멀 G 블렌드 모드","混合模式",""
"_RgbNormalGGlobalMaskChannel","Global Mask","Máscara global","Globale Maske","グローバルマスク","노멀 G 글로벌 마스크 채널","全局遮罩","Глобальная Маска"
"_RgbNormalGGlobalMaskBlendType","Blending","Mezcla","Mischen","ブレンド","노멀 G 글로벌 마스크 블렌드 유형","混合","Смешивание"
"_RGBAGreenEmissionStrength","Emission Strength","Intensidad de la emisión","Emissionsstärke","発光強度","방출 강도","自发光强度","Сила Свечения"
"_RGBAPBRGreenEnabled","Metallics & Smoothness","Metálicos y suavizado","Metallics & Glätte","メタリックと滑らかさ","메탈릭 & 매끄러움 활성화","金属度 & 光滑度",""
"_RGBAGreenPBRSplitMaskSample","Custom Sampling","Muestreo personalizado","Benutzerdefinierte Abtastung","カスタムサンプリング","분할 마스크 샘플링","自定义采样",""
"_RGBAGreenPBRMaskScaleTiling","Tiling/Offset","Mosaico/Desplazamiento","Fliesen/Offset","タイル/オフセット","마스크 스케일/타일링","平铺/偏移","Мозаика/Смещение"
"_RGBAGreenPBRUV","UV","UV","UV","UV","UV","UV","UV"
"_RGBAGreenPBRSplitMaskStochastic","Stochastic Sampling","Muestreo estocástico","Stochastische Probenahme","確率的サンプリング","분할 마스크 확률적 샘플링","随机采样","Стохастическая Выборка"
"_RGBAGreenPBRMasksPan","Panning","Barrido","Bewegung","パン","마스크 패닝","平移","Прокрутка"
"s_start_RGBBlue","Blue","Azul","Blau","青","파랑 (B)","蓝","Синий"
"_RGBABlueEnable","Enable Blue","Activar azul","Blau aktivieren","青を有効にします","파랑 활성화","启用蓝","Включить Синий"
"_RGBABlueScaleOffset","Scale & Offset","Escala y desplazamiento","Skalieren und offset","スケールとオフセット","스케일 및 오프셋","缩放与偏移",""
"_RGBABlueBlendType","Color Blend","Mezcla de color","Mischmodus","ブレンドモード","블렌드 모드","混合模式",""
"_RgbBlueMaskChannel","Mask Channel","Canal de la máscara","Maskenkanal","マスクチャネル","마스크 채널","遮罩通道","Канал Маски"
"_RgbBlueGlobalMaskChannel","Global Mask","Máscara global","Globale Maske","グローバルマスク","글로벌 마스크 채널","全局遮罩","Глобальная Маска"
"_RgbBlueGlobalMaskBlendType","Blending","Mezcla","Mischen","ブレンド","글로벌 마스크 블렌드 유형","混合","Смешивание"
"_RgbNormalBMaskChannel","Mask Channel","Canal de la máscara","Maskenkanal","マスクチャネル","노멀 B 마스크 채널","遮罩通道","Канал Маски"
"_RgbNormalBlueBlendMode","Normal Blend (Legacy)","Mezcla normal (Antigüo)","Mischmodus","ブレンドモード","노멀 B 블렌드 모드","混合模式",""
"_RgbNormalBGlobalMaskChannel","Global Mask","Máscara global","Globale Maske","グローバルマスク","노멀 B 글로벌 마스크 채널","全局遮罩","Глобальная Маска"
"_RgbNormalBGlobalMaskBlendType","Blending","Mezcla","Mischen","ブレンド","노멀 B 글로벌 마스크 블렌드 유형","混合","Смешивание"
"_RGBABlueEmissionStrength","Emission Strength","Intensidad de la emisión","Emissionsstärke","発光強度","방출 강도","自发光强度","Сила Свечения"
"_RGBAPBRBlueEnabled","Metallics & Smoothness","Metálicos y suavizado","Metallics & Glätte","メタリックと滑らかさ","메탈릭 & 매끄러움 활성화","金属度 & 光滑度",""
"_RGBABluePBRSplitMaskSample","Custom Sampling","Muestreo personalizado","Benutzerdefinierte Abtastung","カスタムサンプリング","분할 마스크 샘플링","自定义采样",""
"_RGBABluePBRMaskScaleTiling","Tiling/Offset","Mosaico/Desplazamiento","Fliesen/Offset","タイル/オフセット","마스크 스케일/타일링","平铺/偏移","Мозаика/Смещение"
"_RGBABluePBRUV","UV","UV","UV","UV","UV","UV","UV"
"_RGBABluePBRSplitMaskStochastic","Stochastic Sampling","Muestreo estocástico","Stochastische Probenahme","確率的サンプリング","분할 마스크 확률적 샘플링","随机采样","Стохастическая Выборка"
"_RGBABluePBRMasksPan","Panning","Barrido","Bewegung","パン","마스크 패닝","平移","Прокрутка"
"s_start_RGBAlpha","Alpha","Alfa","Alpha","アルファ","알파 (A)","Alpha","Альфа"
"_RGBAAlphaEnable","Enable Alpha","Activar alfa","Aktivieren Sie Alpha","アルファを有効にします","알파 활성화","启用 Alpha","Включить Альфу"
"_RGBAAlphaScaleOffset","Scale & Offset","Escala y desplazamiento","Skalieren und offset","スケールとオフセット","스케일 및 오프셋","缩放与偏移",""
"_RGBAAlphaBlendType","Color Blend","Mezcla de color","Mischmodus","ブレンドモード","블렌드 모드","混合模式",""
"_RgbAlphaMaskChannel","Mask Channel","Canal de la máscara","Maskenkanal","マスクチャネル","마스크 채널","遮罩通道","Канал Маски"
"_RgbAlphaGlobalMaskChannel","Global Mask","Máscara global","Globale Maske","グローバルマスク","글로벌 마스크 채널","全局遮罩","Глобальная Маска"
"_RgbAlphaGlobalMaskBlendType","Blending","Mezcla","Mischen","ブレンド","글로벌 마스크 블렌드 유형","混合","Смешивание"
"_RgbNormalAMaskChannel","Mask Channel","Canal de la máscara","Maskenkanal","マスクチャネル","노멀 A 마스크 채널","遮罩通道","Канал Маски"
"_RgbNormalAlphaBlendMode","Normal Blend (Legacy)","Mezcla normal (Antigüo)","Mischmodus","ブレンドモード","노멀 A 블렌드 모드","混合模式",""
"_RgbNormalAGlobalMaskChannel","Global Mask","Máscara global","Globale Maske","グローバルマスク","노멀 A 글로벌 마스크 채널","全局遮罩","Глобальная Маска"
"_RgbNormalAGlobalMaskBlendType","Blending","Mezcla","Mischen","ブレンド","노멀 A 글로벌 마스크 블렌드 유형","混合","Смешивание"
"_RGBAAlphaEmissionStrength","Emission Strength","Intensidad de la emisión","Emissionsstärke","発光強度","방출 강도","自发光强度","Сила Свечения"
"_RGBAPBRAlphaEnabled","Metallics & Smoothness","Metálicos y suavizado","Metallics & Glätte","メタリックと滑らかさ","메탈릭 & 매끄러움 활성화","金属度 & 光滑度",""
"_RGBAAlphaPBRSplitMaskSample","Custom Sampling","Muestreo personalizado","Benutzerdefinierte Abtastung","カスタムサンプリング","분할 마스크 샘플링","自定义采样",""
"_RGBAAlphaPBRMaskScaleTiling","Tiling/Offset","Mosaico/Desplazamiento","Fliesen/Offset","タイル/オフセット","마스크 스케일/타일링","平铺/偏移","Мозаика/Смещение"
"_RGBAAlphaPBRUV","UV","UV","UV","UV","UV","UV","UV"
"_RGBAAlphaPBRSplitMaskStochastic","Stochastic Sampling","Muestreo estocástico","Stochastische Probenahme","確率的サンプリング","분할 마스크 확률적 샘플링","随机采样","Стохастическая Выборка"
"_RGBAAlphaPBRMasksPan","Panning","Barrido","Bewegung","パン","마스크 패닝","平移","Прокрутка"
"_LightDataAOGlobalMaskR","Global Mask","Máscara global","Globale Maske","グローバルマスク","라이트 데이터 AO 글로벌 마스크 R","全局遮罩","Глобальная Маска"
"_LightDataAOGlobalMaskBlendTypeR","Blending","Mezcla","Mischen","ブレンド","라이트 데이터 AO 블렌드 유형 R","混合","Смешивание"
"_LightDataDetailShadowGlobalMaskR","Global Mask","Máscara global","Globale Maske","グローバルマスク","라이트 데이터 디테일 섀도우 글로벌 마스크 R","全局遮罩","Глобальная Маска"
"_LightDataDetailShadowGlobalMaskBlendTypeR","Blending","Mezcla","Mischen","ブレンド","라이트 데이터 디테일 섀도우 블렌드 유형 R","混合","Смешивание"
"_LightDataShadowMaskGlobalMaskR","Global Mask","Máscara global","Globale Maske","グローバルマスク","라이트 데이터 섀도우 마스크 글로벌 마스크 R","全局遮罩","Глобальная Маска"
"_LightDataShadowMaskGlobalMaskBlendTypeR","Blending","Mezcla","Mischen","ブレンド","라이트 데이터 섀도우 마스크 블렌드 유형 R","混合","Смешивание"
"s_start_LightDataBasePass","Base Pass (Directional & Baked Lights)","Pasada base (Base Pass de iluminación direccional y precalculada)","Basispass (Richtungs- und Backleuchten)","ベースパス（方向性と焼きライト）","베이스 패스 (직사광 및 베이크 라이트)","基础 Pass (方向光与烘焙光)",""
"s_start_LightDataSDF","Signed Distance fields","Campos de Distancia Firmados (SDF)","Signierte Entfernungsfelder","署名された距離フィールド","SDF (Signed Distance Fields)","有向距离场 (SDF)",""
"_LightDataSDFMap","SDF Map (expand)","Mapa SDF (Expandir)","SDF -Textur (erweitern)","SDFマップ（拡張）","SDF 맵 (확장)","SDF 贴图 (展开)",""
"_LightDataSDFMapPan","Panning","Barrido","Bewegung","パン","패닝","平移","Прокрутка"
"_LightDataSDFMapUV","UV","UV","UV","UV","UV","UV","UV"
"_LightDataSDFMapLOD","LOD","Nivel de detalle (LOD)","Detailgrad","lod","LOD","LOD","LOD"
"_LightDataSDFBlendY","Blend Y Direction","Mezcla y dirección","Mischung y Richtung","y方向をブレンドします","Y 방향 블렌드","混合 Y 方向",""
"_LightingViewDirOffsetPitch","View Dir Offset Pitch","Mostrar desplazamiento direccional en cabeceo (Pitch)","DIR -Offset -Tonhöhe anzeigen","DIRオフセットピッチを表示します","시야 방향 오프셋 피치","视角方向偏移俯仰",""
"_LightingViewDirOffsetYaw","View Dir Offset Yaw","Mostrar desplazamiento direccional en guiñada (Yaw)","Sehen Sie Dir Offset Yaw anzeigen","ディールオフセットヨーを表示します","시야 방향 오프셋 요","视角方向偏移偏航",""
"_LightingMirrorVertexLightingEnabled","Mirror Vertex lights (Non-Important)","Luces de vértices espejo (no importantes)","Spiegelscheitelpunkte (nicht wichtig)","ミラー頂点ライト（重要ではない）","거울 버텍스 라이팅 활성화","镜像顶点光照 (不重要)",""
"_LightingEnableLightVolumes","Light Volumes","Volúmenes de luces","Lichtvolumen","軽量","라이트 볼륨 활성화","光照体积",""
"s_start_LightDataAddPass","Add Pass (Point & Spot lights)","Pasada aditiva (Add Pass de iluminación puntual y focal)","Pass hinzufügen (Punkt- und Spotlichter)","パスを追加（ポイントとスポットライト）","추가 패스 (포인트 및 스팟 라이트)","添加 Pass (点光源与聚光灯)",""
"_LightingAdditiveCastedShadows","Receive Casted Shadows","Recibir sombras proyectadas","Erhalten Sie Casted Shadows","キャストされた影を受け取ります","가산 그림자 수신","接收投影阴影",""
"s_start_LightDataDebug","Debug / Data Visualizations","Depuración/Visualización de datos","Debug- / Datenvisualisierungen","デバッグ /データの視覚化","디버그 / 데이터 시각화","调试 / 数据可视化",""
"_ToonRampCount","Ramp Count","Número de rampas","Rampenzahl","ランプカウント","툰 램프 수","Ramp 数量",""
"_ToonRampUVSelector","Ramp Selector UV","Selector UV de rampa","Ramp -Selektor UV","ランプセレクターUV","툰 램프 UV 선택기","Ramp 选择器 UV",""
"s_start_MultilayerMath1stLayer","Shadow Layer 1","Capa de sombra 1","Schattenschicht 1","シャドウレイヤー1","다중 레이어 수학 1번째 레이어","阴影层 1",""
"_ShadowReceive","Receive Shadow","Recibir sombras","Erhalten Sie Schatten","影を受け取ります","그림자 수신","接收阴影",""
"s_start_MultilayerMath2ndLayer","Shadow Layer 2","Capa de sombra 2","Schattenschicht 2","シャドウレイヤー2","다중 레이어 수학 2번째 레이어","阴影层 2",""
"_Shadow2ndReceive","Receive Shadow","Recibir sombras","Erhalten Sie Schatten","影を受け取ります","2번째 그림자 수신","接收阴影",""
"s_start_MultilayerMath3rdLayer","Shadow Layer 3","Capa de sombra 3","Schattenschicht 3","シャドウレイヤー3","다중 레이어 수학 3번째 레이어","阴影层 3",""
"_Shadow3rdReceive","Receive Shadow","Recibir sombra","Erhalten Sie Schatten","影を受け取ります","3번째 그림자 수신","接收阴影",""
"s_start_MultilayerMathBorder","Border","Borde","Grenze","国境","다중 레이어 수학 경계","边界","Граница"
"s_start_MultilayerShadowMap","Shadow Map","Mapa de sombras","SchattenTextur","シャドウマップ","다중 레이어 그림자 맵","阴影贴图","Карта Теней"
"_ShadowMaskType","Map Type","Tipo","Texturentyp","マップタイプ","그림자 마스크 유형","贴图类型","Тип Карты"
"_ShadowStrengthMask","Color Tex","Textura de color","Farbe Tex","色のテックス","그림자 강도 마스크","颜色纹理","Текстура Цвета Тени"
"_ShadowStrengthMaskPan","Panning","Barrido","Bewegung","パン","패닝","平移","Прокрутка"
"_ShadowStrengthMaskUV","UV","UV","UV","UV","UV","UV","UV"
"_ShadowFlatBorder","Border","Borde","Grenze","国境","플랫 경계","边界","Граница"
"_ShadowFlatBlur","Blur","Desenfoque","Verwischen","ぼやけ","플랫 블러","模糊","Размытие"
"s_start_MultilayerMathBorderMap","Shadow Border Map","Mapa del borde de las sombras","SchattenrandTextur","シャドウボーダーマップ","다중 레이어 수학 경계 맵","阴影边界图",""
"_ShadowBorderMapToggle","Shadow Border Map Toggle","Mapa del borde de las sombras","SchattenrandTextur umschaltet","シャドウボーダーマップの切り替え","경계 맵 토글","切换阴影边界图",""
"_ShadowBorderMask","AO Map","Mapa de oculisión ambiental (AO)","AO -Textur","AOマップ","경계 마스크","AO 贴图","Карта АО"
"_ShadowBorderMaskPan","Panning","Barrido","Bewegung","パン","패닝","平移","Прокрутка"
"_ShadowBorderMaskUV","UV","UV","UV","UV","UV","UV","UV"
"_ShadowPostAO","Ignore Border Properties","Ignorar las propiedades del borde","Grenzeigenschaften ignorieren","ボーダープロパティを無視します","포스트 AO","忽略边界属性",""
"_ShadowAOShift","Shadow AO Shift","Cambio de sombra de oclusión ambiental","Schatten AO -Verschiebung","シャドウAOシフト","그림자 AO 시프트","阴影 AO 偏移",""
"_ShadowAOShift2","Shadow AO Shift","Cambio de sombra de oclusión ambiental","Schatten AO -Verschiebung","シャドウAOシフト","그림자 AO 시프트 2","阴影 AO 偏移",""
"_ShadowEnvStrength","Env Strength on Shadow Color","Intensidad del entorno del color de la sombra","Env Stärke auf Schattenfarbe","影の色のenv強度","그림자 환경 강도","阴影颜色的环境光强度",""
"_LightingWrappedColor","LightSide Color","Color de envolvente","Leichte Farbe","軽い色","래핑된 조명 색상","环绕颜色",""
"_ForceFlatRampedLightmap","Force Ramped Lightmap","Mapa de luz con rampa de fuerza","Kraft rampierte Lightmap","フォースランプされたライトマップ","강제 플랫 램프 라이트맵","强制平坦 Ramp 光照贴图",""
"s_start_ShadingAddPass","Add Pass (Point & Spot Lights)","Pasada aditiva (Add Pass de iluminación puntual y focal)","Pass hinzufügen (Punkt- und Spotlichter)","パスを追加（ポイントとスポットライト）","쉐이딩 추가 패스","添加 Pass (点光源和聚光灯)",""
"s_start_ShadingGlobalMask","Global Masks","Máscaras globales","Globale Masken","グローバルマスク","쉐이딩 글로벌 마스크","全局遮罩",""
"_ShadingRampedLightMapApplyGlobalMaskIndex","LightMap to Global Mask","Mapa de luces como máscara global","Lightmap zur globalen Maske","グローバルマスクからライトマップ","램프 라이트맵 글로벌 마스크 적용 인덱스","Ramp 光照贴图应用到全局遮罩",""
"_ShadingRampedLightMapApplyGlobalMaskBlendType","Blending","Tipo de mezcla","Mischen","ブレンド","램프 라이트맵 글로벌 마스크 블렌드 유형","混合","Смешивание"
"_ShadingRampedLightMapInverseApplyGlobalMaskIndex","Inversed LightMap to Global Mask","Mapa de luces inversas como máscara global","Umgekehrte Lightmap zu globaler Maske","グローバルマスクから逆のライトマップ","램프 라이트맵 반전 글로벌 마스크 적용 인덱스","反转 Ramp 光照贴图应用到全局遮罩",""
"_ShadingRampedLightMapInverseApplyGlobalMaskBlendType","Blending","Tipo de mezcla","Mischen","ブレンド","램프 라이트맵 반전 글로벌 마스크 블렌드 유형","混合","Смешивание"
"_AnisoGlobalMask","Global Mask","Máscara global","Globale Maske","グローバルマスク","이방성 글로벌 마스크","全局遮罩","Глобальная Маска"
"_AnisoGlobalMaskBlendType","Blending","Tipo de mezcla","Mischen","ブレンド","이방성 글로벌 마스크 블렌드 유형","混合","Смешивание"
"s_start_AnisoTopLayer","Top Layer","Capa superior","Oberschicht","最上層","이방성 상단 레이어","顶层",""
"s_start_AnisoBottomLayer","Bottom Layer","Capa inferior","Untere Schicht","下層","이방성 하단 레이어","底层",""
"_MatcapPan","Panning","Barrido","Bewegung","パン","맷캡 패닝","平移","Прокрутка"
"_MatcapUVToBlend","UV To Blend","UV para mezclar","UV zu mischen","ブレンドするUV","블렌드할 UV","混合用的 UV",""
"_MatCapBlendUV1","UV Blend","Mezcla UV","UV -Mischung","UVブレンド","UV 블렌드 1","UV 混合",""
"_MatcapRotation","Rotation","Rotación","Drehung","回転","회전","旋转","Вращение"
"_MatcapBaseColorMix","Base Color Mix","Mezcla de color base","Grundfarbenmischung","ベースカラーミックス","베이스 색상 혼합","基础色混合",""
"_MatcapLightColorMix","Light Color Mix","Mezcla de color claro","Leichte Farbmischung","ライトカラーミックス","라이트 색상 혼합","光照颜色混合",""
"s_start_Matcap0Masking","Masking","Enmascaramiento","Maskierung","マスキング","맷캡 0 마스킹","遮罩","Маскирование"
"_Matcap0CircleMaskEnabled","Circle Mask","Máscara circular","Kreismaske","サークルマスク","원형 마스크 활성화","圆形遮罩",""
"_Matcap0CircleMaskBorder","Radius","Radio","Radius","半径","원형 마스크 경계","半径","Радиус"
"_Matcap0CircleMaskBlur","Blur","Desenfoque","Verwischen","ぼやけ","원형 마스크 블러","模糊","Размытие"
"s_start_Matcap0Blending","Blending","Mezcla","Mischen","ブレンド","맷캡 0 블렌딩","混合","Смешивание"
"_MatcapScreen","Screen","Sobreexposición/Pantalla","Bildschirm","画面","스크린","滤色 (Screen)","Экран"
"s_start_MatcapNormal","Custom Normal Map","Mapa de normales personalizado","Benutzerdefinierte normale Textur","カスタム通常のマップ","맷캡 노멀","自定义法线贴图","Пользовательская Карта Нормалей"
"s_start_MatcapHueShift","Hue Shift","Cambio de tono","Farbtonverschiebung","色相シフト","맷캡 색조 변경","色相偏移","Сдвиг Тона"
"_MatcapHueShiftColorSpace","Color Space","Espacio de color","Farbraum","カラースペース","색 공간","颜色模式","Цветовое Пространство"
"_MatcapHueSelectOrShift","Select or Shift","Seleccionar o cambiar","Wählen oder verschieben","選択またはシフトします","선택 또는 변경","选择或偏移",""
"s_start_MatcapSmoothness","Blur / Smoothness","Desenfoque / Suavidad","Unglück / Glätte","ぼやけ /滑らかさ","맷캡 매끄러움","模糊 / 光滑度","Размытие / Гладкость"
"_MatcapSmoothness","Smoothness","Suavidad","Glätte","滑らかさ","매끄러움","光滑度","Гладкость"
"_MatcapMaskSmoothnessApply","Apply Mask for Smoothness","Aplicar una máscara para la suavidad","Maske für Glätte auftragen","滑らかさのためにマスクを適用します","매끄러움 마스크 적용","应用遮罩到光滑度",""
"_MatcapMaskSmoothnessChannel","Mask Channel for Smoothness","Canal de máscara para la suavidad","Maskenkanal für Glätte","滑らかさのためのマスクチャネル","매끄러움 마스크 채널","光滑度遮罩通道",""
"s_start_matcapApplyToAlpha","Alpha Options","Opciones alfa","Alpha -Optionen","アルファオプション","알파 적용 옵션","Alpha 选项",""
"_MatcapApplyToAlphaEnabled","Intensity To Alpha","Intensidad alfa","Intensität zu Alpha","アルファの強度","알파에 적용 활성화","强度到 Alpha",""
"_MatcapApplyToAlphaSourceBlend","Source Blend","Mezcla del origen","Quellmischung","ソースブレンド","소스 블렌드","源混合",""
"_MatcapApplyToAlphaBlendType","Blend Type","Tipo de mezcla","Mischtyp","ブレンドタイプ","블렌드 유형","混合类型",""
"_MatcapApplyToAlphaBlending","Blending","Mezcla","Mischen","ブレンド","블렌딩","混合","Смешивание"
"s_start_MatcapTPSMaskGroup","Matcap TPS Mask","Máscara MatCap TPS","MATCAP TPS -Maske","マットキャップ TPSマスク","맷캡 TPS 마스크 그룹","Matcap TPS 遮罩",""
"s_start_Matcap0AudioLink","Audio Link ♫","AudioLink ♫","Audio -Link ♫","オーディオリンク♫","맷캡 0 오디오 링크","AudioLink ♫","AudioLink ♫"
"_Matcap0ALEnabled","Enable Audio Link","Activar AudioLink","Aktivieren Sie den Audio -Link","オーディオリンクを有効にします","오디오 링크 활성화","启用 AudioLink","Включить AudioLink"
"_Matcap0ALAlphaAddBand","Alpha Band","Banda alfa","Alpha -Band","アルファバンド","알파 추가 밴드","Alpha 频段",""
"_Matcap0ALAlphaAdd","Alpha Mod","Modificador alfa","Alpha Mod","アルファ mod","알파 추가","Alpha 调节","Альфа-мод"
"_Matcap0ALEmissionAddBand","Emission Band","Banda de emisión","Emissionsband","発光バンド","방출 추가 밴드","自发光频段",""
"_Matcap0ALEmissionAdd","Emission Mod","Modificador de emisión","Emissionsmod","発光量mod","방출 추가","自发光调节",""
"_Matcap0ALIntensityAddBand","Intensity Band","Banda de intensidad","Intensitätsband","強度バンド","강도 추가 밴드","强度频段",""
"_Matcap0ALIntensityAdd","Intensity Mod","Modificador de intensidad","Intensitätsmod","強度mod","강도 추가","强度调节",""
"_Matcap0ALChronoPanType","Chrono Pan Type","Tipo de barrido de cronotensidad","Chrono Pan Typ","クロノパンタイプ","크로노 팬 유형","Chrono 平移类型",""
"_Matcap0ALChronoPanBand","Chrono Pan Band","Banda de barrido de cronotensidad","Chrono Pan Band","クロノパンバンド","크로노 팬 밴드","Chrono 平移频段",""
"_Matcap0ALChronoPanSpeed","Chrono Pan Speed","Velocidad de barrido de cronotensidad","Chrono Pan Speed","クロノパンスピード","크로노 팬 속도","Chrono 平移速度",""
"_Matcap2Pan","Panning","Barrido","Bewegung","パン","맷캡 2 패닝","平移","Прокрутка"
"_Matcap2UVToBlend","UV To Blend","UV para mezclar","UV zu mischen","ブレンドするUV","블렌드할 UV","混合用的 UV",""
"_MatCap2ndBlendUV1","UV Blend","Mezcla UV","UV -Mischung","UVブレンド","2번째 UV 블렌드 1","UV 混合",""
"_Matcap2Rotation","Rotation","Rotación","Drehung","回転","회전","旋转","Вращение"
"_Matcap2BaseColorMix","Base Color Mix","Mezcla de color base","Grundfarbenmischung","ベースカラーミックス","베이스 색상 혼합","基础色混合",""
"_Matcap2LightColorMix","Light Color Mix","Mezcla de color claro","Leichte Farbmischung","ライトカラーミックス","라이트 색상 혼합","光照颜色混合",""
"s_start_Matcap1Masking","Masking","Enmascaramiento","Maskierung","マスキング","맷캡 1 마스킹","遮罩","Маскирование"
"_Matcap2CircleMaskEnabled","Circle Mask","Máscara circular","Kreismaske","サークルマスク","원형 마스크 활성화","圆形遮罩",""
"_Matcap2CircleMaskBorder","Radius","Radio","Radius","半径","원형 마스크 경계","半径",""
"_Matcap2CircleMaskBlur","Blur","Desenfoque","Verwischen","ぼやけ","원형 마스크 블러","模糊","Размытие"
"s_start_Matcap1Blending","Blending","Mezcla","Mischen","ブレンド","맷캡 1 블렌딩","混合","Смешивание"
"_Matcap2Screen","Screen","Sobreexposición/Pantalla","Bildschirm","画面","스크린","滤色 (Screen)","Экран"
"s_start_Matcap1Normal","Custom Normal Map","Mapa de normales personalizado","Benutzerdefinierte normale Textur","カスタム通常のマップ","맷캡 1 노멀","自定义法线贴图",""
"s_start_Matcap1HueShift","Hue Shift","Cambio de tono","Farbtonverschiebung","色相シフト","맷캡 1 색조 변경","色相偏移","Сдвиг Тона"
"_Matcap2HueShiftColorSpace","Color Space","Espacio de color","Farbraum","カラースペース","색 공간","颜色模式","Цветовое Пространство"
"_Matcap2HueSelectOrShift","Select or Shift","Seleccionar o cambiar","Wählen oder verschieben","選択またはシフトします","선택 또는 변경","选择或偏移",""
"s_start_Matcap1Smoothness","Blur / Smoothness","Desenfoque / Suavidad","Unglück / Glätte","ぼやけ /滑らかさ","맷캡 1 매끄러움","模糊 / 光滑度","Размытие / Гладкость"
"_Matcap2Smoothness","Smoothness","Suavidad","Glätte","滑らかさ","매끄러움","光滑度","Гладкость"
"_Matcap2MaskSmoothnessApply","Apply Mask for Smoothness","Aplicar una máscara para la suavidad","Maske für Glätte auftragen","滑らかさのためにマスクを適用します","매끄러움 마스크 적용","应用遮罩到光滑度",""
"_Matcap2MaskSmoothnessChannel","Mask Channel for Smoothness","Canal de máscara para la suavidad","Maskenkanal für Glätte","滑らかさのためのマスクチャネル","매끄러움 마스크 채널","光滑度遮罩通道",""
"s_start_matcap1ApplyToAlpha","Alpha Options","Opciones alfa","Alpha -Optionen","アルファオプション","알파 적용 옵션","Alpha 选项",""
"_Matcap2ApplyToAlphaEnabled","Intensity To Alpha","Intensidad alfa","Intensität zu Alpha","アルファの強度","알파에 적용 활성화","强度到 Alpha",""
"_Matcap2ApplyToAlphaSourceBlend","Source Blend","Mezcla del origen","Quellmischung","ソースブレンド","소스 블렌드","源混合",""
"_Matcap2ApplyToAlphaBlendType","Blend Type","Tipo de mezcla","Mischtyp","ブレンドタイプ","블렌드 유형","混合类型",""
"_Matcap2ApplyToAlphaBlending","Blending","Mezcla","Mischen","ブレンド","블렌딩","混合","Смешивание"
"s_start_Matcap2TPSMaskGroup","Matcap TPS Mask","Máscara MatCap TPS","MATCAP TPS -Maske","マットキャップ TPSマスク","맷캡 2 TPS 마스크 그룹","Matcap TPS 遮罩",""
"s_start_Matcap1AudioLink","Audio Link ♫","AudioLink ♫","Audio -Link ♫","オーディオリンク♫","맷캡 1 오디오 링크","AudioLink ♫","AudioLink ♫"
"_Matcap1ALEnabled","Enable Audio Link","Activar AudioLink","Aktivieren Sie den Audio -Link","オーディオリンクを有効にします","오디오 링크 활성화","启用 AudioLink","Включить AudioLink"
"_Matcap1ALAlphaAddBand","Alpha Band","Banda alfa","Alpha -Band","アルファバンド","알파 추가 밴드","Alpha 频段",""
"_Matcap1ALAlphaAdd","Alpha Mod","Modificador alfa","Alpha Mod","アルファ mod","알파 추가","Alpha 调节","Альфа-мод"
"_Matcap1ALEmissionAddBand","Emission Band","Banda de emisión","Emissionsband","発光バンド","방출 추가 밴드","自发光频段",""
"_Matcap1ALEmissionAdd","Emission Mod","Modificador de emisión","Emissionsmod","発光量mod","방출 추가","自发光调节",""
"_Matcap1ALIntensityAddBand","Intensity Band","Banda de intensidad","Intensitätsband","強度バンド","강도 추가 밴드","强度频段",""
"_Matcap1ALIntensityAdd","Intensity Mod","Modificador de intensidad","Intensitätsmod","強度mod","강도 추가","强度调节",""
"_Matcap1ALChronoPanType","Chrono Pan Type","Tipo de barrido de cronotensidad","Chrono Pan Typ","クロノパンタイプ","크로노 팬 유형","Chrono 平移类型",""
"_Matcap1ALChronoPanBand","Chrono Pan Band","Banda de barrido de cronotensidad","Chrono Pan Band","クロノパンバンド","크로노 팬 밴드","Chrono 平移频段",""
"_Matcap1ALChronoPanSpeed","Chrono Pan Speed","Velocidad de barrido de cronotensidad","Chrono Pan Speed","クロノパンスピード","크로노 팬 속도","Chrono 平移速度",""
"_Matcap3Pan","Panning","Barrido","Bewegung","パン","맷캡 3 패닝","平移","Прокрутка"
"_Matcap3UVToBlend","UV To Blend","UV para mezclar","UV zu mischen","ブレンドするUV","블렌드할 UV","混合用的 UV",""
"_MatCap3rdBlendUV1","UV Blend","Mezcla UV","UV -Mischung","UVブレンド","3번째 UV 블렌드 1","UV 混合",""
"_Matcap3Rotation","Rotation","Rotación","Drehung","回転","회전","旋转","Вращение"
"_Matcap3BaseColorMix","Base Color Mix","Mezcla de color base","Grundfarbenmischung","ベースカラーミックス","베이스 색상 혼합","基础色混合",""
"_Matcap3LightColorMix","Light Color Mix","Mezcla de color claro","Leichte Farbmischung","ライトカラーミックス","라이트 색상 혼합","光照颜色混合",""
"s_start_Matcap2Masking","Masking","Enmascaramiento","Maskierung","マスキング","맷캡 2 마스킹","遮罩","Маскирование"
"_Matcap3CircleMaskEnabled","Circle Mask","Máscara circular","Kreismaske","サークルマスク","원형 마스크 활성화","圆形遮罩",""
"_Matcap3CircleMaskBorder","Radius","Radio","Radius","半径","원형 마스크 경계","半径",""
"_Matcap3CircleMaskBlur","Blur","Desenfoque","Verwischen","ぼやけ","원형 마스크 블러","模糊","Размытие"
"s_start_Matcap2Blending","Blending","Mezcla","Mischen","ブレンド","맷캡 2 블렌딩","混合","Смешивание"
"_Matcap3Screen","Screen","Sobreexposición/Pantalla","Bildschirm","画面","스크린","滤色 (Screen)","Экран"
"s_start_Matcap2Normal","Custom Normal Map","Mapa de normales personalizado","Benutzerdefinierte normale Textur","カスタム通常のマップ","맷캡 2 노멀","自定义法线贴图",""
"s_start_Matcap2HueShift","Hue Shift","Cambio de tono","Farbtonverschiebung","色相シフト","맷캡 2 색조 변경","色相偏移","Сдвиг Тона"
"_Matcap3HueShiftColorSpace","Color Space","Espacio de color","Farbraum","カラースペース","색 공간","颜色模式","Цветовое Пространство"
"_Matcap3HueSelectOrShift","Select or Shift","Seleccionar o cambiar","Wählen oder verschieben","選択またはシフトします","선택 또는 변경","选择或偏移",""
"s_start_Matcap2Smoothness","Blur / Smoothness","Desenfoque / Suavidad","Unglück / Glätte","ぼやけ /滑らかさ","맷캡 2 매끄러움","模糊 / 光滑度","Размытие / Гладкость"
"_Matcap3Smoothness","Smoothness","Suavidad","Glätte","滑らかさ","매끄러움","光滑度","Гладкость"
"_Matcap3MaskSmoothnessApply","Apply Mask for Smoothness","Aplicar una máscara para la suavidad","Maske für Glätte auftragen","滑らかさのためにマスクを適用します","매끄러움 마스크 적용","应用遮罩到光滑度",""
"_Matcap3MaskSmoothnessChannel","Mask Channel for Smoothness","Canal de máscara para la suavidad","Maskenkanal für Glätte","滑らかさのためのマスクチャネル","매끄러움 마스크 채널","光滑度遮罩通道",""
"s_start_matcap2ApplyToAlpha","Alpha Options","Opciones alfa","Alpha -Optionen","アルファオプション","알파 적용 옵션","Alpha 选项",""
"_Matcap3ApplyToAlphaEnabled","Intensity To Alpha","Intensidad alfa","Intensität zu Alpha","アルファの強度","알파에 적용 활성화","强度到 Alpha",""
"_Matcap3ApplyToAlphaSourceBlend","Source Blend","Mezcla del origen","Quellmischung","ソースブレンド","소스 블렌드","源混合",""
"_Matcap3ApplyToAlphaBlendType","Blend Type","Tipo de mezcla","Mischtyp","ブレンドタイプ","블렌드 유형","混合类型",""
"_Matcap3ApplyToAlphaBlending","Blending","Mezcla","Mischen","ブレンド","블렌딩","混合","Смешивание"
"s_start_Matcap3TPSMaskGroup","Matcap TPS Mask","Máscara MatCap TPS","MATCAP TPS -Maske","マットキャップ TPSマスク","맷캡 3 TPS 마스크 그룹","Matcap TPS 遮罩",""
"s_start_Matcap2AudioLink","Audio Link ♫","AudioLink ♫","Audio -Link ♫","オーディオリンク♫","맷캡 2 오디오 링크","AudioLink ♫","AudioLink ♫"
"_Matcap2ALEnabled","Enable Audio Link","Activar AudioLink","Aktivieren Sie den Audio -Link","オーディオリンクを有効にします","오디오 링크 활성화","启用 AudioLink","Включить AudioLink"
"_Matcap2ALAlphaAddBand","Alpha Band","Banda alfa","Alpha -Band","アルファバンド","알파 추가 밴드","Alpha 频段",""
"_Matcap2ALAlphaAdd","Alpha Mod","Modificador alfa","Alpha Mod","アルファ mod","알파 추가","Alpha 调节","Альфа-мод"
"_Matcap2ALEmissionAddBand","Emission Band","Banda de emisión","Emissionsband","発光バンド","방출 추가 밴드","自发光频段",""
"_Matcap2ALEmissionAdd","Emission Mod","Modificador de emisión","Emissionsmod","発光量mod","방출 추가","自发光调节",""
"_Matcap2ALIntensityAddBand","Intensity Band","Banda de intensidad","Intensitätsband","強度バンド","강도 추가 밴드","强度频段",""
"_Matcap2ALIntensityAdd","Intensity Mod","Modificador de intensidad","Intensitätsmod","強度mod","강도 추가","强度调节",""
"_Matcap2ALChronoPanType","Chrono Pan Type","Tipo de barrido de cronotensidad","Chrono Pan Typ","クロノパンタイプ","크로노 팬 유형","Chrono 平移类型",""
"_Matcap2ALChronoPanBand","Chrono Pan Band","Banda de barrido de cronotensidad","Chrono Pan Band","クロノパンバンド","크로노 팬 밴드","Chrono 平移频段",""
"_Matcap2ALChronoPanSpeed","Chrono Pan Speed","Velocidad de barrido de cronotensidad","Chrono Pan Speed","クロノパンスピード","크로노 팬 속도","Chrono 平移速度",""
"_Matcap4Pan","Panning","Barrido","Bewegung","パン","맷캡 4 패닝","平移","Прокрутка"
"_Matcap4UVToBlend","UV To Blend","UV para mezclar","UV zu mischen","ブレンドするUV","블렌드할 UV","混合用的 UV",""
"_MatCap4thBlendUV1","UV Blend","Mezcla UV","UV -Mischung","UVブレンド","4번째 UV 블렌드 1","UV 混合",""
"_Matcap4Rotation","Rotation","Rotación","Drehung","回転","회전","旋转","Вращение"
"_Matcap4BaseColorMix","Base Color Mix","Mezcla de color base","Grundfarbenmischung","ベースカラーミックス","베이스 색상 혼합","基础色混合",""
"_Matcap4LightColorMix","Light Color Mix","Mezcla de color claro","Leichte Farbmischung","ライトカラーミックス","라이트 색상 혼합","光照颜色混合",""
"s_start_Matcap3Masking","Masking","Enmascaramiento","Maskierung","マスキング","맷캡 3 마스킹","遮罩","Маскирование"
"_Matcap4CircleMaskEnabled","Circle Mask","Máscara circular","Kreismaske","サークルマスク","원형 마스크 활성화","圆形遮罩",""
"_Matcap4CircleMaskBorder","Radius","Radio","Radius","半径","원형 마스크 경계","半径",""
"_Matcap4CircleMaskBlur","Blur","Desenfoque","Verwischen","ぼやけ","원형 마스크 블러","模糊","Размытие"
"s_start_Matcap3Blending","Blending","Mezcla","Mischen","ブレンド","맷캡 3 블렌딩","混合","Смешивание"
"_Matcap4Screen","Screen","Sobreexposición/Pantalla","Bildschirm","画面","스크린","滤色 (Screen)","Экран"
"s_start_Matcap3Normal","Custom Normal Map","Mapa de normales personalizado","Benutzerdefinierte normale Textur","カスタム通常のマップ","맷캡 3 노멀","自定义法线贴图",""
"s_start_Matcap3HueShift","Hue Shift","Cambio de tono","Farbtonverschiebung","色相シフト","맷캡 3 색조 변경","色相偏移","Сдвиг Тона"
"_Matcap4HueShiftColorSpace","Color Space","Espacio de color","Farbraum","カラースペース","색 공간","颜色模式","Цветовое Пространство"
"_Matcap4HueSelectOrShift","Select or Shift","Seleccionar o cambiar","Wählen oder verschieben","選択またはシフトします","선택 또는 변경","选择或偏移",""
"s_start_Matcap3Smoothness","Blur / Smoothness","Desenfoque / Suavidad","Unglück / Glätte","ぼやけ /滑らかさ","맷캡 3 매끄러움","模糊 / 光滑度","Размытие / Гладкость"
"_Matcap4Smoothness","Smoothness","Suavidad","Glätte","滑らかさ","매끄러움","光滑度","Гладкость"
"_Matcap4MaskSmoothnessApply","Apply Mask for Smoothness","Aplicar una máscara para la suavidad","Maske für Glätte auftragen","滑らかさのためにマスクを適用します","매끄러움 마스크 적용","应用遮罩到光滑度",""
"_Matcap4MaskSmoothnessChannel","Mask Channel for Smoothness","Canal de máscara para la suavidad","Maskenkanal für Glätte","滑らかさのためのマスクチャネル","매끄러움 마스크 채널","光滑度遮罩通道",""
"s_start_matcap3ApplyToAlpha","Alpha Options","Opciones alfa","Alpha -Optionen","アルファオプション","알파 적용 옵션","Alpha 选项",""
"_Matcap4ApplyToAlphaEnabled","Intensity To Alpha","Intensidad alfa","Intensität zu Alpha","アルファの強度","알파에 적용 활성화","强度到 Alpha",""
"_Matcap4ApplyToAlphaSourceBlend","Source Blend","Mezcla del origen","Quellmischung","ソースブレンド","소스 블렌드","源混合",""
"_Matcap4ApplyToAlphaBlendType","Blend Type","Tipo de mezcla","Mischtyp","ブレンドタイプ","블렌드 유형","混合类型",""
"_Matcap4ApplyToAlphaBlending","Blending","Mezcla","Mischen","ブレンド","블렌딩","混合","Смешивание"
"s_start_Matcap4TPSMaskGroup","Matcap TPS Mask","Máscara MatCap TPS","MATCAP TPS -Maske","マットキャップ TPSマスク","맷캡 4 TPS 마스크 그룹","Matcap TPS 遮罩",""
"s_start_Matcap3AudioLink","Audio Link ♫","AudioLink ♫","Audio -Link ♫","オーディオリンク♫","맷캡 3 오디오 링크","AudioLink ♫","AudioLink ♫"
"_Matcap3ALEnabled","Enable Audio Link","Activar AudioLink","Aktivieren Sie den Audio -Link","オーディオリンクを有効にします","오디오 링크 활성화","启用 AudioLink","Включить AudioLink"
"_Matcap3ALAlphaAddBand","Alpha Band","Banda alfa","Alpha -Band","アルファバンド","알파 추가 밴드","Alpha 频段",""
"_Matcap3ALAlphaAdd","Alpha Mod","Modificador alfa","Alpha Mod","アルファ mod","알파 추가","Alpha 调节","Альфа-мод"
"_Matcap3ALEmissionAddBand","Emission Band","Banda de emisión","Emissionsband","発光バンド","방출 추가 밴드","自发光频段",""
"_Matcap3ALEmissionAdd","Emission Mod","Modificador de emisión","Emissionsmod","発光量mod","방출 추가","自发光调节",""
"_Matcap3ALIntensityAddBand","Intensity Band","Banda de intensidad","Intensitätsband","強度バンド","강도 추가 밴드","强度频段",""
"_Matcap3ALIntensityAdd","Intensity Mod","Modificador de intensidad","Intensitätsmod","強度mod","강도 추가","强度调节",""
"_Matcap3ALChronoPanType","Chrono Pan Type","Tipo de barrido de cronotensidad","Chrono Pan Typ","クロノパン・タイプ","크로노 팬 유형","Chrono 平移类型",""
"_Matcap3ALChronoPanBand","Chrono Pan Band","Banda de barrido de cronotensidad","Chrono Pan Band","クロノパン・バンド","크로노 팬 밴드","Chrono 平移频段",""
"_Matcap3ALChronoPanSpeed","Chrono Pan Speed","Velocidad de barrido de cronotensidad","Chrono Pan Speed","クロノパン・スピード","크로노 팬 속도","Chrono 平移速度",""
"_CubemapBlendType","Blending","Tipo de mezcla","Mischen","ブレンド","블렌드 유형","混合","Смешивание"
"_CubeMapBlendAmount","Blend Alpha","Mezclar alfa","Mischen Sie Alpha","アルファをブレンドします","알파 블렌드","混合 Alpha",""
"_CubeMapSmoothness","Smoothness","Suavidad","Glätte","滑らかさ","매끄러움","光滑度","Гладкость"
"s_start_CubeMapMasking","Masking","Enmascaramiento","Maskierung","マスキング","큐브맵 마스킹","遮罩","Маскирование"
"s_start_CubeMapColorAdjust","Color Adjust","Ajuste de color","Farbanpassung","色調整","큐브맵 색상 조정","颜色调整","Коррекция Цвета"
"_CubeMapHueShiftColorSpace","Color Space","Espacio del color","Farbraum","カラースペース","색 공간","颜色模式","Цветовое Пространство"
"_CubeMapHueSelectOrShift","Select or Shift","Seleccionar o cambiar","Wählen oder verschieben","選択またはシフトします","선택 또는 변경","选择或偏移",""
"_CubeMapBrightness","Brightness","Brillo","Helligkeit","輝度","밝기","亮度",""
"_CubeMapContrast","Contrast","Contraste","Kontrast","コントラスト","대비","对比度",""
"_CubeMapSaturation","Saturation","Saturación","Sättigung","飽和","채도","饱和度","Насыщенность"
"_Set_RimLightMaskPan","Panning","Barrido","Bewegung","パン","림 라이트 마스크 패닝","平移","Прокрутка"
"_Set_RimLightMaskUV","UV","UV","UV","UV","UV","UV","UV"
"_Set_RimLightMaskChannel","Channel","Canal","Kanal","チャネル","채널","通道","Канал"
"_RimMaskInvert","Invert Mask","Invertir máscara","Maske invertieren","マスクを反転させます","마스크 반전","反转遮罩",""
"_RimBiasIntensity","Bias Intensity","Intensidad del sesgo","Verzerrungsintensität","バイアス強度","편향 강도","偏移强度",""
"s_start_RimLight0Color","Color & Blending","Color y mezcla","Farbe & Mischen","色とブレンド","림 라이트 0 색상 & 블렌드","颜色 & 混合",""
"_RimPoiBlendMode","Blend Mode","Modo de mezcla","Mischmodus","ブレンドモード","블렌드 모드","混合模式","Режим Смешивания"
"s_start_RimLight0ShapeControls","Shape Controls","Controles de forma","Formsteuerungen","形状コントロール","림 라이트 0 모양 제어","形状控制",""
"s_start_RimLight0LightDirMask","Light Direction Mask","Máscara de dirección de luz","Leichte Richtungsmaske","ライト方向マスク","림 라이트 0 빛 방향 마스크","光照方向遮罩",""
"s_start_RimLightDirectionMask","Light Direction Mask","Máscara de dirección de luz","Leichte Richtungsmaske","ライト方向マスク","림 라이트 방향 마스크","光照方向遮罩",""
"_RimMaskOnlyMask","Mask Only","Solo la máscara","Nur Maske","マスクのみ","마스크만","仅遮罩",""
"s_start_liltoon_rim_lightdir","Light Direction","Dirección de luz","Leichte Richtung","明るい方向","릴툰 림 빛 방향","光照方向",""
"s_start_RimLight0HueShift","Hue Shift","Cambio de tono","Farbtonverschiebung","色相シフト","림 라이트 0 색조 변경","色相偏移","Сдвиг Тона"
"_RimHueShiftColorSpace","Color Space","Espacio de color","Farbraum","カラースペース","색 공간","颜色模式","Цветовое Пространство"
"_RimHueSelectOrShift","Select or Shift","Seleccionar o cambiar","Wählen oder verschieben","選択またはシフトします","선택 또는 변경","选择或偏移",""
"s_start_RimLight0GlobalMasking","Alpha & Global Masking","Alfa y enmascaramiento global","Alpha & Global Maskierung","アルファ＆グローバルマスキング","림 라이트 0 글로벌 마스킹","Alpha & 全局遮罩",""
"_RimApplyAlpha","Apply to Alpha","Aplicar al alfa","Bewerben Sie sich bei Alpha","アルファに適用します","알파 적용","应用到 Alpha",""
"_RimApplyAlphaBlend","Apply to Alpha Blend","Aplicar a  la mezcla alpha","Bewerben Sie sich bei der Alpha -Mischung","アルファブレンドに適用します","알파 블렌드 적용","应用到 Alpha 混合",""
"_Set_Rim2LightMaskPan","Panning","Barrido","Bewegung","パン","림 라이트 2 마스크 패닝","平移","Прокрутка"
"_Set_Rim2LightMaskUV","UV","UV","UV","UV","UV","UV","UV"
"_Set_Rim2LightMaskChannel","Channel","Canal","Kanal","チャネル","채널","通道","Канал"
"_Rim2MaskInvert","Invert Mask","Invertir máscara","Maske invertieren","マスクを反転させます","마스크 반전","反转遮罩",""
"_Rim2BiasIntensity","Bias Intensity","Intensidad del sesgo","Verzerrungsintensität","バイアス強度","편향 강도","偏移强度",""
"s_start_RimLight1Color","Color & Blending","Color y mezcla","Farbe & Mischen","色とブレンド","림 라이트 1 색상 & 블렌드","颜色 & 混合",""
"_RimPoi2BlendMode","Blend Mode","Modo de mezcla","Mischmodus","ブレンドモード","블렌드 모드","混合模式","Режим Смешивания"
"s_start_RimLight1ShapeControls","Shape Controls","Controles de forma","Formsteuerungen","形状コントロール","림 라이트 1 모양 제어","形状控制",""
"s_start_RimLight1LightDirMask","Light Direction Mask","Máscara de dirección de luz","Leichte Richtungsmaske","ライト方向マスク","림 라이트 1 빛 방향 마스크","光照方向遮罩",""
"s_start_RimLight2DirectionMask","Light Direction Mask","Máscara de dirección de luz","Leichte Richtungsmaske","ライト方向マスク","림 라이트 2 빛 방향 마스크","光照方向遮罩",""
"_Rim2MaskOnlyMask","Mask Only","Solo la máscara","Nur Maske","マスクのみ","마스크만","仅遮罩",""
"s_start_liltoon_rim2_lightdir","Light Direction","Dirección de la luz","Leichte Richtung","明るい方向","릴툰 림 2 빛 방향","光照方向",""
"s_start_RimLight1HueShift","Hue Shift","Cambio de tono","Farbtonverschiebung","色相シフト","림 라이트 1 색조 변경","色相偏移","Сдвиг Тона"
"_Rim2HueShiftColorSpace","Color Space","Espacio de color","Farbraum","カラースペース","색 공간","颜色模式","Цветовое Пространство"
"_Rim2HueSelectOrShift","Select or Shift","Seleccionar o cambiar","Wählen oder verschieben","選択またはシフトします","선택 또는 변경","选择或偏移",""
"s_start_RimLight1GlobalMasking","Alpha & Global Masking","Alfa y enmascaramiento global","Alpha & Global Maskierung","アルファ＆グローバルマスキング","림 라이트 1 글로벌 마스킹","Alpha & 全局遮罩",""
"_Rim2ApplyAlpha","Intensity to Alpha","Intensidad alfa","Intensität zu Alpha","アルファの強度","알파 적용","强度到 Alpha",""
"_Rim2ApplyAlphaBlend","Intensity to Alpha Blend","Intensidad de la mezclar alfa","Intensität zur Alpha -Mischung","アルファブレンドの強度","알파 블렌드 적용","强度到 Alpha 混合",""
"s_start_FixedRimShapeControl","Shape Control","Control de forma","Formkontrolle","形状制御","고정 림 모양 제어","形状控制",""
"s_start_FixedRimColor","Color","Color","Farbe","色","고정 림 색상","颜色","Цвет"
"s_start_FixedRimBlending","Blending","Mezcla","Mischen","ブレンド","고정 림 블렌딩","混合","Смешивание"
"_SSSBaseColorMix","Base Color Mix","Mezcla del color base","Grundfarbenmischung","ベースカラーミックス","베이스 색상 혼합","基础色混合",""
"_RefSpecFresnelStrength","Fresnel Strength","Intensidad de Fresnel","Fresnel Stärke","フレネルの強さ","프레넬 강도","菲涅尔强度",""
"_SFExposureOcclusion","Exposure Occlusion","Oclusión de exposición","Expositionsverschluss","曝露閉塞","노출 차폐","曝光遮蔽",""
"s_start_BRDFTPSMaskGroup","TPS","TPS","Tps","TPS","BRDF TPS 마스크 그룹","TPS","TPS"
"s_start_ggxanisotropics","Anisotropics","Anisotrópicos","Anisotropika","異方性","GGX 이방성","各向异性 (Anisotropics)",""
"_GGXAnisotropics","Enable","Activar","Aktivieren","有効にする","GGX 이방성 활성화","启用","Включить"
"_AnisotropyMap","Anisotropy Map","Mapa de anisotropía","Anisotropy -Textur","異方性マップ","이방성 맵","各向异性贴图",""
"_AnisotropyMapPan","Panning","Barrido","Bewegung","パン","패닝","平移","Прокрутка"
"_AnisotropyMapUV","UV","UV","UV","UV","UV","UV","UV"
"_AnisotropyMapChannel","Channel","Canal","Kanal","チャネル","채널","通道","Канал"
"_Anisotropy","Anisotropy","Anisotropía","Anisotropie","異方性","이방성","各向异性",""
"_ReflectionAnisotropicStretch","Reflection Stretch","Estiramiento de reflexión","Reflexionsdehnung","反射ストレッチ","반사 스트레치","反射拉伸",""
"_RoughnessAnisotropy","Roughness Anisotropy","Anisotropía de rugosidad","Rauheit Anisotropie","粗い異方性","거칠기 이방성","粗糙度各向异性",""
"s_start_PBRSecondSpecular","2nd Specular","Segunda especular","2. Spekulare","2番目の鏡面","PBR 두 번째 스펙큘러","第 2 高光",""
"s_start_PBRSplitMaskSample","Split Mask Sampling","Muestreo de máscara dividida","Split -Masken -Probenahme","分割マスクサンプリング","PBR 분할 마스크 샘플링","分割遮罩采样",""
"s_start_brdfadvanced","GSAA & Advanced Controls","Suavizado de bordes geométricos (GSAA) y controles avanzados","GSAA & Advanced Controls","GSAAと高度な設定","BRDF 고급 설정 & GSAA","GSAA & 高级控制",""
"_MochieMetallicGlobalMask","Metallic","Metálico","Metallisch","メタリック","메탈릭 글로벌 마스크","金属度",""
"_MochieMetallicGlobalMaskBlendType","Blending","Tipo de mezcla","Mischen","ブレンド","블렌드 유형","混合","Смешивание"
"_MochieSmoothnessGlobalMask","Smoothness","Suavidad","Glätte","滑らかさ","매끄러움 글로벌 마스크","光滑度","Гладкость"
"_MochieSmoothnessGlobalMaskBlendType","Blending","Tipo de mezcla","Mischen","ブレンド","블렌드 유형","混合","Смешивание"
"_ClearcoatFresnelStrength","Fresnel Strength","Intensidad de Fresnel","Fresnel Stärke","フレネルの強さ","프레넬 강도","菲涅尔强度",""
"_ClearcoatExposureOcclusion","Exposure Occlusion","Oclusión de exposición","Expositionsverschluss","曝露閉塞","노출 차폐","曝光遮蔽",""
"_ClearCoatMapsClearCoatMaskChannel","ClearCoat Mask Channel","Canal de máscara de barniz","Clearcoat -Maskenkanal","クリアコート・マスクチャネル","클리어코트 마스크 채널","玻璃遮罩通道",""
"_ClearCoatMapsRoughnessChannel","Smoothness Channel","Canal de suavidad","Smoothness -Kanal","滑らかさチャネル","거칠기 채널","光滑度通道",""
"_ClearCoatMapsReflectionMaskChannel","Reflection Mask Channel","Canal de máscara reflexiva","Reflexionsmaskenkanal","反射マスクチャネル","반사 마스크 채널","反射遮罩通道",""
"_ClearCoatMapsSpecularMaskChannel","Specular Mask Channel","Canal de máscara especular","Spiegelmaskenkanal","鏡面マスクチャネル","스펙큘러 마스크 채널","高光遮罩通道",""
"s_start_ClearCoatTPSMaskGroup","TPS Mask","Máscara TPS","TPS -Maske","TPSマスク","클리어코트 TPS 마스크 그룹","TPS 遮罩",""
"_ClearCoatGlobalMask","ClearCoat","Barniz","Clearcoat","クリアコート","클리어코트 글로벌 마스크","玻璃",""
"_ClearCoatGlobalMaskBlendType","Blending","Tipo de mezcla","Mischen","ブレンド","블렌드 유형","混合","Смешивание"
"_ClearCoatSmoothnessGlobalMask","Smoothness","Suavidad","Glätte","滑らかさ","매끄러움 글로벌 마스크","光滑度","Гладкость"
"_ClearCoatSmoothnessGlobalMaskBlendType","Blending","Tipo de mezcla","Mischen","ブレンド","블렌드 유형","混合","Смешивание"
"_StylizedReflectionMode","Mode","Modo","Modus","モード","스타일화된 반사 모드","模式","Режим"
"s_start_StylizedReflectionMode0","Unity Chan Specular","Especular al estilo Unity-chan","Einheit Chan Specular","ユニティーちゃん風反射","유니티짱 스타일 스펙큘러","Unity Chan 高光",""
"_StylizedSpecularInvertMask","Invert Mask","Invertir máscara","Maske invertieren","マスクを反転させます","마스크 반전","反转遮罩",""
"_StylizedSpecularNormalStrength","Normal Strength","Intensidad de las normal","Normale Stärke","通常の強度","노멀 강도","法线强度","Сила Нормали"
"s_start_StylizedSpecularLayer0","Layer 1","Capa 1","Schicht 1","レイヤー1","스펙큘러 레이어 0","层 1",""
"s_start_StylizedSpecularLayer1","Layer 2","Capa 2","Schicht 2","レイヤー2","스펙큘러 레이어 1","层 2",""
"s_start_StylizedSpecularAdvanced","Advanced","Avanzado","Fortschrittlich","高度な","스펙큘러 고급 설정","高级",""
"_StylizedSpecularIgnoreNormal","Show on back","Mostrar en la cara trasera","Auf der Rückseite zeigen","後ろに表示します","노멀 무시","在背面显示",""
"_StylizedSpecularIgnoreShadow","Ignore Shadow","Ignorar sombras","Schatten ignorieren","影を無視します","그림자 무시","忽略阴影",""
"s_start_StylizedReflectionMode1","Lil Reflections","Reflexiones similares a LilToon","Kleine Überlegungen","リルリフレクション","릴툰 스타일 반사","lil 风格反射",""
"_UseReflection","sReflection","Reflexión","UseReflection","反射","반사 사용","反射",""
"_SmoothnessTex","Smoothness","Textura de suavidad","Glätte","滑らかさ","매끄러움 텍스처","光滑度","Гладкость"
"_Smoothness","Smoothness","Suavidad","Glätte","滑らかさ","매끄러움","光滑度","Гладкость"
"_GSAAStrength","GSAA","Suavizado de bordes geométricos (GSAA)","GSAA","GSAA","GSAA 강도","GSAA","GSAA"
"_MetallicGlossMap","Metallic","Mapa de brillo metálico","Metallisch","メタリック","메탈릭 글로스 맵","金属度",""
"_Metallic","Metallic","Metálico","Metallisch","メタリック","메탈릭","金属度",""
"_ReflectionCubeColor","Color / Mask","Color/Máscara","Farbe / Maske","色 /マスク","반사 큐브 색상","颜色 / 遮罩",""
"_Reflectance","Reflectance","Reflectancia","Reflexionsvermögen","反射率","반사율","反射率",""
"s_start_StylizedReflectionLilSpecular","Specular","Especular","Spekuliert","鏡面","릴툰 스타일 스펙큘러","高光",""
"_SpecularToon","Specular Mode","Modo especular","Spiegelmodus","鏡面モード","스펙큘러 툰","高光模式",""
"_ApplySpecular","Apply Specular","Aplicar especular","Specular anwenden","鏡面を適用します","스펙큘러 적용","应用高光",""
"_SpecularNormalStrength","Normal Strength","Intensidad de las normales","Normale Stärke","通常の強度","스펙큘러 노멀 강도","法线强度","Сила Нормали"
"_SpecularBorder","Border","Borde","Grenze","国境","경계","边界","Граница"
"_SpecularBlur","Blur","Desenfoque","Verwischen","ぼやけ","블러","模糊","Размытие"
"_ApplySpecularFA","MultiLight Specular","Especular de luces múltiples","Multilight Specular","マルチライト鏡面","다중 조명 스펙큘러 적용","多光源高光",""
"s_start_StylizedReflectionLilEnviroReflections","Environmental Reflections","Reflexiones ambientales","Umweltreflexionen","環境反射","환경 반사","环境反射",""
"_ApplyReflection","Enviro Reflections","Reflexiones ambientales","Enviro -Überlegungen","環境反射","반사 적용","环境反射",""
"_ReflectionNormalStrength","Normal Strength","Intensidad de las normales","Normale Stärke","通常の強度","반사 노멀 강도","法线强度","Сила Нормали"
"_ReflectionColor","Color","Color","Farbe","色","반사 색상","颜色","Цвет"
"_ReflectionColorTex","Color","Color","Farbe","色","반사 색상 텍스처","颜色","Цвет"
"_ReflectionCubeTex","Cubemap Fallback","Cubemap de respaldo","Cubemap Fallback","キューブマップフォールバック","큐브맵 폴백 텍스처","立方体贴图后备",""
"_ReflectionCubeOverride","Override","Anular","Überschreiben","オーバーライド","큐브맵 덮어쓰기","覆盖",""
"_ReflectionCubeEnableLighting","Enable Lighting Fallback","Activar la iluminación alternativa","Aktivieren Sie die Beleuchtung","照明のフォールバックを有効にします","조명 활성화","启用光照",""
"_ReflectionApplyTransparency","Apply Transparency","Aplicar transparencia","Transparenz anwenden","透明性を適用します","투명도 적용","应用透明度",""
"_ReflectionBlendMode","Blend Modes","Modos de mezcla","Mischmodi","ブレンドモード","블렌드 모드","混合模式",""
"m_start_LTCGI","LTCGI","Sistema de iluminación global LTCGI","LTCGI","LTCGI","LTCGI","LTCGI","LTCGI"
"_LTCGIEnabled","LTCGI Enabled","LTCGI activado","LTCGI aktiviert","LTCGIが有効になっています","LTCGI 활성화됨","启用 LTCGI","LTCGI Включен"
"_LTCGI_Attribution","This section uses LTCGI by _pi_. click for 'github.com/pimaker/ltcgi'","En esta sección usaremos el sistema de iluminación global LTCGI desarrollado por _pi_. Para más información haga clic en 'github.com/pimaker/ltcgi'","In diesem Abschnitt wird LTCGI von _pi_ verwendet. Klicken Sie auf 'github.com/pimaker/ltcgi' '","このセクションでは、_PI_でLTCGIを使用して、「github.com/pimaker/ltcgi」をクリックします。","이 섹션에서는 _pi_가 개발한 LTCGI를 사용합니다. 'github.com/pimaker/ltcgi'를 클릭하세요.","此部分使用 _pi_ 的 LTCGI。点击访问 'github.com/pimaker/ltcgi'","Эта секция использует LTCGI от _pi_. Нажмите для перехода на 'github.com/pimaker/ltcgi'"
"_LTCGI_AnimToggle","Anim Toggle","Activar/desactivar animación","Anim -Schalter","アニックトグル","애니메이션 토글","动画切换",""
"_LTCGI_DiffuseColor","Diffuse Tint","Tinte difuso","Diffuse Tönung","拡散色","디퓨즈 색상","漫反射色调",""
"_LTCGI_SpecularColor","Specular Tint","Tinte especular","Specular Tint","鏡面色","스펙큘러 색상","高光色调",""
"_LTCGI_UsePBR","Use Reflection and Specular's Settings","Usar la reflexión y la configuración especular","Verwenden Sie die Einstellungen von Reflexion und Speculars","反射と鏡面の設定を使用します","PBR 사용","使用反射和高光设置",""
"_LTCGI_UseEO","Use Exposure Occlusion","Usar oclusión de exposición","Verwenden Sie die Expositionsverschluss","露出閉塞を使用します","EO 사용","使用曝光遮蔽",""
"_LTCGI_Smoothness","Smoothness","Suavidad","Glätte","滑らかさ","매끄러움","光滑度","Гладкость"
"_LTCGI_Metallic","Metallic","Metálico","Metallisch","メタリック","메탈릭","金属度","Металлик"
"s_start_OutlineColorAdjust","Color Adjust","Ajuste del color","Farbanpassung","色調整","아웃라인 색상 조정","颜色调整","Коррекция Цвета"
"_OutlineHue","Hue","Tono","Farbton","色相","색조","色相","Тон"
"_OutlineSaturation","Saturation","Saturación","Sättigung","飽和","채도","饱和度","Насыщенность"
"_OutlineValue","Value","Valor","Wert","価値","명도","值 (Value)","Значение"
"_OutlineGamma","Gamma","Gamma","Gamma","ガンマ","감마","Gamma","Гамма"
"s_start_OutlineAlphaDistanceFade","Distance Alpha","Distancia alfa","Entfernung Alpha","距離アルファ","아웃라인 알파 거리 페이드","距离 Alpha",""
"s_start_OutlineFixedSize","Fixed Size Over Distance","Tamaño fijo a lo largo de la distancia","Feste Größe über Abstand","距離にわたる固定サイズ","거리별 고정 크기","随距离固定尺寸",""
"_OutlineFixWidth","Fixed Width ","Ancho fijo","Festbreite","固定幅","고정 너비","固定宽度",""
"s_start_OutlineLighting","Lighting","Iluminación","Beleuchtung","点灯","아웃라인 조명","光照","Освещение"
"s_start_OutlineZOffset","Outline Z Offset","Esquema de desplazamiento en profundidad Z","Umriss Z Offset","Zオフセットのアウトライン","아웃라인 Z 오프셋","描边 Z 偏移",""
"_OutlineZOffsetChannel","Outline Mask Channel","Canal de la máscara","Umriss den Maskenkanal","アウトラインマスクチャネル","마스크 채널","描边遮罩通道",""
"_OutlineZOffsetMaskStrength","Mask Strength","Intensidad de la máscara","Maskenstärke","マスク強度","마스크 강도","遮罩强度","Сила Маски"
"_OutlineZOffsetInvertMaskChannel","Invert Mask Channel","Invertir el canal de la máscara","Maskenkanal invertieren","マスクチャネルを反転させます","마스크 채널 반전","反转遮罩通道",""
"_OutlineZOffsetVertexColor","Vertex Color Channel","Canal del color de los vértices","Scheitelpunktkanal","頂点カラーチャネル","버텍스 컬러 채널","顶点通道",""
"_OutlineZOffsetVertexColorStrength","Vertex Color Strength","Intensidad del color de los vértices","Scheitelpunktfarbstärke","頂点の色強度","버텍스 컬러 강도","顶点颜色强度",""
"s_start_VertexColors","Vertex Colors","Colores de los vértices","Scheitelpunktfarben","頂点の色","버텍스 컬러","顶点颜色","Цвета Вершин"
"s_start_OutlineRenderingOptions","Rendering Options","Opciones de renderizado","Rendering -Optionen","レンダリングオプション","아웃라인 렌더링 옵션","渲染选项",""
"_OutlineZWrite","ZWrite","Escritura de profundidad (ZWrite)","ZWRITE","zWrite","Z 쓰기","Z 写入",""
"s_start_outline_al_color","Color","Color","Farbe","色","아웃라인 AL 색상","颜色","Цвет"
"_OutlineALColorEnabled","Enable","Activar","Aktivieren","有効にする","활성화","启用","Включить"
"_AudioLinkOutlineColorBand","Band","Banda","Band","バンド","밴드","频段","Частота"
"_AudioLinkOutlineColorMod","Replace","Reemplazar","Ersetzen","交換する","색상 모드","替换","Замена"
"_AudioLinkOutlineColor","Color","Color","Farbe","色","색상","颜色","Цвет"
"m_start_udimfacediscardOptions","Face Discard","Descartar caras","Gesicht wegwerfen","面の破棄","UDIM 면 버리기 옵션","面替换 (Face Discard)",""
"_EnableUDIMFaceDiscardOptions","Enabled","Activado","Ermöglicht","有効になっています","UDIM 면 버리기 활성화","启用","Включено"
"_UDIMFaceDiscardUV","Face Discard UV","Descartar por UV de cara","Gesicht verwerfen uv","面を破棄するuv","버릴 면 UV","替换面 UV",""
"_UDIMFaceDiscardFace","Face to Discard","Cara a descartar","Gesicht zu verwerfen","面を破棄する","버릴 면","要替换的面",""
"s_start_EdgeMenu","Edge","Borde","Rand","角","가장자리 메뉴","边缘","Край"
"s_start_DissolvedMenu","Dissolved","Disolución","Aufgelöst","溶解した","디졸브 메뉴","溶解",""
"s_start_TransitionMenu","Transition","Transición","Übergang","遷移","전환 메뉴","过渡",""
"s_start_MaskingMenu","Masking","Enmascaramiento","Maskierung","マスキング","마스킹 메뉴","遮罩","Маскирование"
"_DissolveApplyGlobalMaskIndex","Dissolved to Global Mask","Disuelto en la máscara global","Auf globale Maske aufgelöst","グローバルマスクに溶解しました","글로벌 마스크 적용","应用到全局遮罩",""
"_DissolveApplyGlobalMaskBlendType","Blending","Tipo de mezcla","Mischen","ブレンド","블렌드 유형","混合","Смешивание"
"_DissolveInverseApplyGlobalMaskIndex","Undissolved to Global Mask","No disuelto en la máscara global","Auf globale Maske nicht aufpackt","グローバルマスクに溶解していません","반전 글로벌 마스크 적용","不应用到全局遮罩",""
"_DissolveInverseApplyGlobalMaskBlendType","Blending","Tipo de mezcla","Mischen","ブレンド","반전 블렌드 유형","混合","Смешивание"
"s_start_DissolveAudioLink","Audio Link","AudioLink","Audio -Link","オーディオリンク","디졸브 오디오 링크","AudioLink","AudioLink"
"_DissolveHueShiftColorSpace","Color Space","Espacio de color","Farbraum","カラースペース","색 공간","颜色模式","Цветовое Пространство"
"_DissolveHueSelectOrShift","Select or Shift","Seleccionar o cambiar","Wählen oder verschieben","選択またはシフトします","선택 또는 변경","选择或偏移",""
"_DissolveEdgeHueShiftColorSpace","Color Space","Espacio de color","Farbraum","カラースペース","가장자리 색 공간","颜色模式","Цветовое Пространство"
"_DissolveEdgeHueSelectOrShift","Select or Shift","Seleccionar o cambiar","Wählen oder verschieben","選択またはシフトします","가장자리 선택 또는 변경","选择或偏移",""
"s_start_UVTileDissolveRow3","Row 3 Alpha","Alfa de la fila 3","Reihe 3 Alpha","行3アルファ","UV 타일 디졸브 3열","行 3 Alpha","Строка 3 Альфа"
"s_start_UVTileDissolveRow2","Row 2 Alpha","Alfa de la fila 2","Reihe 2 Alpha","行2アルファ","UV 타일 디졸브 2열","行 2 Alpha","Строка 2 Альфа"
"s_start_UVTileDissolveRow1","Row 1 Alpha","Alfa de la fila 1","Reihe 1 Alpha","行1アルファ","UV 타일 디졸브 1열","行 1 Alpha","Строка 1 Альфа"
"s_start_UVTileDissolveRow0","Row 0 Alpha","Alfa de la fila 0","Zeile 0 Alpha","行0アルファ","UV 타일 디졸브 0열","行 0 Alpha","Строка 0 Альфа"
"_FlipbookBlendType","Blending","Tipo de mezcla","Mischen","ブレンド","플립북 블렌드 유형","混合","Смешивание"
"s_start_Positioning","Positioning","Colocación","Positionierung","ポジショニング","위치 설정","定位","Позиционирование"
"_FlipbookPanning","Pan UV","Barrido UV","FlipbookPanning","パンUV","패닝","UV 平移",""
"s_start_FlipbookManualFrameControl","Manual Frame Control","Control manual del cuadro","Handbuchsteuerung","手動フレーム制御","수동 프레임 제어","手动控制",""
"s_start_FlipbookStartAndEnd","Start/End Frame Loop","Bucle de cuadros de inicio/fin","Start/Endrahmenschleife","フレームループを開始/終了します","시작 및 종료 프레임","开始/结束帧循环",""
"s_start_FlipbookCrossfade","Frame Crossfade","Transición entre cuadros","Frame Crossfade","フレームクロスフェード","프레임 크로스페이드","帧交叉淡入淡出",""
"s_start_FlipbookHueShift","Hue Shift","Cambio de tono","Farbtonverschiebung","色相シフト","플립북 색조 변경","色相偏移","Сдвиг Тона"
"_FlipbookHueShiftColorSpace","Color Space","Espacio de color","Farbraum","カラースペース","색 공간","颜色模式","Цветовое Пространство"
"_FlipbookHueSelectOrShift","Select or Shift","Seleccionar o cambiar","Wählen oder verschieben","選択またはシフトします","선택 또는 변경","选择或偏移",""
"_EmissionFluorescence","Fluorescence","Fluorescente","Fluoreszenz","蛍光","형광","荧光",""
"s_start_EmissionHueShift0","Color Adjust","Ajuste de color","Farbanpassung","色調整","이미션 0 색조 변경","颜色调整","Коррекция Цвета"
"_EmissionHueShiftColorSpace","Color Space","Espacio de color","Farbraum","カラースペース","색 공간","颜色模式","Цветовое Пространство"
"_EmissionHueSelectOrShift","Select or Shift","Seleccionar o cambiar","Wählen oder verschieben","選択またはシフトします","선택 또는 변경","选择或偏移",""
"_EmissionSaturation","Saturation","Saturación","Sättigung","飽和","채도","饱和度","Насыщенность"
"s_start_EmissionCenterOut0","Center Out","Centrada","Zentrieren","センターアウト","이미션 0 센터 아웃","中心向外",""
"s_start_EmissionLightBased0","Light Based","Fosforescente","Lichtbasiert","ライトベース","이미션 0 라이트 기반","基于光照",""
"s_start_EmissionBlinking0","Blinking","Parpadeante","Blinzeln","点滅","이미션 0 깜박임","闪烁",""
"s_start_ScrollingEmission0","Scrolling","Deslizante","Scrollen","スクロール","이미션 0 스크롤","滚动",""
"s_start_EmissionAL0Multiply","Strength Multiply","Multiplicador de intensidad","Stärke multiplizieren","強度を乗算","이미션 0 AL 곱하기","乘法强度",""
"s_start_EmissionAL0Add","Strength Add","Aditivo de intensidad","Kraft hinzufügen","強度を追加","이미션 0 AL 더하기","添加强度",""
"s_start_EmissionAL0COut","Center Out","Centrada","Zentrieren","センターアウト","이미션 0 AL 센터 아웃","中心向外",""
"_EmissionFluorescence1","Fluorescence","Fluorescente","Fluoreszenz","蛍光","형광 1","荧光",""
"s_start_EmissionHueShift1","Color Adjust","Ajuste de color","Farbanpassung","色調整","이미션 1 색조 변경","颜色调整","Коррекция Цвета"
"_EmissionHueShiftColorSpace1","Color Space","Espacio de color","Farbraum","カラースペース","색 공간","颜色模式","Цветовое Пространство"
"_EmissionHueSelectOrShift1","Select or Shift","Seleccionar o cambiar","Wählen oder verschieben","選択またはシフト","선택 또는 변경","选择或偏移",""
"_EmissionSaturation1","Saturation","Saturación","Sättigung","飽和","채도","饱和度","Насыщенность"
"s_start_EmissionCenterOut1","Center Out","Centrada","Zentrieren","センターアウト","이미션 1 센터 아웃","中心向外",""
"s_start_EmissionLightBased1","Light Based","Fosforescente","Lichtbasiert","ライトベース","이미션 1 라이트 기반","基于光照",""
"s_start_EmissionBlinking1","Blinking","Parpadeante","Blinzeln","点滅","이미션 1 깜박임","闪烁",""
"s_start_ScrollingEmission1","Scrolling","Deslizante","Scrollen","スクロール","이미션 1 스크롤","滚动",""
"s_start_EmissionAL1Multiply","Strength Multiply","Multiplicador de intensidad","Stärke multiplizieren","強度を乗算","이미션 1 AL 곱하기","乘法强度",""
"s_start_EmissionAL1Add","Strength Add","Aditivo de intensidad","Kraft hinzufügen","強度を追加","이미션 1 AL 더하기","添加强度",""
"s_start_EmissionAL1COut","Center Out","Centrada","Zentrieren","センターアウト","이미션 1 AL 센터 아웃","中心向外",""
"_EmissionFluorescence2","Fluorescence","Fluorescente","Fluoreszenz","蛍光","형광 2","荧光",""
"s_start_EmissionHueShift2","Color Adjust","Ajuste de color","Farbanpassung","色調整","이미션 2 색조 변경","颜色调整","Коррекция Цвета"
"_EmissionHueShiftColorSpace2","Color Space","Espacio de color","Farbraum","カラースペース","색 공간","颜色模式","Цветовое Пространство"
"_EmissionHueSelectOrShift2","Select or Shift","Seleccionar o cambiar","Wählen oder verschieben","選択またはシフト","선택 또는 변경","选择或偏移",""
"_EmissionSaturation2","Saturation","Saturación","Sättigung","飽和","채도","饱和度","Насыщенность"
"s_start_EmissionCenterOut2","Center Out","Centrada","Zentrieren","センターアウト","이미션 2 센터 아웃","中心向外",""
"s_start_EmissionLightBased2","Light Based","Fosforescente","Lichtbasiert","ライトベース","이미션 2 라이트 기반","基于光照",""
"s_start_EmissionBlinking2","Blinking","Parpadeante","Blinzeln","点滅","이미션 2 깜박임","闪烁",""
"s_start_ScrollingEmission2","Scrolling","Deslizante","Scrollen","スクロール","이미션 2 스크롤","滚动",""
"s_start_EmissionAL2Multiply","Strength Multiply","Multiplicador de intensidad","Stärke multiplizieren","強度を乗算","이미션 2 AL 곱하기","乘法强度",""
"s_start_EmissionAL2Add","Strength Add","Aditivo de intensidad","Kraft hinzufügen","強度を追加","이미션 2 AL 더하기","添加强度",""
"s_start_EmissionAL2COut","Center Out","Centrada","Zentrieren","センターアウト","이미션 2 AL 센터 아웃","中心向外",""
"_EmissionFluorescence3","Fluorescence","Fluorescente","Fluoreszenz","蛍光","형광 3","荧光",""
"s_start_EmissionHueShift3","Color Adjust","Ajuste de color","Farbanpassung","色調整","이미션 3 색조 변경","颜色调整","Коррекция Цвета"
"_EmissionHueShiftColorSpace3","Color Space","Espacio de color","Farbraum","カラースペース","색 공간","颜色模式","Цветовое Пространство"
"_EmissionHueSelectOrShift3","Select or Shift","Seleccionar o cambiar","Wählen oder verschieben","選択またはシフト","선택 또는 변경","选择或偏移",""
"_EmissionSaturation3","Saturation","Saturación","Sättigung","飽和","채도","饱和度","Насыщенность"
"s_start_EmissionCenterOut3","Center Out","Centrada","Zentrieren","センターアウト","이미션 3 센터 아웃","中心向外",""
"s_start_EmissionLightBased3","Light Based","Fosforescente","Lichtbasiert","ライトベース","이미션 3 라이트 기반","基于光照",""
"s_start_EmissionBlinking3","Blinking","Parpadeante","Blinzeln","点滅","이미션 3 깜박임","闪烁",""
"s_start_ScrollingEmission3","Scrolling","Deslizante","Scrollen","スクロール","이미션 3 스크롤","滚动",""
"s_start_EmissionAL3Multiply","Strength Multiply","Multiplicador de intensidad","Stärke multiplizieren","強度を乗算","이미션 3 AL 곱하기","乘法强度",""
"s_start_EmissionAL3Add","Strength Add","Aditivo de intensidad","Kraft hinzufügen","強度を追加","이미션 3 AL 더하기","添加强度",""
"s_start_EmissionAL3COut","Center Out","Centrada","Zentrieren","センターアウト","이미션 3 AL 센터 아웃","中心向外",""
"_GlitterLayers","Layers","Capas","Schichten","レイヤー","글리터 레이어","层",""
"s_start_GlitterColorAndShape","Shape & Color","Forma y color","Form & Farbe","形状と色","글리터 색상 & 모양","形状 & 颜色",""
"s_start_GlitterPositionSize","Position & Size","Posición y tamaño","Position & Größe","位置とサイズ","글리터 위치 & 크기","位置 & 尺寸",""
"_GlitterRandomLocation","Random Position","Posición aleatoria","Zufällige Position","ランダムな位置","랜덤 위치","随机位置",""
"s_start_GlitterSparkleControl","Sparkle Control","Control de brillantina","Funkelkontrolle","スパークルコントロール","글리터 반짝임 제어","闪光控制",""
"s_start_GlitterRotationSection","Rotations","Rotaciones","Rotationen","回転","글리터 회전","旋转",""
"_GlitterRandomRotationSpeed","Random Speed Range","Rango de velocidad aleatoria","Zufallsgeschwindigkeitsbereich","ランダム速度範囲","랜덤 회전 속도","随机速度范围",""
"s_start_GlitterMask","Masking & Light Masking","Enmascaramiento y enmascaramiento de la luz","Maskierung und Lichtmaskierung","マスキングとライトマスキング","글리터 마스크","遮罩 & 光照遮罩",""
"_GlitterMaskInvert","Invert","Invertir","Umkehren","反転","마스크 반전","反转","Инвертировать"
"_GlitterScaleWithLighting","Scale With Lighting","Escala según la iluminación","Skalieren mit Beleuchtung","照明付きのスケール","조명에 따른 스케일","随光照缩放",""
"s_start_GlitterHueShiftSection","Hue Shift","Cambio de tono","Farbtonverschiebung","色相シフト","글리터 색조 변경","色相偏移","Сдвиг Тона"
"_GlitterHueShiftColorSpace","Color Space","Espacio de color","Farbraum","カラースペース","색 공간","颜色模式","Цветовое Пространство"
"_GlitterHueSelectOrShift","Select or Shift","Seleccionar o cambiar","Wählen oder verschieben","選択またはシフトします","선택 또는 변경","选择或偏移",""
"s_start_GlitterAudioLink","Audio Link ♫","AudioLink ♫","Audio -Link ♫","オーディオリンク♫","글리터 오디오 링크","AudioLink ♫","AudioLink ♫"
"_GlitterALEnabled","Enable Audio Link","Activar AudioLink","Aktivieren Sie den Audio -Link","オーディオリンクを有効にします","오디오 링크 활성화","启用 AudioLink","Включить AudioLink"
"_GlitterALAlphaAddBand","Alpha Band","Banda alfa","Alpha -Band","アルファバンド","알파 추가 밴드","Alpha 频段",""
"_GlitterALAlphaAdd","Alpha Mod","Modificador alfa","Alpha Mod","アルファ mod","알파 추가","Alpha 调节","Альфа-мод"
"_GlitterALMaxBrightnessBand","Max Brightness Band","Banda de brillo máximo","Max Helligkeitsband","マックスブライトネスバンド","최대 밝기 밴드","最大亮度频段",""
"_GlitterALMaxBrightnessAdd","Max Brightness Mod","Modificador de brillo máximo","Max Helligkeit Mod","最大明度 mod","최대 밝기 추가","最大亮度调节",""
"_GlitterALSizeAddBand","Size Band","Banda del tamaño","Größenband","サイズバンド","크기 밴드","尺寸频段",""
"_GlitterALSizeAdd","Size Mod","Modificador del tamaño","Größenmod","サイズmod","크기 추가","尺寸调节",""
"_GlitterALChronoSparkleSpeedType","Chrono Sparkle Type","Tipo de las chispas de cronotensidad","Chrono Sparkle Type","クロノスパークルタイプ","크로노 반짝임 유형","Chrono 闪光类型",""
"_GlitterALChronoSparkleSpeedBand","Chrono Sparkle Band","Banda de las chispas de cronotensidad","Chrono Sparkle Band","クロノスパークルバンド","크로노 반짝임 밴드","Chrono 闪光频段",""
"_GlitterALChronoSparkleSpeed","Chrono Sparkle Speed","Velocidad de las chispas de cronotensidad","Chrono Sparkle Geschwindigkeit","クロノスパークルスピード","크로노 반짝임 속도","Chrono 闪光速度",""
"_GlitterALChronoRotationSpeedType","Chrono Rotation Type","Tipo de rotación de cronotensidad","Chrono -Rotationstyp","クロノ回転タイプ","크로노 회전 유형","Chrono 旋转类型",""
"_GlitterALChronoRotationSpeedBand","Chrono Rotation Band","Banda de rotación de cronotensidad","Chrono -Rotationsband","クロノ回転バンド","크로노 회전 밴드","Chrono 旋转频段",""
"_GlitterALChronoRotationSpeed","Chrono Rotation Speed","Velocidad de rotación de cronotensidad","Chrono -Rotationsgeschwindigkeit","クロノ回転速度","크로노 회전 속도","Chrono 旋转速度",""
"s_end_GlitterAudioLink","Audio Link","AudioLink","Audio -Link","オーディオリンク","글리터 오디오 링크","AudioLink","AudioLink"
"_PathSource","Path Source","Ruta fuente","Pfadquelle","パスソース","경로 소스","路径源",""
"_PathSurfaceBlendMode","Blend Mode","Modo de mezcla","Mischmodus","ブレンドモード","블렌드 모드","混合模式","Режим Смешивания"
"_PathingUVSelect","UV","UV","PathingUVSelect","UV","UV 선택","UV","UV"
"_PathPointSampling","Point Sampling","Muestreo de puntos","Punktabtastung","ポイントサンプリング","포인트 샘플링","点采样",""
"s_start_PathTypes","Path Types","Tipos de ruta","Pfadtypen","パスタイプ","경로 유형","路径类型",""
"s_start_PathColors","Path Colors","Colores de la ruta","Pfadfarben","パスカラー","경로 색상","路径颜色",""
"s_start_PathSourceDirections","Path Source Directions","Direcciones de la ruta fuente","Pfadquelle Anweisungen","パスソースの方向","경로 소스 방향","路径源方向",""
"_PathSourceDirR","R Direction","Dirección (Canal R)","R Richtung","r方向","R 방향","R 方向",""
"_PathSourceDirG","G Direction","Dirección (Canal G)","G Richtung","G方向","G 방향","G 方向",""
"_PathSourceDirB","B Direction","Dirección (Canal B)","B Richtung","b方向","B 방향","B 方向",""
"_PathSourceDirA","A Direction","Dirección (Canal A)","Eine Richtung","方向","A 방향","A 方向",""
"s_start_PathAppearance","Path Appearance","Apariencia de la ruta","Pfadauftritt","パスの外観","경로 외형","路径外观",""
"_PathGapLengths","Gap Length","Longitud de la separación","Lückenlänge","ギャップ長","간격 길이","间隙长度",""
"s_start_TimingOptions","Timing Options","Opciones temporales","Timing -Optionen","タイミングオプション","타이밍 옵션","时间选项",""
"s_start_PathRemapping","Path Remapping","Reasignación de la ruta","Pfadverformung","パスの再マッピング","경로 리매핑","路径变形",""
"_EnablePathRemapping","Enable","Activar","Aktivieren","有効にする","활성화","启用","Включить"
"_PathRemapR","R Range","Reasignación (Canal R)","R Range","r範囲","R 범위","R 范围",""
"_PathRemapG","G Range","Reasignación (Canal G)","G -Bereich","G範囲","G 범위","G 范围",""
"_PathRemapB","B Range","Reasignación (Canal B)","B Range","B範囲","B 범위","B 范围",""
"_PathRemapA","A Range","Reasignación (Canal A)","Eine Reichweite","範囲","A 범위","A 范围",""
"s_end_PathRemapping","Path Remapping","Reasignación de la ruta","Pfadverformung","パスの再マッピング","경로 리매핑","路径变形",""
"_PathALHistoryMode","History Mode","Modo del historial","Verlaufsmodus","履歴モード","히스토리 모드","历史模式",""
"_PathALHistoryRangeR","R Range","Rango (Canal R)","R Range","r範囲","R 범위","R 范围",""
"_PathALHistoryRangeG","G Range","Rango (Canal G)","G -Bereich","G範囲","G 범위","G 范围",""
"_PathALHistoryRangeB","B Range","Rango (Canal B)","B Range","B範囲","B 범위","B 范围",""
"_PathALHistoryRangeA","A Range","Rango (Canal A)","Eine Reichweite","範囲","A 범위","A 范围",""
"_PathALAutoCorrelatorMode","Autocorrelator Mode","Modo de la autocorrelación","Autokorrelatormodus","自動相関者モード","자동 상관 모드","自动相关器模式",""
"_PathALAutoCorrelatorRangeR","R Range","Rango (Canal R)","R Range","r範囲","R 범위","R 范围",""
"_PathALAutoCorrelatorRangeG","G Range","Rango (Canal G)","G -Bereich","G範囲","G 범위","G 范围",""
"_PathALAutoCorrelatorRangeB","B Range","Rango (Canal B)","B Range","B範囲","B 범위","B 范围",""
"_PathALAutoCorrelatorRangeA","A Range","Rango (Canal A)","Eine Reichweite","範囲","A 범위","A 范围",""
"_PathALColorChord","<size=13><b>  Color Chord</b></size>","<size=13><b>Acorde de color </b></size>","<size=13><b>Farbakkord </b></size>","<サイズ= 13> <b>カラーコード</b></size>","컬러 코드","<size=13><b>颜色编码条</b></size>",""
"s_start_MirrorTexture","Mirror Texture & Color","Textura y color en espejo","Spiegelstruktur & Farbe","ミラーテクスチャと色","거울 텍스처 & 색상","镜像纹理 & 颜色",""
"_MirrorTextureEnabled","Enable","Activar","Aktivieren","有効にする","활성화","启用","Включить"
"_MirrorTextureForceEnabled","Test","Prueba","Prüfen","テスト","강제 활성화 (테스트)","测试",""
"s_start_DepthFXColorEmission","Color & Emission","Color y emisión","Farbe und Emission","色と発光","깊이 FX 색상 & 방출","颜色 & 自发光",""
"s_start_DepthAlpha","Alpha","Alfa","Alpha","アルファ","깊이 알파","Alpha","Альфа"
"_TextFPSOutlineColor","Outline Color","Color del contorno","Umrunden Farbe","アウトライン色","FPS 텍스트 아웃라인 색상","描边颜色",""
"s_start_ParallaxInternalLayerControls","Layer Controls","Controles de capas","Schichtsteuerung","レイヤーコントロール","내부 시차 레이어 제어","图层控制",""
"s_start_ParallaxInternalLayerColoring","Layer Colors","Colores de capas","Schichtfarben","色の層","내부 시차 레이어 색상","图层颜色",""
"_ParallaxInternalBlendMode","Internal Blend Mode","Modo de mezcla interna","Interner Mischmodus","内部ブレンドモード","내부 블렌드 모드","内部混合模式",""
"_ParallaxInternalSurfaceBlendMode","Surface Blend Mode","Modo de mezcla superficial","Oberflächenmischmodus","表面ブレンドモード","표면 블렌드 모드","表面混合模式",""
"s_start_ParallaxInternalHueShift","Hue Shift","Cambio de tono","Farbtonverschiebung","色相シフト","내부 시차 색조 변경","色相偏移","Сдвиг Тона"
"_ParallaxInternalHueShiftColorSpace","Color Space","Espacio de color","Farbraum","カラースペース","색 공간","颜色模式","Цветовое Пространство"
"_ParallaxInternalHueSelectOrShift","Select or Shift","Seleccionar o cambiar","Wählen oder verschieben","選択またはシフトします","선택 또는 변경","选择或偏移",""
"m_start_voronoi","Voronoi","Voronoi","Voronoi","ボロノイ","보로노이","Voronoi","Вороной"
"_VoronoiEnabled","Voronoi Enabled","Voronoi activado","Voronoi aktiviert","ボロノイが有効になっています","보로노이 활성화","启用 Voronoi",""
"_VoronoiType","Type","Tipo","Typ","タイプ","유형","类型","Тип"
"_VoronoiSpace","Space","Espacio","Raum","空間","공간","空间",""
"_VoronoiBlend","Blend","Mezcla","Mischung","ブレンド","블렌드","混合",""
"_VoronoiAffectsMaterialAlpha","Affects Material Alpha","Afecta al alfa del material","Betrifft das Material alpha","材料アルファに影響します","재질 알파에 영향","影响材质 Alpha",""
"_VoronoiMask","Mask","Máscara","Maske","マスク","마스크","遮罩","Маска"
"_VoronoiMaskPan","Panning","Barrido","Bewegung","パン","패닝","平移","Прокрутка"
"_VoronoiMaskUV","UV","UV","UV","UV","UV","UV","UV"
"_VoronoiMaskChannel","Channel","Canal","Kanal","チャネル","채널","通道","Канал"
"_VoronoiGlobalMask","Global Mask","Máscara global","Globale Maske","グローバルマスク","글로벌 마스크","全局遮罩","Глобальная Маска"
"_VoronoiGlobalMaskBlendType","Blending","Tipo de mezcla","Mischen","ブレンド","글로벌 마스크 블렌드 유형","混合","Смешивание"
"_VoronoiNoise","Noise","Ruido","Lärm","ノイズ","노이즈","噪声",""
"_VoronoiNoisePan","Panning","Barrido","Bewegung","パン","패닝","平移","Прокрутка"
"_VoronoiNoiseUV","UV","UV","UV","UV","UV","UV","UV"
"_VoronoiNoiseChannel","Channel","Canal","Kanal","チャネル","채널","通道","Канал"
"_VoronoiNoiseIntensity","Noise Intensity","Intensidad del ruido","Rauschintensität","ノイズ強度","노이즈 강도","噪声强度",""
"_VoronoiOuterColor","Outer Color","Color externo","Äußere Farbe","外の色","외부 색상","外部颜色",""
"_VoronoiOuterEmissionStrength","Outer Emission","Emisión externa","Äußere Emission","外側放射","외부 방출","外部自发光",""
"_VoronoiInnerColor","Inner Color","Color interno","Innere Farbe","内側の色","내부 색상","内部颜色",""
"_VoronoiInnerEmissionStrength","Inner Emission","Emisión interna","Innere Emission","内部放出","내부 방출","内部自发光",""
"_VoronoiGradient","Gradient","Gradiente","Gradient","勾配","그라데이션","渐变","Градиент"
"_VoronoiPower","Power","Potencia","Leistung","力","파워","力度","Мощность"
"_VoronoiScale","Scale","Escala","Skala","規模","스케일","缩放","Масштаб"
"_VoronoiSpeed","Speed","Velocidad","Geschwindigkeit","スピード","속도","速度","Скорость"
"m_start_voronoiRandom","Voronoi Random Cell Color","Color de celdas aleatorio de Voronoi","Voronoi zufällige Zellfarbe","ボロノイランダムセルの色","보로노이 랜덤 셀 색상","Voronoi 随机单元颜色",""
"_VoronoiEnableRandomCellColor","Rando Cell Col","Color de celdas aleatorio","VoronoiEnableRandomCellColor","ボロノイランダムセルの色","랜덤 셀 색상 활성화","随机单元颜色",""
"_VoronoiRandomMinMaxSaturation","Saturation Range","Rango de saturación","Sättigungsbereich","飽和範囲","채도 범위","饱和度范围",""
"_VoronoiRandomMinMaxBrightness","Brightness Range","Rango de brillo","Helligkeitsbereich","輝度範囲","밝기 범위","亮度范围",""
"m_start_VoronoiAudioLink","Audio Link ♫","AudioLink ♫","Audio -Link ♫","オーディオリンク♫","보로노이 오디오 링크","AudioLink ♫","AudioLink ♫"
"_AudioLinkVoronoiInnerEmissionBand","Inner Emission Band","Banda de emisión interna","Innenemissionsband","内側の発光バンド","내부 방출 밴드","内部自发光频段",""
"_AudioLinkVoronoiInnerEmission","Inner Emission Mod","Modificador de emisión interna","Innere Emissionsmod","内部発光mod","내부 방출 모드","内部自发光调节",""
"_AudioLinkVoronoiOuterEmissionBand","Outer Emission Band","Banda de emisión externa","Außenemissionsband","外側の発光バンド","외부 방출 밴드","外部自发光频段",""
"_AudioLinkVoronoiOuterEmission","Outer Emission Mod","Modificador de emisión externa","Äußere Emissionsmod","外側発光mod","외부 방출 모드","外部自发光调节",""
"_AudioLinkVoronoiGradientMinAddBand","Gradient Min Band","Banda de gradiente mínimo","Gradient Min Band","グラデーションミンバンド","최소 그라데이션 밴드","渐变最小频段",""
"_AudioLinkVoronoiGradientMinAdd","Gradient Min Add","Modificador de gradiente mínimo","Gradient min add","グラデーションミン追加","최소 그라데이션 추가","渐变最小添加",""
"_AudioLinkVoronoiGradientMaxAddBand","Gradient Max Band","Banda de gradiente máximo","Gradient Max Band","グラデーションマックスバンド","최대 그라데이션 밴드","渐变最大频段",""
"_AudioLinkVoronoiGradientMaxAdd","Gradient Max Add","Modificador de gradiente máximo","Gradient Max Add","グラデーションマックス追加","최대 그라데이션 추가","渐变最大添加",""
"_AudioLinkVoronoiChronoSpeedXType","Speed X Motion Type","Tipo de movimiento de velocidad en X","Geschwindigkeits -X -Bewegungstyp","速度xモーションタイプ","X 속도 모션 유형","速度 X 运动类型",""
"_AudioLinkVoronoiChronoSpeedXBand","Speed X Band","Banda de velocidad en X","Geschwindigkeit x Band","スピードXバンド","X 속도 밴드","速度 X 频段",""
"_AudioLinkVoronoiChronoSpeedXSpeed","Speed X","Velocidad en X","Geschwindigkeit x","速度x","X 속도","速度 X",""
"_AudioLinkVoronoiChronoSpeedYType","Speed Y Motion Type","Tipo de movimiento de velocidad en Y","Geschwindigkeit Y -Bewegungstyp","速度yモーションタイプ","Y 속도 모션 유형","速度 Y 运动类型",""
"_AudioLinkVoronoiChronoSpeedYBand","Speed Y Band","Banda de velocidad en Y","Geschwindigkeit y Band","スピードYバンド","Y 속도 밴드","速度 Y 频段",""
"_AudioLinkVoronoiChronoSpeedYSpeed","Speed Y","Velocidad en Y","Geschwindigkeit y","速度y","Y 속도","速度 Y",""
"_AudioLinkVoronoiChronoSpeedZType","Speed Z Motion Type","Tipo de movimiento de velocidad en Z","Geschwindigkeit Z Bewegungstyp","速度Zモーションタイプ","Z 속도 모션 유형","速度 Z 运动类型",""
"_AudioLinkVoronoiChronoSpeedZBand","Speed Z Band","Banda de velocidad en Z","Speed ​​Z -Band","スピードZバンド","Z 속도 밴드","速度 Z 频段",""
"_AudioLinkVoronoiChronoSpeedZSpeed","Speed Z","Velocidad en Z","Geschwindigkeit z","速度z","Z 속도","速度 Z",""
"_TruchetBlendType","Blending","Tipo de mezcla","Mischen","ブレンド","트루셰 블렌드 유형","混合","Смешивание"
"_TruchetPanOffset","Pan & Offset","Barrido y desplazamiento","Pan & Offset","パン＆オフセット","패닝 & 오프셋","平移 & 偏移",""
"_TruchetMask","Truchet Mask","Máscara de Truchet","TRURKET -MASK","トルシェット・マスク","트루셰 마스크","Truchet 遮罩",""
"_TruchetMaskPan","Panning","Barrido","Bewegung","パン","패닝","平移","Прокрутка"
"_TruchetMaskUV","UV","UV","UV","UV","UV","UV","UV"
"_TruchetMaskChannel","Channel","Canal","Kanal","チャネル","채널","通道","Канал"
"_TruchetMaskInvert","Invert","Invertir","Umkehren","反転","반전","反转","Инвертировать"
"_TruchetMaskGlobalMask","Global Mask","Máscara global","Globale Maske","グローバルマスク","글로벌 마스크","全局遮罩","Глобальная Маска"
"_TruchetMaskGlobalMaskBlendType","Blending","Tipo de mezcla","Mischen","ブレンド","글로벌 마스크 블렌드 유형","混合","Смешивание"
"_TruchetMaskIntensity","Intensity","Intensidad","Intensität","強度","강도","强度","Интенсивность"
"_TruchetEdgeSharpness","Edge Sharpness","Nitidez del borde","Randschärfe","エッジシャープネス","가장자리 선명도","边缘锐度",""
"_TruchetOverrideAlpha","Override Alpha","Anular alfa","Überschreiben Alpha","アルファをオーバーライドします","알파 덮어쓰기","覆盖 Alpha",""
"m_start_TruchetAudioLink","Audio Link ♫","AudioLink ♫","Audio -Link ♫","オーディオリンク♫","트루셰 오디오 링크","AudioLink ♫","AudioLink ♫"
"_TruchetHideWhenNoAL","Hide When No AL","Ocultar cuando no haya AL","Sich verstecken"," wenn kein Al","Alがないときに隠す","无 AL 时隐藏",""
"_TruchetALEmissionToggle","AL Emission","Emisión del AL","Al -Emission","AL発光","AL 방출 토글","AL 自发光",""
"_TruchetALEmissionBand","Emission Band","Banda de emisión","Emissionsband","発光バンド","방출 밴드","自发光频段",""
"_TruchetALEmission","Emission Add","Valor a añadir a la emisión","Emission hinzufügen","発光量追加","방출 추가","添加自发光",""
"_TruchetALAlphaToggle","AL Alpha","Alfa del AL","Al Alpha","アルファルファ","AL 알파 토글","AL Alpha",""
"_TruchetALAlphaBand","Alpha Band","Banda alfa","Alpha -Band","アルファバンド","알파 밴드","Alpha 频段",""
"_TruchetALAlpha","Alpha Multiply","Multiplicador alfa","Alpha multiplizieren","アルファ増加","알파 곱하기","Alpha 乘法",""
"_TruchetChronoPanToggle","Chrono Pan","Barrido","Chrono Pan","クロノパン","크로노 팬 토글","Chrono 平移",""
"_TruchetChronoPanBand","Band","Banda","Band","バンド","크로노 팬 밴드","频段","Частота"
"_TruchetChronoPanType","Chrono Motion Type","Tipo de movimiento de cronotensidad","Chrono -Bewegungstyp","クロノモーションタイプ","크로노 팬 유형","Chrono 运动类型",""
"_TruchetChronoPanSpeed","Pan Speed","Velocidad","Pan -Geschwindigkeit","パンスピード","크로노 팬 속도","平移速度","Скорость Прокрутки"
"_AudioLinkSmoothingBass","Bass","Graves","Bass","ベース","베이스","低音",""
"_AudioLinkSmoothingLowMid","Low Mid","Medios bajos","Niedrige Mitte","低いミッド","로우 미드","中低音",""
"_AudioLinkSmoothingHighMid","High Mid","Medios altos","Hohe Mitte","ハイミッド","하이 미드","中高音",""
"_AudioLinkSmoothingTreble","Treble","Agudos","Verdreifachen","トレブル","트레블","高音",""
"m_start_audioLinkOverrides","Overrides","Anulación","Überschreiben","オーバーライド","오디오 링크 오버라이드","覆盖",""
"s_start_AudioLinkBandOverrides","Band Overrides","Anulación de la banda","Band überschreibt","バンドオーバーライド","밴드 오버라이드","频段覆盖",""
"_AudioLinkBandOverridesEnabled","Band Overrides","Anulación de la banda","Band überschreibt","バンドオーバーライド","밴드 오버라이드 활성화","频段覆盖",""
"_AudioLinkBandOverrideSliders","Band Override Sliders","Deslizadores de anulación de la banda","Band überschreibt die Schieberegler","バンドオーバーライドスライダー","밴드 오버라이드 슬라이더","频段覆盖滑块",""
"s_start_ALDecalVolumeOptions","Volume","Volumen","Volumen","音量","AL 데칼 볼륨 옵션","音量",""
"s_start_ALDecalBandOptions","Band","Banda","Band","バンド","AL 데칼 밴드 옵션","频段","Частота"
"s_start_ALDecalShapeClipOptions","Shape Clip","Recorte de forma","Formclip","形状クリップ","AL 데칼 모양 클립 옵션","形状剪切",""
"s_start_ALDecalAudioModsOptions","Audio Mods","Modos de audio","Audio -Mods","オーディオMOD","AL 데칼 오디오 모드 옵션","音频调节",""
"s_start_ALDecalColorsBlendingOptions","Colors and Blending","Colores y mezcla","Farben und Mischen","色とブレンド","AL 데칼 색상 & 블렌딩 옵션","颜色 & 混合",""
"_ALDecalGlobalMask","Global Mask","Máscara global","Globale Maske","グローバルマスク","글로벌 마스크","全局遮罩","Глобальная Маска"
"_ALDecalGlobalMaskBlendType","Blending","Tipo de mezcla","Mischen","ブレンド","글로벌 마스크 블렌드 유형","混合","Смешивание"
"m_start_ALVolumeColor","AL ♫ Volume Color","Color del volumen (AL ♫)","Al ♫ Volumenfarbe","al♫ボリュームカラー","AL 볼륨 색상","AL ♫ 音量颜色",""
"_EnableVolumeColor","Enable AL Volume Color","Activar el color del volumen","Aktivieren Sie Al Volumenfarbe","ALボリュームの色を有効にします","볼륨 색상 활성화","启用 AL 音量颜色",""
"_ALVolumeColorUV","UV","UV","UV","UV","UV","UV","UV"
"_ALVolumeColorDirection","UV Direction","Dirección UV","UV -Richtung","UV方向","UV 방향","UV 方向",""
"_ALVolumeColorBlendType","Blend Type","Tipo de mezcla","Mischtyp","ブレンドタイプ","블렌드 유형","混合类型",""
"_ALVolumeColorBlendAlpha","Alpha","Alfa","Alpha","アルファ","알파","Alpha","Альфа"
"_ALVolumeColorLow","Volume Color Low","Color del volumen bajo","Volumenfarbe niedrig","ボリュームカラーロー","낮은 볼륨 색상","低音量颜色",""
"_ALLowEmission","Low Emission","Emisión del volumen bajo","Niedrige Emission","発光・低","낮은 방출","低自发光",""
"_ALVolumeColorMid","Volume Color Mid","Color del volumen medio","Lautstärkefarbe Mitte","ボリュームカラーミッド","중간 볼륨 색상","中音量颜色",""
"_ALMidEmission","Mid Emission","Emisión del volumen medio","Mittlere Emission","発光・中","중간 방출","中自发光",""
"_ALVolumeColorHigh","Volume Color High","Color del volumen alto","Volumenfarbe hoch","ボリュームカラーハイ","높은 볼륨 색상","高音量颜色",""
"_ALHighEmission","High Emission","Emisión del volumen alto","Hohe Emission","高い発光・高","높은 방출","高自发光",""
"m_vertexCategory","Vertex Options","Opciones de los vértices","Scheitelpunktoptionen","頂点オプション","버텍스 옵션","顶点选项",""
"_VertexBasicsMask","RGBA Effects Mask [Click to Expand]","Máscara de efectos RGBA [Click para expandir]","RGBA -Effektmaske ]","RGBAエフェクトマスク]","기본 마스크","基础遮罩 (RGBA 效果)",""
"_VertexBasicsMaskUVPan","Panning","Barrido","Bewegung","パン","패닝","平移","Прокрутка"
"VertexBasicsMaskUV","UV","UV","UV","UV","UV","UV","UV"
"_VertexBasicsMaskChannel","Basics Mask Channel","Canal de la máscara básica","Basics Mask -Kanal","基本マスクチャネル","기본 마스크 채널","基础遮罩通道",""
"s_start_VertexManipulationHeight","Height Map","Mapa de altura","HöhenTextur","高さマップ","버텍스 조작 높이","高度图",""
"_VertexManipulationHeightMapChannel","Map Channel","Canal del mapa","Texturenkanal","マップチャネル","높이 맵 채널","贴图通道",""
"s_start_vertexRounding","Vertex Rounding (Blocky/PS1)","Redondeo de vértices (Baja resolución poligonal/PS1)","Scheitelpunktrundung (Blocky/PS1)","頂点の丸め（blocky/ps1）","버텍스 라운딩 (PS1 스타일)","顶点圆角 (Blocky/PS1)",""
"_VertexRoundingMaskChannel","Mask Channel","Canal de la máscara","Maskenkanal","マスクチャネル","마스크 채널","遮罩通道","Канал Маски"
"s_start_VertexBarrelMode","Barrel Distortion","Distorsión de barril","Fassverzerrung","バレルの歪み","버텍스 배럴 모드","桶形失真",""
"_VertexBarrelMaskChannel","Mask Channel","Canal de la máscara","Maskenkanal","マスクチャネル","마스크 채널","遮罩通道","Канал Маски"
"s_start_VertexSphereMode","Sphere Distortion","Distorsión esférica","Kugelverzerrung","球体の歪み","버텍스 구체 모드","球形失真",""
"_VertexSphereMode","<size=13><b>  Sphere Mode</b></size>","<size=13><b>Modo esférico </b></size>","<size=13><b>Sphere -Modus </b></size>","<サイズ= 13> <b>球体モード</b></size>","구체 모드","<size=13><b>球形模式</b></size>",""
"_VertexSphereMaskChannel","Mask Channel","Canal de la máscara","Maskenkanal","マスクチャネル","마스크 채널","遮罩通道","Канал Маски"
"_VertexSphereRadius","Sphere Radius","Radio esférico","Kugelradius","球体半径","반경","球体半径",""
"_VertexSphereHeight","Sphere Height","Altura esférica","Kugelhöhe","球の高さ","높이","球体高度",""
"_VertexSphereAlpha","Sphere Alpha","Alfa esférico","Kugel Alpha","球体アルファ","알파","球体 Alpha",""
"_VertexSphereCenter","Sphere Center","Centro esférico","Sphere Center","球体センター","중심","球体中心",""
"s_start_VertexTornadoMode","Tornado","Tornado","Tornado","竜巻","버텍스 토네이도 모드","旋转",""
"_VertexTornadoMode","<size=13><b>  Tornado</b></size>","<size=13><b>Tornado </b></size>","<size=13><b>Tornado </b></size>","<サイズ= 13> <b>竜巻</b></size>","토네이도 모드","<size=13><b>旋转</b></size>",""
"_VertexTornadoMaskChannel","Mask Channel","Canal de la máscara","Maskenkanal","マスクチャネル","마스크 채널","遮罩通道","Канал Маски"
"_VertexTornadoRadius","Radius","Radio","Radius","半径","반경","半径",""
"_VertexTornadoVerticalPull","Vertical Pull","Tirón vertical","Vertikaler Zug","垂直プル","수직 당김","垂直拉力",""
"_VertexTornadoFunnelShape","Funnel Shape","Forma del embudo","Trichterform","漏斗の形","깔때기 모양","漏斗形状",""
"_VertexTornadoIntensity","Spiral Intensity","Intensidad espiral","Spiralintensität","らせん強度","나선 강도","螺旋强度",""
"_VertexTornadoSpeed","Rotation Speed","Velocidad de rotación","Rotationsgeschwindigkeit","回転速度","회전 속도","旋转速度","Скорость Ротации"
"_VertexTornadoTopHeight","Top Height","Altura superior","Obere Höhe","上部の高さ","상단 높이","顶部高度",""
"_VertexTornadoBaseHeight","Bottom Height","Altura inferior","Bodenhöhe","底の高さ","하단 높이","底部高度",""
"s_start_VertexWind","Wind / Flag","Viento (Tipo bandera)","Wind / Flagge","風 /旗","버텍스 바람 (깃발)","风 / 旗帜",""
"_VertexWindEnabled","Enabled","Activado","Ermöglicht","有効になっています","바람 활성화","启用","Включено"
"_VertexWindMaskChannel","Mask Channel","Canal de la máscara","Maskenkanal","マスクチャネル","마스크 채널","遮罩通道","Канал Маски"
"_VertexWindPrimaryDirection","Direction","Dirección","Richtung","方向","주 방향","方向","Направление"
"_VertexWindPrimaryAmplitude","Amplitude","Amplitud","Amplitude","振幅","주 진폭","振幅",""
"_VertexWindPrimarySpeed","Speed","Velocidad","Geschwindigkeit","スピード","주 속도","速度","Скорость"
"_VertexWindPrimaryFrequency","Frequency","Frecuencia","Frequenz","頻度","주 빈도","频率",""
"_VertexWindDetailDirection","Direction","Dirección","Richtung","方向","디테일 방향","方向","Направление"
"_VertexWindDetailAmplitude","Amplitude","Amplitud","Amplitude","振幅","디테일 진폭","振幅","Амплитуда"
"_VertexWindDetailSpeed","Speed","Velocidad","Geschwindigkeit","スピード","디테일 속도","速度","Скорость"
"_VertexWindDetailFrequency","Frequency","Frecuencia","Frequenz","頻度","디테일 빈도","频率",""
"_VertexWindNoiseChannel","Noise Channel (from Basics Mask)","Canal del ruido (de la máscara básica)","Rauschkanal (von Grundlagenmaske)","ノイズチャネル（基本マスクから）","노이즈 채널","噪声通道 (来自基础遮罩)",""
"_VertexWindNoiseStrength","Noise Strength","Resistencia al ruido","Geräuschstärke","ノイズ強度","노이즈 강도","噪声强度",""
"_VertexWindNoiseScale","Noise Scale","Escala del ruido","Geräuschskala","ノイズスケール","노이즈 스케일","噪声缩放",""
"_VertexWindNoiseSpeed","Noise Speed","Velocidad del ruido","Geräuschgeschwindigkeit","ノイズ速度","노이즈 속도","噪声速度",""
"s_start_VertAL","Audio Link","AudioLink","Audio -Link","オーディオリンク","버텍스 오디오 링크","AudioLink","AudioLink"
"s_start_LocalTranslation","Local Translation","Traslación local","Lokale Übersetzung","ローカル翻訳","로컬 이동","本地位移",""
"s_start_LocalRotation","Local Rotation","Rotación local","Lokale Rotation","ローカル回転","로컬 회전","本地旋转",""
"s_start_ContinuousRotation","Continuous Rotation","Rotación continua","Kontinuierliche Rotation","連続回転","연속 회전","连续旋转",""
"s_start_VertexScale","Vertex Scale","Escala de los vértices","Scheitelpunktskala","頂点スケール","버텍스 스케일","顶点缩放",""
"s_start_WorldTranslation","World Translation","Traslación global","Weltübersetzung","ワールド変位","월드 이동","世界位移",""
"s_start_ALVertexHeight","Vertex Height","Altura de los vértices","Scheitelpunkthöhe","頂点の高さ","버텍스 높이","顶点高度",""
"s_start_vertexRoundingAL","Vertex Rounding","Redondeo de vértices","Scheitelpunktrundung","頂点の丸め","버텍스 라운딩","顶点圆角",""
"s_start_ALSpectrumMotion","Spectrum Motion","Movimiento del espectro","Spektrumbewegung","スペクトルモーション","스펙트럼 모션","频谱运动",""
"_VertexSpectrumMotion","Spectrum Motion","Movimiento del espectro","Spektrumbewegung","スペクトルモーション","스펙트럼 모션","频谱运动",""
"_VertexSpectrumUV","UV","UV","UV","UV","UV","UV","UV"
"_VertexSpectrumUVDirection","UV Direction","Dirección UV","UV -Richtung","UV方向","UV 방향","UV 方向",""
"_VertexSpectrumOffsetMin","Offset Min","Desplazamiento mínimo","Offset min","オフセット分","최소 오프셋","最小偏移",""
"_VertexSpectrumOffsetMax","Offset Max","Desplazamiento máximo","Offset max","最大オフセット","최대 오프셋","最大偏移",""
"m_start_vertexLookAt","LookAt","Orientación","LookAt","LookAt","버텍스 쳐다보기 (LookAt)","顶点注视 (LookAt)",""
"_VertexLookAtEnabled","Enabled","Activado","Ermöglicht","有効になっています","LookAt 활성화","启用","Включено"
"_LookAtMask","Look-At Mask","Máscara de orientación","Look-AT-Maske","見た目のマスク","마스크","注视遮罩",""
"_LookAtMaskPan","Outline Texture Pan","Barrido de la textura","Umrissen der Texturpfanne","テクスチャパンの輪郭","패닝","纹理平移",""
"_LookAtMaskUV","UV","UV","UV","UV","UV","UV","UV"
"s_start_LookAtRedMask","Controls (Red Mask)","Controles (máscara roja/R)","Steuerelemente (rote Maske)","コントロール（赤いマスク）","LookAt 빨강 마스크 설정","控制 (红遮罩)",""
"_LookAtRedMaskEnabled","Red Mask Enabled","Máscara roja activada","Rotmaske aktiviert","赤いマスクが有効になっています","빨강 마스크 활성화","启用红遮罩",""
"_LookAtRedAlpha","Alpha","Alfa","Alpha","アルファ","알파","Alpha","Альфа"
"_LookAtRedTargetUp","Target Up Direction","Dirección superior del objetivo","Zielen Sie die Richtung","ターゲットアップ方向","타겟 위쪽 방향","目标向上方向",""
"_LookAtRedForwardDirection","Forward Direction","Dirección frontal","Vorwärtsrichtung","前方向","전방 방향","前向方向",""
"_LookAtRedUpDirection","Up Direction","Dirección superior","Aufwärtsrichtung","上の方向","위쪽 방향","向上方向",""
"_LookAtRedPivotOffset","Pivot Position","Posición del pivote","Pivot -Position","ピボット位置","피벗 오프셋","枢轴位置",""
"_LookAtRedOriginOffset","View From Position","Posición de la vista","Ansicht von Position","位置からの表示","원점 오프셋","原点位置",""
"_LookAtRedDistanceFalloff","Distance Falloff","Atenuación por distancia","Distanzfunktion","距離フォールオフ","거리 감쇠","距离衰减",""
"_LookAtRedFoV","FoV Falloff","Atenuación por ángulo de visión","FOV FALLOFF","FOVフォールオフ","FOV 감쇠","FOV 衰减",""
"_LookAtRedMaxPitchAngle","Max Pitch (X)","Cabeceo máximo (Pitch en x)","Max Pitch (x)","マックスピッチ（x）","최대 피치 각도","最大俯仰 (X)",""
"_LookAtRedMaxYawAngle","Max Yaw (Y)","Guiñada máxima (Yaw en y)","Max Gier (y)","マックスヨー（Y）","최대 요 각도","最大偏航 (Y)",""
"_LookAtRedMaxRollAngle","Max Roll (Z)","Balanceo máximo (Roll en z)","Max Roll (Z)","マックスロール（Z）","최대 롤 각도","最大翻滚 (Z)",""
"s_start_LookAtVisibility","Visibility","Visibilidad","Sichtweite","可視性","LookAt 가시성","可见性","Видимость"
"_LookAtVisibilityEnabled","LookAt Visibility Enabled","Visibilidad activada","Die Sichtbarkeit von Lookat aktiviert","視認性を有効にします","가시성 활성화","启用可见性",""
"_LookAtVisibilityMode","Mode","Modo","Modus","モード","모드","模式","Режим"
"_LookAtVisibilityMirror","Mirror Visibility","Visibilidad en espejo","Spiegelssicht","ミラーの可視性","거울","镜像可见性",""
"_LookAtVisibilityVRCRegular","Normal (Outside Mirror/Camera)","Normal (Espejo exterior/Cámara)","Normal (Außenspiegel/Kamera)","通常（ミラー/カメラの外）","일반 (외부 거울/카메라)","正常 (外部镜像/摄像机)",""
"_LookAtVisibilityVRCMirrorVR","Mirror (VR)","Espejo (Modo VR)","Spiegel (VR)","ミラー（VR）","거울 (VR)","镜像 (VR)",""
"_LookAtVisibilityVRCMirrorDesktop","Mirror (Desktop)","Espejo (Modo escritorio)","Spiegel (Desktop)","ミラー（デスクトップ）","거울 (데스크톱)","镜像 (桌面)",""
"_LookAtVisibilityVRCCameraVR","Camera (VR)","Cámara (Modo VR)","Kamera (VR)","カメラ（VR）","카메라 (VR)","摄像机 (VR)",""
"_LookAtVisibilityVRCCameraDesktop","Camera (Desktop)","Cámara (Modo escritorio)","Kamera (Desktop)","カメラ（デスクトップ）","카메라 (데스크톱)","摄像机 (桌面)",""
"_LookAtVisibilityVRCCameraScreenshot","Screenshot","Captura de pantalla","Screenshot","スクリーンショット","스크린샷","截屏",""
"s_start_LookAtGreenMask","Controls (Green Mask)","Controles (máscara verde/G)","Kontrollen (grüne Maske)","コントロール（グリーンマスク）","LookAt 초록 마스크 설정","控制 (绿遮罩)",""
"_LookAtGreenMaskEnabled","Green Mask Enabled","Máscara roja activada","Grüne Maske aktiviert","グリーンマスクが有効になっています","초록 마스크 활성화","启用绿遮罩",""
"_LookAtGreenAlpha","Alpha","Alfa","Alpha","アルファ","알파","Alpha","Альфа"
"_LookAtGreenTargetUp","Target Up Direction","Dirección superior del objetivo","Zielen Sie die Richtung","ターゲットアップ方向","타겟 위쪽 방향","目标向上方向",""
"_LookAtGreenForwardDirection","Forward Direction","Dirección frontal","Vorwärtsrichtung","前方向","전방 방향","前向方向",""
"_LookAtGreenUpDirection","Up Direction","Dirección superior","Aufwärtsrichtung","上の方向","위쪽 방향","向上方向",""
"_LookAtGreenPivotOffset","Pivot Position","Posición del pivote","Pivot -Position","ピボット位置","피벗 오프셋","枢轴位置",""
"_LookAtGreenOriginOffset","View From Position","Posición de la vista","Ansicht von Position","位置からの表示","원점 오프셋","原点位置",""
"_LookAtGreenDistanceFalloff","Distance Falloff","Atenuación por distancia","Distanzfunktion","距離フォールオフ","거리 감쇠","距离衰减",""
"_LookAtGreenFoV","FoV Falloff","Atenuación por ángulo de visión","FOV FALLOFF","FOVフォールオフ","FOV 감쇠","FOV 衰减",""
"_LookAtGreenMaxPitchAngle","Max Pitch (X)","Cabeceo máximo (Pitch en x)","Max Pitch (x)","マックスピッチ（x）","최대 피치 각도","最大俯仰 (X)",""
"_LookAtGreenMaxYawAngle","Max Yaw (Y)","Guiñada máxima (Yaw en y)","Max Gier (y)","マックスヨー（Y）","최대 요 각도","最大偏航 (Y)",""
"_LookAtGreenMaxRollAngle","Max Roll (Z)","Balanceo máximo (Roll en z)","Max Roll (Z)","マックスロール（Z）","최대 롤 각도","最大翻滚 (Z)",""
"s_start_LookAtBlueMask","Controls (Blue Mask)","Controles (máscara azul/B)","Steuerelemente (blaue Maske)","コントロール（青いマスク）","LookAt 파랑 마스크 설정","控制 (蓝遮罩)",""
"_LookAtBlueMaskEnabled","Blue Mask Enabled","Máscara roja activada","Blaue Maske aktiviert","青いマスクが有効になっています","파랑 마스크 활성화","启用蓝遮罩",""
"_LookAtBlueAlpha","Alpha","Alfa","Alpha","アルファ","알파","Alpha","Альфа"
"_LookAtBlueTargetUp","Target Up Direction","Dirección superior del objetivo","Zielen Sie die Richtung","ターゲットアップ方向","타겟 위쪽 방향","目标向上方向",""
"_LookAtBlueForwardDirection","Forward Direction","Dirección frontal","Vorwärtsrichtung","前方向","전방 방향","前向方向",""
"_LookAtBlueUpDirection","Up Direction","Dirección superior","Aufwärtsrichtung","上の方向","위쪽 방향","向上方向",""
"_LookAtBluePivotOffset","Pivot Position","Posición del pivote","Pivot -Position","ピボット位置","피벗 오프셋","枢轴位置",""
"_LookAtBlueOriginOffset","View From Position","Posición de la vista","Ansicht von Position","位置からの表示","원점 오프셋","原点位置",""
"_LookAtBlueDistanceFalloff","Distance Falloff","Atenuación por distancia","Distanzfunktion","距離フォールオフ","거리 감쇠","距离衰减",""
"_LookAtBlueFoV","FoV Falloff","Atenuación por ángulo de visión","FOV FALLOFF","FOVフォールオフ","FOV 감쇠","FOV 衰减",""
"_LookAtBlueMaxPitchAngle","Max Pitch (X)","Cabeceo máximo (Pitch en x)","Max Pitch (x)","マックスピッチ（x）","최대 피치 각도","最大俯仰 (X)",""
"_LookAtBlueMaxYawAngle","Max Yaw (Y)","Guiñada máxima (Yaw en y)","Max Gier (y)","マックスヨー（Y）","최대 요 각도","最大偏航 (Y)",""
"_LookAtBlueMaxRollAngle","Max Roll (Z)","Balanceo máximo (Roll en z)","Max Roll (Z)","マックスロール（Z）","최대 롤 각도","最大翻滚 (Z)",""
"s_start_LookAtAlphaMask","Controls (Alpha Mask)","Controles (máscara alfa A)","Kontrollen (Alpha -Maske)","コントロール（アルファマスク）","LookAt 알파 마스크 설정","控制 (Alpha 遮罩)",""
"_LookAtAlphaMaskEnabled","Alpha Mask Enabled","Máscara roja activada","Alpha -Maske aktiviert","アルファマスクが有効になっています","알파 마스크 활성화","启用 Alpha 遮罩",""
"_LookAtAlphaAlpha","Alpha","Alfa","Alpha","アルファ","알파","Alpha","Альфа"
"_LookAtAlphaTargetUp","Target Up Direction","Dirección superior del objetivo","Zielen Sie die Richtung","ターゲットアップ方向","타겟 위쪽 방향","目标向上方向",""
"_LookAtAlphaForwardDirection","Forward Direction","Dirección frontal","Vorwärtsrichtung","前方向","전방 방향","前向方向",""
"_LookAtAlphaUpDirection","Up Direction","Dirección superior","Aufwärtsrichtung","上の方向","위쪽 방향","向上方向",""
"_LookAtAlphaPivotOffset","Pivot Position","Posición del pivote","Pivot -Position","ピボット位置","피벗 오프셋","枢轴位置",""
"_LookAtAlphaOriginOffset","View From Position","Posición de la vista","Ansicht von Position","位置からの表示","원점 오프셋","原点位置",""
"_LookAtAlphaDistanceFalloff","Distance Falloff","Atenuación por distancia","Distanzfunktion","距離フォールオフ","거리 감쇠","距离衰减",""
"_LookAtAlphaFoV","FoV Falloff","Atenuación por ángulo de visión","FOV FALLOFF","FOVフォールオフ","FOV 감쇠","FOV 衰减",""
"_LookAtAlphaMaxPitchAngle","Max Pitch (X)","Cabeceo máximo (Pitch en x)","Max Pitch (x)","マックスピッチ（x）","최대 피치 각도","最大俯仰 (X)",""
"_LookAtAlphaMaxYawAngle","Max Yaw (Y)","Guiñada máxima (Yaw en y)","Max Gier (y)","マックスヨー（Y）","최대 요 각도","最大偏航 (Y)",""
"_LookAtAlphaMaxRollAngle","Max Roll (Z)","Balanceo máximo (Roll en z)","Max Roll (Z)","マックスロール（Z）","최대 롤 각도","最大翻滚 (Z)",""
"s_start_ALVertexLookAtAL","Audio Link","AudioLink","Audio -Link","オーディオリンク","버텍스 LookAt 오디오 링크","AudioLink","AudioLink"
"_VertexLookAtAudioLinkEnabled","Audio Link","AudioLink","Audio -Link","オーディオリンク","오디오 링크 활성화","AudioLink","AudioLink"
"_VertexLookAtAudioLinkBand","Alpha Band","Banda alfa","Alpha -Band","アルファバンド","알파 밴드","Alpha 频段",""
"_VertexLookAtAlphaAudiolink","Alpha Audiolink","Alfa del AudioLink","Alpha Audiolink","アルファ・オーディオリンク","알파 오디오 링크","Alpha AudioLink","Альфа AudioLink"
"s_start_VertexGlitchTexture","Glitch Texture","Textura de fallos (Glitch)","Struktur Textur","グリッチテクスチャ","버텍스 글리치 텍스처","故障纹理",""
"s_start_VertexGlitchMirror","Mirror","Espejo","Spiegel","鏡","버텍스 글리치 거울","镜像",""
"s_start_ALVertexGlitching","Audio Link","AudioLink","Audio -Link","オーディオリンク","버텍스 글리치 오디오 링크","AudioLink","AudioLink"
"m_start_Uzumore","View Clip Prevention (Uzumore)","Empuje de cámara en caso de recorte (Uzumore)","Clip Prevention anzeigen (Uzumore)","クリップ予防（埋もれ）を表示","Uzumore (클리핑 방지)","显示防穿模 (Uzumore)",""
"_UzumoreCategoryToggle"," View Clip Prevention (Uzumore)","Empuje de cámara en caso de recorte (Uzumore)","Clip Prevention anzeigen (Uzumore)","クリップ予防（埋もれ）を表示","Uzumore 표시","显示防穿模 (Uzumore)",""
"_UzumoreEnabled","Animation Toggle","Activar animación","Animationsschaltung","アニメーショントグル","애니메이션 토글","动画切换",""
"_UzumoreAmount","Push Amount (m)","Cantidad de empuje (en metros)","Push -Betrag (m)","埋もれ量（m）","푸시 양 (m)","推挤量 (m)",""
"_UzumoreBias","Push Bias","Sesgo del empuje","Voreingenommenheit","埋もれバイアス","푸시 바이어스","偏移",""
"_UzumoreMask","Push Mask (A)","Máscara del empuje (Canal Alfa)","Push -Maske (a) Push","埋もれマスク（a）","푸시 마스크","推挤遮罩 (A)",""
"_UzumoreMaskUV","Push Mask Channel","Canal de la máscara del empuje","Maskenkanal drücken","マスクチャネルの利用","마스크 UV 채널","推挤遮罩通道",""
"m_start_PoiGlobalCategory","Global Data and Masks","Datos y máscaras globales","Globale Daten und Masken","グローバルデータとマスク","글로벌 데이터 및 마스크","全局数据与遮罩",""
"m_start_GlobalMaskVertexColors","Vertex Colors","Colores de los vértices","Scheitelpunktfarben","頂点の色","글로벌 마스크 버텍스 컬러","顶点颜色","Цвета Вершин"
"_GlobalMaskVertexColorLinearSpace","Linear Colors","Colores lineales","Linear Farben","線形色","선형 색상","线性空间颜色",""
"_GlobalMaskVertexColorRed","Red","Rojo","Rot","赤","빨강","红","Красный"
"_GlobalMaskVertexColorRedBlendType","Blending","Tipo de mezcla","Mischen","ブレンド","블렌드 유형","混合","Смешивание"
"_GlobalMaskVertexColorGreen","Green","Verde","Grün","緑","초록","绿","Зеленый"
"_GlobalMaskVertexColorGreenBlendType","Blending","Tipo de mezcla","Mischen","ブレンド","블렌드 유형","混合","Смешивание"
"_GlobalMaskVertexColorBlue","Blue","Azul","Blau","青","파랑","蓝","Синий"
"_GlobalMaskVertexColorBlueBlendType","Blending","Tipo de mezcla","Mischen","ブレンド","블렌드 유형","混合","Смешивание"
"_GlobalMaskVertexColorAlpha","Alpha","Alfa","Alpha","アルファ","알파","Alpha","Альфа"
"_GlobalMaskVertexColorAlphaBlendType","Blending","Tipo de mezcla","Mischen","ブレンド","블렌드 유형","混合","Смешивание"
"s_start_GlobalMaskOptionsSliders","Options","Opción","Optionen","オプション","글로벌 마스크 옵션 슬라이더","选项",""
"s_start_GlobalMaskOptionsMinMaxSliders","Options","Opción","Optionen","オプション","글로벌 마스크 옵션 최소/최대 슬라이더","选项",""
"s_start_GlobalMaskOptionsForceToggles","Options","Opción","Optionen","オプション","글로벌 마스크 옵션 강제 토글","选项",""
"m_start_PoiUVCategory","UVs","UVs","UVS","UVS","UV 카테고리","UVs","UVs"
"s_start_deliot","Deliot Heitz","Deliot Heitz","Deliot Heitz","デリオット・ハイツ","Deliot Heitz","Deliot Heitz",""
"s_start_hextile","Hextile","Teselas hexagonales (Hextil)","hextile","hextile","Hextile","Hextile",""
"m_start_uvLocalWorld","Local World UV","UV (Global/Local)","Lokale Welt UV","ローカル・ワールドUV","UV (로컬/월드)","本地/世界 UV",""
"_UVModLocalPos0","Local X","X local","Lokale x","ローカルX","로컬 X","本地 X",""
"_UVModLocalPos1","Local Y","Y local","Lokal und","ローカルY","로컬 Y","本地 Y",""
"_UVModWorldPos0","World X","X global","Welt x","ワールドX","월드 X","世界 X",""
"_UVModWorldPos1","World Y","Y global","Welt und","ワールドY","월드 Y","世界 Y",""
"_HeightOffset","Offset","Compensar","Offset","オフセット","높이 오프셋","高度偏移","Смещение"
"_ParallaxMipBias","Mip Bias","Sesgo de MIP","MIP -Voreingenommenheit","MIPバイアス","Parallax Mip 바이어스","Mip 偏移",""
"s_start_parallaxAdvanced","Advanced","Avanzado","Fortschrittlich","高度な","Parallax 고급 설정","高级",""
"_ParallaxBinarySteps","Binary Search Steps","Pasos binarios de búsqueda","Binäre Suchschritte","バイナリ検索手順","이진 검색 단계","二分查找步数",""
"_ParallaxRelaxedCone","Use Relaxed Cone Stepping","Cono relajado de paralaje","Verwenden Sie einen entspannten Kegelschritt","リラックスしたコーンステッピングを使用してください","완화된 원뿔 스테핑 사용","使用松弛锥步进",""
"_ParallaxConeRatio","Cone Step Ratio","Relación del cono de paralaje","Kegelschrittverhältnis","コーンステップ比","원뿔 단계 비율","锥步进比率",""
"_ParallaxAnisotropic","Anisotropic Filtering","Filtrado anisotrópico","Anisotrope Filterung","異方性フィルタリング","이방성 필터링","各向异性过滤",""
"_ParallaxAnisotropyScale","Anisotropy Scale","Escala de anisotropía","Anisotropieskala","異方性スケール","이방성 스케일","各向异性缩放",""
"m_start_PoiPostProcessingCategory","Post Processing","Posprocesamiento","Nachbearbeitung","後処理","후처리 카테고리","后处理",""
"m_start_PPAnimations","PP Animations","Animaciones de posprocesado","PP -Animationen","PPアニメーション","후처리 애니메이션","PP 动画",""
"_PPHueShiftColorSpace","Hue Color Space","Espacio de color","Farbraum","色の色の空間","색 공간","颜色模式",""
"_ppHueSelectOrShift","Select or Shift","Seleccionar o cambiar","Wählen oder verschieben","選択またはシフトします","선택 또는 변경","选择或偏移",""
"m_start_BeatsaberOptions","Beatsaber support","Soporte de Beatsaber","Unterstützung von Beatsaber","Beatsaberサポート","비트세이버 옵션","Beatsaber 支持",""
"_BSSEnabled","Enable BeatSaber Module","Activar el módulo de Beatsaber","Aktivieren Sie das Beataber -Modul","BeatSaberモジュールを有効にします","비트세이버 모듈 활성화","启用 Beatsaber 模块",""
"_BSSSpacer1","<color=#ff0000ff>―――――――[IMPORTANT]―――――――</color>","<color=#ff0000ff>―――――――[IMPORTANTE]―――――――</color>","<color =#ff0000ff> - ~ ~ ~ ] - - ———— ~ </color>","<color =＃ff0000ff>","<color=#ff0000ff>―――――――[중요]―――――――</color>","<color=#ff0000ff>―――――――[重要]―――――――</color>",""
"_BSSHelpBox1","Toggling on BeatSaber support will set (Rendering > Blending > Advanced Alpha) to ''Add/One/Zero'' as alpha blending operations cause visual issues.","Alternar el soporte de Beatsaber establecerá (Renderizado > Mezcla > Mezcla avanzada de alfa) en ''Agregar/Uno/Cero'' ya que las operaciones de mezcla alfa causan problemas visuales","Das Umschalten des Beataber -Supports wird (Rendering> Mischung> erweitertes Alpha) auf 'Hinzufügen'","","","切换 Beatsaber 支持会将 (渲染>混合>高级 Alpha) 设置为 'Add'",""
"_BSSHelpBox2","Glow is handled through the various emission options found in the shader!","¡El resplandor/brillo se maneja a través de las diversas opciones de emisión que se encuentran en el sombreador!","Glow wird durch die verschiedenen Emissionsoptionen im Shader gehandhabt!","グローは、シェーダーにあるさまざまな発光オプションを介して処理されます！","글로우/밝기는 셰이더의 다양한 방출 옵션을 통해 처리됩니다!","辉光通过着色器中的各种自发光选项处理！",""
"_BSSSpacer2","<color=#ff0000ff>―――――――[IMPORTANT]―――――――</color>","<color=#ff0000ff>―――――――[IMPORTANTE]―――――――</color>","<color =#ff0000ff> - ~ ~ ~ ] - - ———— ~ </color>","<color =＃ff0000ff>","<color=#ff0000ff>―――――――[중요]―――――――</color>","<color=#ff0000ff>―――――――[重要]―――――――</color>",""
"s_start_CCopt","Custom Colors:","Colores personalizados:","Benutzerdefinierte Farben:","カスタムカラー：","사용자 정의 색상:","自定义颜色:",""
"_BSSHelpBox3","To properly support custom colors on assets like sabers when material locking. you MUST right click the ''Color & Alpha'' property at the top and set it to ''Animated.''","Para admitir adecuadamente los colores personalizados en recursos (assets) como sables cuando se bloquea el material; DEBE hacer clic derecho en la propiedad ''Color y alfa'' en la parte superior y establecerla en ''Animada (Animated)''.","So unterstützen Sie kundenspezifische Farben für Vermögenswerte wie Sabres wenn Material sperren. Sie müssen mit der rechten Maustaste auf die Eigenschaft 'Color & Alpha' oben klicken und sie auf 'animiert' einstellen.","","","为了在锁定材质时正确支持光剑等资产的自定义颜色，您必须右键单击上方的“颜色和 Alpha”属性并将其设置为“动画”。",""
"m_start_BeatsaberBloomFog","Bloom & Height fog","Niebla de resplandor difuso (BloomFog)","Blüte & Höhennebel","ブルームと高さの霧","비트세이버 블룸 & 높이 안개","Bloom & 高度雾",""
"_BSSBloomfog","Enable Bloomfog","Activar niebla de resplandor difuso","Bloomfog aktivieren","Bloomfogを有効にします","블룸 포그 활성화","启用 Bloom 雾",""
"s_start_fogOpt","Bloom fog settings:","Configuración de la niebla:","Bloom Nebeleinstellungen:","ブルームフォグの設定：","안개 설정:","Bloom 雾设置:",""
"_FogStartOffset","Fog Start Offset:","Desplazamiento inicial de la niebla:","Nebelstartversatz:","フォグ開始オフセット：","안개 시작 오프셋:","雾起始偏移:",""
"_FogScale","Fog Scale:","Escala de la niebla:","Nebelskala:","フォグスケール：","안개 스케일:","雾缩放:",""
"s_start_heightFogOpt","Height fog settings:","Configuración de la niebla de altura:","Höhe Nebeleinstellungen:","高さの霧の設定：","높이 안개 설정:","高度雾设置:",""
"_FogHeightOffset","Height start offset:","Desplazamiento inicial de la altura:","Höhe des Höhepunkts: Offset:","高さ開始オフセット：","높이 오프셋:","高度起始偏移:",""
"_FogHeightScale","Height Scale:","Escala de la altura:","Höhenskala:","高さのスケール：","높이 스케일:","高度缩放:",""
"_ZClip","Z Clip","Recorte en profundidad Z","Z Clip","Zクリップ","Z 클립","Z 裁剪 (ZClip)",""
"_FlipBackfaceNormals","Flip Backface Normals","Invertir normales de la cara trasera","FlipBackfaceNormals","フリップバックフェイスの通常","뒷면 노멀 반전","反转背面法线",""
"_RenderingEarlyZEnabled","Early Z","Renderizado temprano de profundidad Z","Früh Z","Early Z","Early Z","Early Z",""
"m_start_WorldAOBlocker","World AO Blocker","Bloqueo de oclusión ambiental global","Welt zu blockieren","ワールドのAOをブロック","월드 AO 차단기","世界 AO 阻挡",""
"_RenderingAOBlockerNote","Meshes in this UV space render only to depth and act as a blocking volume for effects like ambient occlusion. This section effects the uv tile directly to the left of the default uv. (U -1→0 | V 0→1)","Las mallas en este espacio UV se renderizan solo en profundidad y actúan como un volumen de bloqueo para efectos como la oclusión ambiental. Esta sección afecta el mosaico de teselas UV directamente a la izquierda del UV predeterminado. (U -1 → 0 / V 0 → 1)","Maschen in diesem UV -Weltraum werden nur in die Tiefe und wirken als Blockierungsvolumen für Effekte wie Umgebungsverschluss. Dieser Abschnitt bewirkt die UV -Fliese direkt links vom Standard UV. (U -1 → 0 v 0 → 1)","このUVスペースのメッシュは、深さにのみレンダリングされ、周囲閉塞などの効果のブロッキングボリュームとして機能します。このセクションは、UVタイルにデフォルトのUVの左側に直接影響します。 （u -1→0 v 0→1）","이 UV 공간의 메시는 깊이만 렌더링되며 앰비언트 오클루전과 같은 효과에 대한 차단 볼륨 역할을 합니다. 이 섹션은 기본 UV 바로 왼쪽의 UV 타일에 영향을 줍니다. (U -1 → 0 / V 0 → 1)","此世界 UV 空间中的网格仅渲染到深度，并充当环境光遮蔽等效果的阻挡体积。此部分影响默认 UV 左侧的 UV Tile。(U -1 -> 0 v 0 -> 1)",""
"_RenderingAOBlockerEnabled","Enabled","Activado","Ermöglicht","有効になっています","활성화","启用","Включено"
"_RenderingAOBlockerUVChannel","UV Channel","Canal UV","UV -Kanal","UVチャネル","UV 채널","UV 通道",""
"_RenderingAOBlockerFlipNormal","Flip Normal","Invertir normales","Normale flip","フリップ正常","노멀 반전","反转法线",""
"m_start_outlineAlphaBlending","Advanced Alpha Blending","Mezcla de alfa avanzado","Erweiterte Alpha -Mischung","高度なアルファブレンド","아웃라인 알파 블렌딩","高级 Alpha 混合",""
"m_2ndPassCategory","2nd Pass","Segunda pasada (2ndPass)","2. Pass","2回目のパス","두 번째 패스 (2nd Pass)","第 2 Pass",""
"_ModeTwoPass","Rendering Preset","Ajuste predefinido de renderizado","Voreinstellung machen","レンダリングプリセット","두 번째 패스 렌더링 프리셋","渲染预设",""
"_TwoPassFirstPassGlobalMaskIndex","First Pass Mask","Máscara de primera pasada","Erste Passmaske","最初のパスマスク","첫 번째 패스 마스크","第 1 Pass 遮罩",""
"_TwoPassFirtstPassApplyGlobalMaskBlendType","Blending","Tipo de mezcla","Mischen","ブレンド","블렌드 유형","混合","Смешивание"
"_TwoPassSecondPassGlobalMaskIndex","2nd Pass Mask","Máscara de segunda pasada","2. Passmaske","2番目のパスマスク","두 번째 패스 마스크","第 2 Pass 遮罩",""
"_TwoPassSecondPassApplyGlobalMaskBlendType","Blending","Tipo de mezcla","Mischen","ブレンド","블렌드 유형","混合","Смешивание"
"_TwoPassOverrideFirstPassColor","Override main Color","Anular el color de la primera pasada","Hauptfarbe überschreiben","メイン色をオーバーライドします","첫 번째 패스 색상 덮어쓰기","覆盖主颜色",""
"_TwoPassColor","Color & Alpha","Color y alfa","Farbe & Alpha","色とアルファ","색상 & 알파","颜色 & Alpha","Цвет & Альфа"
"_TwoPassAlphaCutoff","Alpha Cutoff","Corte alfa","Alpha Cutoff","アルファカットオフ","알파 컷오프","Alpha 阈值","Порог отсечения Альфа-канала"
"_TwoPassAlphaCutoffInvert","Invert Alpha Cutoff","Invertir el corte alfa","Alpha Cutoff umkehren","アルファカットオフを反転します","알파 컷오프 반전","反转 Alpha 阈值",""
"_AlphaPremultiply2","Alpha Premultiply","Alfa premultiplicativo","Alpha Premultiply","アルファ・事前乗算","알파 미리 곱하기","Alpha 预乘",""
"_AlphaForceOpaque2","Force Opaque","Forzar opaco","Zwingen undurchsichtig","力の不透明","불투명 강제","强制不透明","Принудительная непрозрачность"
"_TwoPassAlphaPower","Alpha Power","Potencia alfa","Alpha -Kraft","アルファパワー","알파 파워","Alpha 强度",""
"m_start_2ndPassRenderingOptions","2nd Pass Rendering","Segunda pasada","2. Pass -Rendering","2回目のパスレンダリング","두 번째 패스 렌더링 옵션","第 2 Pass 渲染",""
"_Cull2","Cull","Descarte de caras (Cull)","CULL","Cull","컬링 (Cull)","剔除",""
"_ZTest2","ZTest","Prueba de profundidad (ZTest)","ZTest","ztest","Z 테스트","Z 测试",""
"_ZWrite2","ZWrite","Escritura de profundidad (ZWrite)","ZWRITE","zWrite","Z 쓰기","Z 写入",""
"_ColorMask2","Color Mask","Máscara de color","Farbmaske","カラーマスク","컬러 마스크","颜色遮罩",""
"m_start_blending2","2nd Pass Blending","Mezcla de la segunda pasada","2. Passmischung","2回目のパスブレンド","두 번째 패스 블렌딩","第 2 Pass 混合",""
"_BlendOp2","RGB Blend Op","Operación de mezcla RGB","RGB Mischung op","RGBブレンドop","RGB 블렌드 Op","RGB 混合操作",""
"_SrcBlend2","RGB Source Blend","Factor de mezcla del RGB origen","RGB -Quellmischung","RGBソースブレンド","소스 블렌드","RGB 源混合",""
"_DstBlend2","RGB Destination Blend","Factor de mezcla del RGB destino","RGB -Zielmischung","RGB宛先ブレンド","대상 블렌드","RGB 目标混合",""
"_AddBlendOp2","RGB Blend Op","Operación de mezcla aditiva RGB","RGB Mischung op","RGBブレンドop","가산 블렌드 Op","RGB 混合操作",""
"_AddSrcBlend2","RGB Source Blend","Factor de mezcla aditiva del RGB origen","RGB -Quellmischung","RGBソースブレンド","가산 소스 블렌드","RGB 源混合",""
"_AddDstBlend2","RGB Destination Blend","Factor de mezcla aditiva del RGB destino","RGB -Zielmischung","RGB宛先ブレンド","가산 대상 블렌드","RGB 目标混合",""
"m_start_alphaBlending2","2nd Pass Advanced Alpha Blending","Operación de mezcla alfa","2. Pass Advanced Alpha Mischung","高度なアルファブレンド2","두 번째 패스 알파 블렌딩","第 2 Pass 高级 Alpha 混合",""
"_BlendOpAlpha2","Alpha Blend Op","Mezclar alfa","Alpha mischt sich an","アルファをブレンド","알파 블렌드 Op","Alpha 混合操作",""
"_SrcBlendAlpha2","Alpha Source Blend","Factor de mezcla del alfa origen","Alpha -Quelle Mischung","アルファソースブレンド","알파 소스 블렌드","Alpha 源混合",""
"_DstBlendAlpha2","Alpha Destination Blend","Factor de mezcla del alfa destino","Alpha Destination Mischung","アルファ宛先ブレンド","알파 대상 블렌드","Alpha 目标混合",""
"_AddBlendOpAlpha2","Alpha Blend Op","Mezclar alfa","Alpha mischt sich an","アルファがブレンドします","가산 알파 블렌드 Op","Alpha 混合操作",""
"_AddSrcBlendAlpha2","Alpha Source Blend","Factor de mezcla del alfa origen","Alpha -Quelle Mischung","アルファソースブレンド","가산 알파 소스 블렌드","Alpha 源混合",""
"_AddDstBlendAlpha2","Alpha Destination Blend","Factor de mezcla del alfa destino","Alpha Destination Mischung","アルファ宛先ブレンド","가산 알파 대상 블렌드","Alpha 目标混合",""
"m_start_Stencil2PassOptions","2nd Pass Stencil","Esténcil de la segunda pasada","2. Pass Schablone","パスステンシル2","두 번째 패스 스텐실","第 2 Pass 模板",""
"_Stencil2Type","Stencil Type","Tipo de esténcil","Schablone","ステンシルタイプ","유형","模板类型",""
"_Stencil2Ref","Stencil Reference Value","Valor de referencia del esténcil","Schablonenreferenzwert","ステンシル参照値","참조 값","模板参考值",""
"_Stencil2ReadMask","Stencil ReadMask Value","Valor de la máscara de lectura del esténcil","Schablonenlesenwert","ステンシル読み取り値値","읽기 마스크","模板读取掩码",""
"_Stencil2WriteMask","Stencil WriteMask Value","Valor de la máscara de escritura del esténcil","Schablonenschreibwert","ステンシルwritemask値","쓰기 마스크","模板写入掩码",""
"_Stencil2PassOp","Stencil Pass Op","Operación del esténcil al cumplirse","Schablonenpass op","ステンシルパスOP","패스 Op","模板通过操作",""
"_Stencil2FailOp","Stencil Fail Op","Operación del esténcil al fallar","Schablone scheitern op","ステンシルフェイルOP","실패 Op","模板失败操作",""
"_Stencil2ZFailOp","Stencil ZFail Op","Operación del esténcil al fallar la profundidad (ZFail)","Schablone Zfail Op","ステンシルzfail op","Z 실패 Op","模板 Z 失败操作",""
"_Stencil2CompareFunction","Stencil Compare Function","Función de comparación del esténcil","Schablonenvergleichsfunktion","ステンシル比較関数","비교 함수","模板比较函数",""
"m_start_Stencil2PassBackOptions","Back","Cara trasera","Zurück","戻る","뒷면","背面",""
"_Stencil2BackPassOp","Back Pass Op","Operación del esténcil trasero al cumplirse","Back Pass op","バックパスop","뒷면 패스 Op","背面通过操作",""
"_Stencil2BackFailOp","Back Fail Op","Operación del esténcil trasero al fallar","Zurück fehlschlagen op","バックフェイルOP","뒷면 실패 Op","背面失败操作",""
"_Stencil2BackZFailOp","Back ZFail Op","Operación del esténcil trasero al fallar la profundidad (ZFail)","Zurück Zfail op","zfail op","뒷면 Z 실패 Op","背面 Z 失败操作",""
"_Stencil2BackCompareFunction","Back Compare Function","Función de comparación del esténcil trasero","Rückvergleichsfunktion","バック比較関数","뒷면 비교 함수","背面比较函数",""
"m_start_Stencil2PassFrontOptions","Front","Cara frontal","Front","フロント","앞면","正面",""
"_Stencil2FrontPassOp","Front Pass Op","Operación del esténcil frontal al cumplirse","Vorderpass op","フロントパスop","앞면 패스 Op","正面通过操作",""
"_Stencil2FrontFailOp","Front Fail Op","Operación del esténcil frontal al fallar","Front Fail op","フロントフェイルOP","앞면 실패 Op","正面失败操作",""
"_Stencil2FrontZFailOp","Front ZFail Op","Operación del esténcil frontal al fallar la profundidad (ZFail)","Front Zfail Op","フロントzfail op","앞면 Z 실패 Op","正面 Z 失败操作",""
"_Stencil2FrontCompareFunction","Front Compare Function","Función de comparación del esténcil frontal","Front -Vergleichenfunktion","フロント比較関数","앞면 비교 함수","正面比较函数",""
"_GrabMode","GrabPass Preset","Ajuste predeterminado de pasada de captura (GrabPass)","Grabpass Preset","グラブパスプリセット","그랩 패스 프리셋","GrabPass 预设",""
"_RefractionCABlurHelp0","Chromatic Aberration and Blur cannot be used at the same time","La aberración cromática y el desenfoque no se pueden usar al mismo tiempo","Chromatische Aberration und Unschärfe können nicht gleichzeitig verwendet werden","色の異常とぼやけは同時に使用することはできません","색수차와 블러는 동시에 사용할 수 없습니다.","色差和模糊不能同时使用",""
"_RefractionFresnelPower","Fresnel Power","Potencia de Fresnel","RefractionFresnelPower","フレネルパワー","프레넬 파워","菲涅尔强度",""
"_RefractionCABlurHelp1","Chromatic Aberration and Blur cannot be used at the same time","La aberración cromática y el desenfoque no se pueden usar al mismo tiempo","Chromatische Aberration und Unschärfe können nicht gleichzeitig verwendet werden","色の異常とぼやけは同時に使用することはできません","색수차와 블러는 동시에 사용할 수 없습니다.","色差和模糊不能同时使用",""
"_GrabBlurUseSmoothness","Use Smoothness","Usar suavidad","Verwenden Sie Glätte","滑らかさを使用します","매끄러움 사용","使用光滑度",""
"_GrabBlurPower","Center Importance","Importancia central","Mitte Bedeutung","中心的な重要性","블러 파워","中心重要性",""
"m_start_GrabpassColor","Color","Color","Farbe","色","그랩 패스 색상","颜色","Цвет"
"_GrabpassColor","Color","Color","Farbe","色","색상","颜色","Цвет"
"_GrabPassBrightness","Multiplicative Brightness","Brillo multiplicativo","Multiplikative Helligkeit","乗算的な明るさ","밝기 (곱하기)","乘法亮度",""
"_GrabPassAddBrightness","Additive Brightness","Brillo aditivo","Additive Helligkeit","添加物の明るさ","밝기 (더하기)","加法亮度",""
"s_start_GrabPassHueShift","Hue Shift","Cambio de tono","Farbtonverschiebung","色相シフト","그랩 패스 색조 변경","色相偏移","Сдвиг Тона"
"_GrabPassHueShiftToggle","<size=13><b>  Hue Shift</b></size>","<size=13><b>Cambio de tono </b></size>","<size=13><b>Farbtonverschiebung </b></size>","<サイズ= 13> <b>色相シフト</b></size>","색조 변경","<size=13><b>色相偏移</b></size>","<size=13><b>  Сдвиг Тона</b></size>"
"_GrabPassHueShiftColorSpace","Color Space","Espacio de color","Farbraum","カラースペース","색 공간","颜色模式","Цветовое Пространство"
"_GrabPassHueSelectOrShift","Select or Shift","Seleccionar o cambiar","Wählen oder verschieben","選択またはシフトします","선택 또는 변경","选择或偏移",""
"_GrabPassHueShiftReplace","Hue Replace?","¿Reemplazo de tono?","Farbton ersetzen?","色相交換？","색조 교체?","替换色相?","Замена Тона?"
"_GrabPassHueShift","Hue Shift","Cambio de tono","Farbtonverschiebung","色相シフト","색조 변경","色相偏移","Сдвиг Тона"
"_GrabPassHueShiftSpeed","Hue Shift Speed","Velocidad del cambio de tono","Farbtonverschiebungsgeschwindigkeit","色相シフト速度","색조 변경 속도","色相偏移速度","Скорость Сдвига Тона"
"m_start_GrabPassAdvanced","Advanced","Avanzado","Fortschrittlich","高度な","그랩 패스 고급 설정","高级",""
"_TPS_Channel","Channel","Canal","Kanal","チャネル","채널","通道","Канал"
"_TPS_ChannelWarning","DPS Channel -1 may be deprecated in the future. It does not support animator features. Use channels 0-8 instead.","El canal DPS -1 puede estar en desuso en el futuro. No es compatible con las características del animador (Animator). Use los canales 0-8 en su lugar.","Der DPS -Kanal -1 kann in Zukunft veraltet sein. Es unterstützt keine Animatorfunktionen. Verwenden Sie stattdessen die Kanäle 0-8.","DPSチャネル-1は将来非推奨される場合があります。アニメーター機能はサポートしていません。代わりにチャネル0-8を使用します。","DPS 채널 -1은 향후 지원 중단될 수 있습니다. 애니메이터 기능을 지원하지 않습니다. 대신 채널 0-8을 사용하십시오.","DPS 通道 -1 将来可能会被弃用。它不支持动画器功能。请改用通道 0-8。",""
"g_start_tps_bezier","Bezier (Bending)","Bezier (curva)","Bezier (Biegung)","ベジエ（曲げ）","베지어 (곡선)","贝塞尔 (Bezier)",""
"g_start_tps_squeeze","Squeeze","Compresión","Quetschen","絞る","스퀴즈","挤压 (Squeeze)",""
"g_start_tps_buldge","Buldge","Abultamiento","Bauchung","膨らみ","벌지","膨胀 (Bulge)",""
"g_start_tps_pulsing","Pulsing","Pulsación","Pulsierend","パルス","펄싱","脉动 (Pulsing)",""
"g_start_tps_idle","Idle","Reposo","Leerlauf","アイドル","아이들","闲置 (Idle)",""
"m_start_poiSSAO","Screen Space Ambient Occlusion","Oclusión ambiental espacial de pantalla (SSAO)","Bildschirmraum Umgebungsverschluss","スクリーンスペースの周囲閉塞","SSAO (화면 공간 앰비언트 오클루전)","屏幕空间环境光遮蔽 (SSAO)",""
"_SSAOEnabled","SSAO Enabled","SSAO activado","SSAO aktiviert","SSAOが有効になっています","활성화","启用 SSAO",""
"_SSAODepthGetWarning","SSAO Requires depth. Put the DepthGet.prefab on your avatar so it'll work in every world.","La SSAO requiere de datos de profundidad. Debe colocar el objeto preconfigurado DepthGet.prefab en tu avatar para que funcione en cada mundo.","SSAO benötigt Tiefe. Setzen Sie die Tiefe.","SSAOには深さが必要です。 depthget.prefabをアバターに置いて、あらゆる世界で機能するようにします。","SSAO는 깊이가 필요합니다. 모든 월드에서 작동하도록 아바타에 DepthGet 프리팹을 배치하십시오.","SSAO 需要深度。将 depthget.prefab 放置在您的 Avatar 上以使其在任何世界中工作。",""
"_SSAOAnimationToggle","Animatable Toggle","Alternar animación","Animatable Toggle","アニメーショントグル","애니메이션 토글","动画切换","Анимируемый Переключатель"
"_SSAOIntensity","AO Intensity","Intensidad","Intensität","強度","강도","强度",""
"_SSAORadius","AO Radius","Radio","Radius","半径へ","반경","半径",""
"_SSAOQuality","AO Quality","Calidad","Zu Qualität","品質に","품질","质量",""
"_SSAOCenterImportance","Center Importance","Importancia central","Mitte Bedeutung","中心的な重要性","중심 중요도","中心重要性",""
"_SSAOBias","Depth Bias","Sesgo de profundidad","Tiefenbias","深度バイアス","깊이 바이어스","深度偏移",""
"_SSAOCone","Cone Bias","Sesgo del cono","Kegelvoreingenommenheit","コーンバイアス","원뿔 바이어스","锥体偏移",""
"_SSAORandomScale","Random Jitter","Fluctuación aleatoria","Zufälliger Jitter","ランダムジッター","랜덤 지터","随机抖动",""
"_SSAOUseNormals","Use Normals","Usar normales","Normale verwenden","正規を使用します","노멀 사용","使用法线",""
"s_start_SSAOColorAndMasking","Color And Masking","Color y enmascaramiento","Farbe und Maskierung","色とマスキング","SSAO 색상 및 마스킹","颜色 & 遮罩",""
"_SSAOEnableColorTexture","Use Color Texture?","¿Usar textura de color?","Farbstruktur verwenden?","色のテクスチャを使用しますか？","색상 텍스처 사용?","使用颜色纹理?",""
"_SSAOColorMap","Color","Color","Farbe","色","색상 맵","颜色","Цвет"
"_SSAOColorMapPan","Panning","Barrido","Bewegung","パン","패닝","平移","Прокрутка"
"_SSAOColorMapUV","UV","UV","UV","UV","UV","UV","UV"
"_SSAOAsRamp","AO as Ramp","Oclusión ambiental como rampa","Ao als ramp","ランプとしてのao","램프로서의 AO","AO 作为 Ramp",""
"_SSAOEnableMaskTexture","Use Mask?","¿Usar máscara?","Maske verwenden?","マスクを使用しますか？","마스크 사용?","使用遮罩?",""
"_SSAOMask","Mask","Máscara","Maske","マスク","마스크","遮罩","Маска"
"_SSAOMaskPan","Panning","Barrido","Bewegung","パン","패닝","平移","Прокрутка"
"_SSAOMaskUV","UV","UV","UV","UV","UV","UV","UV"
"_SSAOMaskChannel","Channel","Canal","Kanal","チャネル","채널","通道","Канал"
"_SSAOMaskInvert","Invert","Invertir","Umkehren","反転","반전","反转","Инвертировать"
"_SSAOHSV","HSVG","Ajuste de color (HSVG)","HSV","HSVG","HSVG","HSV","HSVG"
"_SSAOColor","Color","Color","Farbe","色","색상","颜色","Цвет"
"_SSAOUseSurfaceColor","Use Surface Color","Usar el color de la superficie","Verwenden Sie Oberflächenfarbe","表面色を使用します","표면 색상 사용","使用表面颜色",""
"_SSAOBlendType","Blend Mode","Tipo de mezcla","Mischmodus","ブレンドモード","블렌드 유형","混合模式","Режим Смешивания"
"s_start_SSAOAdvanced","Advanced & Global Masks","Máscaras avanzadas y globales","Fortgeschrittene und globale Masken","Advanced＆Global Masks","SSAO 고급 및 글로벌 마스크","高级 & 全局遮罩",""
"_SSAOHideByRampedLightMap","Hide In Light","Ocultar","Im Licht verstecken","光の中で隠します","램프 라이트맵에 숨기기","在光照中隐藏",""
"_SSAOAlphaFade","Alpha Fade","Desvanecimiento alfa","Alpha verblasst","アルファフェード","알파 페이드","Alpha 淡出",""
"_SSAOFalloffStart","Quality Falloff Start","Atenuación inicial de la calidad","Qualitätsfest","質の高いフォールオフスタート","감쇠 시작","质量衰减开始",""
"_SSAOFalloffEnd","Quality Falloff End","Atenuación final de la calidad","Qualitätsfunktion","質の高いフォールオフエンド","감쇠 종료","质量衰减结束",""
"_SSAOMaxDistanceFalloff","Max Distance Falloff","Distancia de la atenuación máxima","Max Distanz Falloff","最大距離フォールオフ","최대 거리 감쇠","最大距离衰减",""
"_SSAOGlobalMaskIndex","Apply From Global Mask","Aplicar desde máscara global","Bewerben Sie sich von der globalen Maske","グローバルマスクから適用します","글로벌 마스크 적용","从全局遮罩应用","Применить из Глобальной Маски"
"_SSAOGlobalMaskBlendType","Blending","Tipo de mezcla","Mischen","ブレンド","블렌드 유형","混合","Смешивание"
"_SSAOApplyGlobalMaskIndex","Apply to Global Mask","Aplicar a la máscara global","Bewerben Sie sich bei Global Maske","グローバルマスクに適用します","글로벌 마스크에 적용","应用到全局遮罩","Применить к Глобальной Маске"
"_SSAOApplyGlobalMaskBlendType","Blending","Tipo de mezcla","Mischen","ブレンド","블렌드 유형","混合","Смешивание"
"m_start_raliv","Raliv Dynamic Penetration System","Sistema de penetración dinámica (Raliv DPS)","Raliv Dynamic Penetration System","Raliv動的浸透システム","Raliv DPS","Raliv 动态穿透系统 (DPS)",""
"_RalivHelp","To use this you'll need to purchase the shader from the gumroad link in the header","Para usar esto necesitarás comprar el sombreador desde el enlace de Gumroad en el encabezado"," debe comprar el sombreador desde el enlace de Gumroad en el encabezado","Um dies zu verwenden"," müssen Sie den Shader aus dem Gumroad -Link im Header kaufen","要使用此功能，您必须通过标题中的 Gumroad 链接购买着色器。",""
"m_start_ralivPenetrator","Penetrator","Penetrador","Penetrator","侵入器","페네트레이터","穿透体 (Penetrator)","Пенетратор"
"_PenetratorEnabled","Enabled","Activado","Ermöglicht","有効になっています","활성화","启用","Включено"
"_Squeeze","Squeeze Minimum Size","Tamaño mínimo de compresión","Mindestgröße drücken","最小サイズを絞ります","스퀴즈","挤压最小尺寸",""
"_SqueezeDist","Squeeze Smoothness","Suavidad de la compresión","Smoothheit drücken","滑らかさを絞ります","스퀴즈 거리","挤压平滑度",""
"_BulgePower","Bulge Amount","Cantidad de bulto","Ausbuchtungsmenge","膨らみ量","벌지 파워","膨胀量",""
"_BulgeOffset","Bulge Length","Longitud de bulto","Ausbuchtungslänge","膨らみ長","벌지 오프셋","膨胀长度",""
"_Length","Length of Penetrator Model","Longitud del modelo del penetrador","Länge des Penetratormodells","侵入器モデルの長さ","길이","穿透体模型长度",""
"_EntranceStiffness","Entrance Stiffness","Rigidez de entrada","Eingangssteifigkeit","入り口の剛性","입구 강성","入口刚度",""
"_Curvature","Curvature","Curvatura","Krümmung","曲率","곡률","曲率",""
"_ReCurvature","ReCurvature","Curvatura secundaria","Wiederverbände","再帰","재곡률","反曲率",""
"_Wriggle","Wriggle Amount","Ondulación","Wunschbetrag","うねりの量","꿈틀거림","蠕动量",""
"_WriggleSpeed","Wriggle Speed","Velocidad de ondulación","Wolkergeschwindigkeit","うねりの速度","꿈틀거림 속도","蠕动速度",""
"m_start_ralivOriface","Oriface","Orificio","Oriface","オリフィス","오리피스","孔 / 接受体 (Orifice)",""
"_OrifaceEnabled","Enabled","Activado","Ermöglicht","有効","활성화","启用","Включено"
"_OrificeData","OrificeData","Inmediatamente","Auf einmal","即時","데이터","数据",""
"_EntryOpenDuration","Entry Trigger Duration","Duración de activación en entrada","Eintragsauslöserdauer","エントリトリガー期間","진입 지속 시간","入口触发持续时间",""
"_Shape1Depth","Shape 1 Trigger Depth","Activación de la profundidad de la forma 1","Form 1 Triggertiefe","シェイプ1トリガー深度","모양 1 깊이","形状 1 触发深度",""
"_Shape1Duration","Shape 1 Trigger Duration","Activación de la duración de la forma 1","Form 1 Triggerdauer","シェイプ1トリガー期間","모양 1 지속 시간","形状 1 触发持续时间",""
"_Shape2Depth","Shape 2 Trigger Depth","Activación de la profundidad de la forma 2","Form 2 Triggertiefe","シェイプ2トリガー深度","모양 2 깊이","形状 2 触发深度",""
"_Shape2Duration","Shape 2 Trigger Duration","Activación de la duración de la forma 2","Form 2 Triggerdauer","2つのトリガー期間","모양 2 지속 시간","形状 2 触发持续时间",""
"_Shape3Depth","Shape 3 Trigger Depth","Activación de la profundidad de la forma 3","Form 3 Triggertiefe","シェイプ3トリガー深度","모양 3 깊이","形状 3 触发深度",""
"_Shape3Duration","Shape 3 Trigger Duration","Activación de la duración de la forma 3","Form 3 Triggerdauer","シェイプ3トリガー期間","모양 3 지속 시간","形状 3 触发持续时间",""
"_BlendshapePower","Blend Shape Power","Potencia de la mezcla de las formas","Mischformmacht mischen","形状のパワーをブレンドします","블렌드쉐이프 파워","混合形状强度",""
"_BlendshapeBadScaleFix","Blend Shape Bad Scale Fix","Correcciones de la mezcla para escalas mal formadas","Mischform schlechte Skala -Fix","形状の悪いスケールの修正をブレンドします","나쁜 스케일 수정","混合形状错误缩放修复",""
"m_start_ralivAdvanced","Advanced","Avanzado","Fortschrittlich","高度な","DPS 고급 설정","高级",""
"_RalivAdvancedHelp","An advanced user feature that allows a separate channel for penetrators and orifices (think toy radio controlled cars) 0s only interact with 0s and 1s only interact with 1s","Función de usuario avanzada que permite canales separados para penetradores y orificios (considere un automóvil de juguete controlado por radio). Los 0s solo interactúan con 0s y los 1s solo con 1s","Eine erweiterte Benutzerfunktion"," die einen separaten Kanal für Penetratoren und Öffnungen ermöglicht (denken Sie an Toy -Radio -kontrollierte Autos) 0s interagieren nur mit 0s und 1s nur mit 1s interagieren","侵入器とオリフィスのための個別のチャネルを許可する高度なユーザー機能（おもちゃの無線制御車を考慮してください）0は0と1とのみ相互作用","高级用户功能，允许为穿透体和孔使用单独的通道（类似遥控玩具车）。0 仅与 0 交互，1 仅与 1 交互。",""
"_OrificeChannel","OrificeChannel Please Use 0","Use el canal de orificio 0","Orificechannel bitte 0 verwenden","オリフィス・チャンネル0を使用してください","오리피스 채널","孔通道",""
"_RalivDPSDisableShadowCasterHelp","Enabling ShadowCaster means that you may see real time shadows through the mesh and is not recommended for Penetrators and any Orifices that greatly expand","Activar la proyección de sombras ShadowCaster significa que puede ver sombras en tiempo real a través de las mallas. No se recomienda para penetradores y orificios que se expandan enormemente","Das Aktivieren von Shadowcaster bedeutet"," dass Sie möglicherweise Echtzeitschatten durch das Netz sehen und für Penetratoren und Öffnungen"," die sich stark erweitern","启用 ShadowCaster 意味着您可能会通过网格看到实时阴影，不建议用于膨胀很大的穿透体和孔。",""
"_RalivDPSDisableShadowCaster","Disable ShadowCaster for DPS","Desactivar ShadowCaster para DPS","Deaktivieren Sie den Schattencaster für DPS","DPSのShadowCasterを無効にします","DPS 그림자 캐스터 비활성화","为 DPS 禁用 ShadowCaster",""
"_FurHueShiftColorSpace","Color Space","Espacio de color","Farbraum","カラースペース","모피 색 공간","颜色模式","Цветовое Пространство"
"_FurHueSelectOrShift","Select or Shift","Seleccionar o cambiar","Wählen oder verschieben","選択またはシフトします","선택 또는 변경","选择或偏移",""
"m_geoParticle","Geometric Particles","Partículas geométricas","Geometrische Partikel","幾何学的粒子","지오메트릭 파티클","几何粒子",""
"_ParticleRandomSeedOffset","Random Seed Offset","Desplazamiento de semilla aleatoria","Zufälliger Saatgutversatz","ランダムシードオフセット","랜덤 시드 오프셋","随机种子偏移",""
"_ParticleApplyGlobalMaskIndex","Apply To GlobalMask","Aplicar a la máscara global","Bewerben Sie sich für GlobalMask","グローバルマスクに適用","글로벌 마스크 적용","应用到全局遮罩",""
"_ParticleApplyGlobalMaskBlendType","Blending","Tipo de mezcla","Mischen","ブレンド","블렌드 유형","混合","Смешивание"
"_ParticleBaseColorOverride","MainTex Override","Anulación del mantenimiento","Maintex überschreiben","メンテナンスオーバーライド","베이스 컬러 덮어쓰기","覆盖 MainTex",""
"_ParticleOverrideBaseColor","MainTex Color Override","Anulación del color del mantenimiento","Maintex -Farbüberschreibung","メンテナンスカラーオーバーライド","베이스 컬러 색상 덮어쓰기","MainTex 颜色覆盖",""
"s_start_geoParticleSpawning","Spawning","Generación de partículas","Laichen","パーティクル生成","파티클 생성","生成",""
"_ParticleRenderBaseMesh","Render Base Mesh","Renderización de malla base","Basisnetz rendern","ベースメッシュをレンダリングします","베이스 메시 렌더링","渲染基础网格",""
"_ParticleDensity","Particles Per cm^2","Partículas por cm^2","Partikel pro cm^2","cm^2あたりの粒子","밀도 (cm^2 당 파티클)","粒子数每 cm^2",""
"_ParticleFloatDistance","Spawn Distance","Distancia de generación","Laichabstand","スポーン距離","생성 거리","生成距离",""
"_ParticleSpawnMask","Spawn Mask","Máscara de generación","Laichmaske","スポーンマスク","생성 마스크","生成遮罩",""
"_ParticleSpawnMaskPan","Panning","Barrido","Bewegung","パン","패닝","平移","Прокрутка"
"_ParticleSpawnMaskUV","UV","UV","UV","UV","UV","UV","UV"
"_ParticleSpawnMaskChannel","Channel","Canal","Kanal","チャネル","채널","通道","Канал"
"_ParticleSpawnMaskInvert","Invert","Invertir","Umkehren","反転","반전","反转","Инвертировать"
"_ParticleSpawnMaskVertexColor","Vertex Color Mask","Máscara de color de vértices","Scheitelpunkt Farbmaske","頂点カラーマスク","버텍스 컬러 마스크","顶点颜色遮罩",""
"s_start_geoParticleAppearance","Appearance","Apariencia","Aussehen","外観","파티클 외형","外观",""
"_ParticleTexture","Texture","Textura","Textur","テクスチャ","텍스처","纹理","Текстура"
"_ParticleTexturePan","Panning","Barrido","Bewegung","パン","패닝","平移","Прокрутка"
"_ParticleTextureUV","UV","UV","UV","UV","UV","UV","UV"
"_ParticleColor","Color","Color","Farbe","色","색상","颜色","Цвет"
"_ParticleColorBlendAlpha","Color Blend Alpha","Mezcla de colores alfa","Farbmischung Alpha","カラーブレンドアルファ","색상 블렌드 알파","颜色混合 Alpha",""
"_ParticleColorBlendMode","Color Blend Mode","Modo de mezcla de color","Farbmischmodus","カラーブレンドモード","색상 블렌드 모드","颜色混合模式","Режим Смешивания Цвета"
"_ParticleEmissionBlendMode","Emission Blend Mode","Modo de mezcla de emisiones","Emissionsmischmodus","エミッションブレンドモード","방출 블렌드 모드","自发光混合模式",""
"_ParticleEmissionStrength","Emission Range","Rango emisivo","Emissionsbereich","発光範囲","방출 강도","自发光强度",""
"_ParticleAlpha","Alpha Range","Rango alfa","Alpha -Reichweite","アルファ範囲","알파","Alpha 范围",""
"_ParticleSize","Particle Size","Tamño de las partículas","Partikelgröße","粒子サイズ","크기","粒子尺寸",""
"_ParticleInheritNormal","Inherit Mesh Normal","Heredar normal de la malla","Inherit mesh normal","メッシュを正常に継承","메시 노멀 상속","继承网格法线",""
"s_start_geoParticleMotion","Motion","Movimiento","Bewegung","モーション","파티클 모션","运动",""
"_ParticleMotionMode","Motion Mode","Modo de movimiento","Bewegungsmodus","モーションモード","모션 모드","运动模式",""
"_ParticleCycleDuration","Cycle Duration (Seconds)","Duración del ciclo (segundos)","Zyklusdauer (Sekunden)","サイクル期間（秒）","주기 지속 시간 (초)","周期 (秒)",""
"_ParticleRotationSpeed","Rotation Speed","Velocidad de rotación","Rotationsgeschwindigkeit","回転速度","회전 속도","旋转速度","Скорость Ротации"
"_ParticleTravelDistance","Travel Distance","Distancia de viaje","Reiseentfernung","移動距離","이동 거리","行进距离",""
"_ParticleNoiseTex","Noise Texture (RGB)","Textura de ruido (Canales RGB)","Rauschstruktur (RGB)","ノイズテクスチャ（RGB）","노이즈 텍스처 (RGB)","噪声纹理 (RGB)",""
"_ParticleNoiseTexPan","Panning","Barrido","Bewegung","パン","패닝","平移","Прокрутка"
"_ParticleNoiseTexUV","UV","UV","UV","UV","UV","UV","UV"
"_ParticleNoiseStrength","Noise Strength","Intensidad del ruido","Geräuschstärke","ノイズ強度","노이즈 강도","噪声强度",""
"_ParticleNoiseScrollSpeed","Noise Scroll Speed","Velocidad de deslizamiento del ruido","Geräusch -Scroll -Geschwindigkeit","ノイズスクロール速度","노이즈 스크롤 속도","噪声滚动速度",""
"_ParticleWorldDirection","World Direction (XYZ)","Dirección global (XYZ)","Weltrichtung (XYZ)","ワールドの方向（xyz）","월드 방향 (XYZ)","世界方向 (XYZ)",""
"_ParticleDirectionStrength","Direction Strength","Intensidad de la dirección","Richtungsstärke","方向強度","방향 강도","方向强度",""
"_ParticleFaceDirection","Align To Travel Direction","Alinearse para viajar en la dirección","Ausrichtung zur Reiserichtung","旅行方向に合わせます","이동 방향으로 정렬","对齐行进方向",""
"_ParticleDirectionRamp","Direction Ramp","Rampa de dirección","Richtungsrampe","方向ランプ","방향 램프","方向渐变",""
"_ParticleSpawnDirectionCull","Directional Cull","Descarte direccional de generación","RICHTIGE CULL","方向カル","생성 방향 컬링","方向剔除",""
"s_start_geoParticleOverTime","Over Time","Variación temporal","Im Laufe der Zeit","時間とともに","파티클 시간 경과","随时间变化",""
"_ParticleSizeRamp","Size","Tamaño","Größe","サイズ","크기 램프","尺寸",""
"_ParticleAlphaRamp","Alpha","Alfa","Alpha","アルファ","알파 램프","Alpha","Альфа"
"_ParticleEmissionRamp","Emission","Emisión","Emission","発光","방출 램프","自发光","Свечение"
"_ParticleLifetimeGradient","Color","Color","Farbe","色","수명 그라데이션","颜色","Цвет"
"s_start_geoParticleSpriteSheet","Sprite Sheet","Hoja de texturas (SpriteSheet)","Sprite -Blatt","スプライトシート","스프라이트 시트","精灵表 (Sprite Sheet)",""
"_ParticleSpriteSheetEnabled","Enable Sprite Sheet","Activar","Sprite -Blatt aktivieren","スプライトシートを有効にします","활성화","启用精灵表",""
"_ParticleSpriteSheetColumns","Columns","Columnas","Spalten","列","열","列",""
"_ParticleSpriteSheetRows","Rows","Filas","Reihen","行","행","行",""
"_ParticleSpriteSheetFrameSelection","Frame Selection","Selección del cuadro","Rahmenauswahl","フレーム選択","프레임 선택","帧选择",""
"_ParticleSpriteSheetFPS","FPS","Cuadros por segundo (FPS)","Fps","FPS","FPS","FPS","FPS"
"_ParticleSpriteSheetRandomStart","Random Start Frame","Cuadro inicial aleatorio","Zufälliger Startrahmen","ランダム開始フレーム","랜덤 시작 프레임","随机开始帧",""
"_ParticleSpriteSheetTotalFrames","Total Frames (0 = auto)","Cuadros totales (0 = Auto)","Gesamtrahmen (0 = Auto)","合計フレーム（0 = auto）","총 프레임 (0 = 자동)","总帧数 (0 = 自动)",""
"_ParticleSpriteSheetInset","Frame Inset (texels)","Inserción de cuadros (Téxeles)","Rahmeneinschub (Texels)","フレームインセット（テクセル）","프레임 인셋","帧内缩 (Texels)",""
"_ParticleSpriteSheetFrameBias","Frame Bias","Sesgo del cuadro","Rahmenverzerrung","フレームバイアス","프레임 바이어스","帧偏移",""
"s_start_geoParticleAudioLink","Audio Link","AudioLink","Audio -Link","オーディオリンク","파티클 오디오 링크","AudioLink","AudioLink"
"_ParticleALGradientSource","Gradient Source","Fuente del gradiente","Gradientenquelle","グラデーションソース","그라데이션 소스","渐变源",""
"_ParticleALType","AudioLink Type","Tipo de AudioLink","Audiolink -Typ","オーディオリンク・タイプ","유형","AudioLink 类型","Тип AudioLink"
"_ParticleALWaveformScale","Height Scale","Escala de la altura","Höhenskala","高さスケール","파형 스케일","高度缩放",""
"_ParticleALWaveformSmoothing","Waveform Smoothing","Suavizado de la forma de onda","Wellenformglättung","波形の平滑化","파형 스무딩","波形平滑",""
"_ParticleALReactiveEmission","Emission","Emisión","Emission","発光","반응형 방출","自发光","Свечение"
"_ParticleALReactiveEmissionBand","Band","Banda","Band","バンド","방출 밴드","频段","Частота"
"_ParticleALReactiveEmissionRamp","Add Ramp","Agregar rampa","Rampe hinzufügen","ランプを追加します","방출 램프","添加渐变","Добавить Рампу"
"_ParticleALSizeModulation","Size","Tamaño","Größe","サイズ","크기 변조","尺寸",""
"_ParticleALSizeBand","Band","Banda","Band","バンド","크기 밴드","频段","Частота"
"_ParticleALSizeRamp","Add Ramp","Agregar rampa","Rampe hinzufügen","ランプを追加します","크기 램프","添加渐变","Добавить Рампу"
"_ParticleALRotationModulation","Rotation Speed","Velocidad de rotación","Rotationsgeschwindigkeit","回転速度","회전 변조","旋转速度","Скорость Ротации"
"_ParticleALRotationBand","Chrono Rotation Band","Banda de rotación de crono","Chrono -Rotationsband","クロノ回転バンド","회전 밴드","旋转频段",""
"_ParticleALRotationType","Chrono Motion Type","Tipo de movimiento de crono","Chrono -Bewegungstyp","クロノモーションタイプ","회전 유형","旋转类型",""
"_ParticleALRotationSpeed","Chrono Rotation Speed","Velocidad de rotación de crono","Chrono -Rotationsgeschwindigkeit","クロノ回転速度","회전 속도","旋转速度",""
"_ParticleALNoiseModulation","Noise Strength","Resistencia al ruido","Geräuschstärke","ノイズ強度","노이즈 변조","噪声强度",""
"_ParticleALNoiseBand","Band","Banda","Band","バンド","노이즈 밴드","频段","Частота"
"_ParticleALNoiseRamp","Multiplier Ramp","Rampa multiplicador","Multiplikatorrampe","乗数ランプ","노이즈 램프","乘法渐变",""
"_ParticleALAlphaModulation","Alpha","Alfa","Alpha","アルファ","알파 변조","Alpha","Альфа"
"_ParticleALAlphaBand","Band","Banda","Band","バンド","알파 밴드","频段","Частота"
"_ParticleALAlphaRamp","Add Ramp","Agregar rampa","Rampe hinzufügen","ランプを追加します","알파 램프","添加渐变","Добавить Рампу"
"_ParticleALSpriteSheetFrameControl","Sprite Sheet Frame Control","Control de la hoja de texturas (SpriteSheet)","Rahmenregelung der Sprite -Bleche","スプライトシートフレーム制御","스프라이트 시트 제어","精灵表帧控制",""
"_ParticleALSpriteSheetBand","Frame Band","Banda del cuadro","Rahmenband","フレームバンド","프레임 밴드","帧频段",""
"s_start_geoParticleUVMod","UV Mod","Modificador UV","UV -Mod","UV mod","파티클 UV 모드","UV Mod","UV Mod"
"_ParticlePosUVSource","Particle Pos UV Source","UV origen de posición de partículas","Partikelpos -UV -Quelle","粒子POS UVソース","소스 UV","UV 源",""
"_ParticlePosUVDestination","Apply to UV Destination","Aplicar al UV destino","Bewerben Sie sich bei UV -Ziel","UV宛先に適用","대상 UV","UV 目标",""
"s_start_geoParticlePerformance","Spawn Reduction","Rendimiento de generación","Reduzierung der Laichen","スポーン削減","파티클 성능","生成减少 (性能)",""
"_ParticleSpawnReductionEnabled","Enable Spawn Reduction","Activar reducción","Aktivieren Sie die Spawn -Reduktion","スポーン削減を有効にします","생성 감소 활성화","启用生成减少",""
"_ParticleSpawnDistances","Spawn Distances","Distancias de generación","Laichstrecken","スポーン距離","생성 거리","生成距离",""
"_ParticleSpawnReduction","Spawn Multiplier","Multiplicador","Spawn -Multiplikator","スポーン乗数","생성 감소율","生成乘数",""
"_GeoDissolveShapeType","Shape Type","Tipo de forma","Formart","形状タイプ","지오 디졸브 모양 유형","形状类型","Тип Формы"
"_GeoDissolveUV","UV","UV","UV","UV","UV","UV","UV"
"_GeometricDissolveUVWorldPos0","World X","X global","Welt x","ワールドX","월드 X","世界 X","Мир X"
"_GeometricDissolveUVWorldPos1","World Y","Y global","Welt y","ワールドY","월드 Y","世界 Y","Мир Y"
"_GeometricDissolveUVLocalPos0","Local X","X local","Lokale x","ローカルX","로컬 X","本地 X","Локальный X"
"_GeometricDissolveUVLocalPos1","Local Y","Y local","Lokal y","ローカルY","로컬 Y","本地 Y","Локальный Y"
"_GeoDissolveMask","Mask","Máscara","Maske","マスク","마스크","遮罩","Маска"
"_GeoDissolveMaskPan","Panning","Barrido","Bewegung","パン","패닝","平移","Прокрутка"
"_GeoDissolveMaskUV","UV","UV","UV","UV","UV","UV","UV"
"_GeoDissolveMaskInvert","Invert","Invertir","Umkehren","反転","반전","反转","Инвертировать"
"_GeoDissolveNoiseThreshold","Noise Threshold","Umbral de ruido","Geräuschschwelle","ノイズしきい値","노이즈 임계값","噪声阈值",""
"_GeoDissolvePointToPointDebug","Visualize","Visualizar","Visualisieren","視覚化します","디버그 시각화","可视化","Визуализировать"
"_GeoDissolveNoiseDensity","Noise Density","Densidad del ruido","Geräuschdichte","ノイズ密度","노이즈 밀도","噪声密度",""
"_GeoDissolveNoiseSpeed","Noise Speed","Velocidad del ruido","Geräuschgeschwindigkeit","ノイズ速度","노이즈 속도","噪声速度",""
"s_start_geoDissolveMotionSize","Motion & Size","Movimiento y tamaño","Bewegung & Größe","モーションとサイズ","지오 디졸브 모션 & 크기","运动 & 尺寸",""
"_GeoDissolveHeightRange","Height Range","Rango de la altura","Höhenbereich","高さ範囲","높이 범위","高度范围",""
"_GeoDissolveRotationMin","Min Rotation","Rotación mínima","Min -Rotation","最小回転","최소 회전","最小旋转",""
"_GeoDissolveRotationMax","Max Rotation","Rotación máxima","Maximale Rotation","最大回転","최대 회전","最大旋转",""
"s_start_geoDissolveColorEmission","Color & Emission","Color y emisión","Farbe und Emission","色と発光","지오 디졸브 색상 & 방출","颜色 & 自发光","Цвет & Свечение"
"_GeoDissolveBlendType","Blending","Tipo de mezcla","Mischen","ブレンド","블렌드 유형","混合","Смешивание"
"s_start_geoDissolveWireframeBorder","Wireframe","Malla de alambre (Wireframe)","Wireframe","ワイヤーフレーム","지오 디졸브 와이어프레임","线框",""
"_GeoDissolveWireframeToggle","Wireframe","Malla de alambre (Wireframe)","Wireframe","ワイヤーフレーム","와이어프레임 토글","切换线框",""
"_GeoDissolveWireframeThickness","Thickness","Espesor","Dicke","厚さ","두께","厚度",""
"_GeoDissolveWireframeSoftness","Softness","Blandura","Weichheit","柔らかさ","부드러움","柔和度","Мягкость"
"_GeoDissolveWireframeOffset","Time Offset","Desplazamiento temporal","Zeitversatz","タイムオフセット","오프셋","时间偏移",""
"_GeoDissolveWireframeColorToggle","Extend Base Color","Extender el color base","Basisfarbe erweitern","ベースカラーを拡張します","색상 확장","扩展基础色",""
"_GeoDissolveWireframeEmissionToggle","Extend Emission","Extender la emisión","Emission verlängern","発光を延長します","방출 확장","扩展自发光",""
"_GeoDissolveWireframeOnlyToggle","Wireframe Only","Solo la malla de alambre (Wireframe)","Nur Wireframe","ワイヤーフレームのみ","와이어프레임만 표시","仅线框",""
"m_start_UVTileGeoDissolve","UV Tile Geometric Dissolve","Disolución geométrica de teselas UV","UV -Fliesengeometrie auflösen","UVタイルの幾何学的ディゾルブ","UV 타일 지오 디졸브","UV Tile 几何溶解",""
"_UVTileGeoDissolveEnabled","Enabled","Activado","Ermöglicht","有効になっています","활성화","启用","Включено"
"_UVTileGeoDissolveUV","UV Tile UV","UV de teselas UV","UV Fliesen UV","UVタイルUV","UV","UV Tile UV","UV Tile UV"
"s_start_UVTileGeoDissolveRow3","Row 3 Alpha","Alfa de la fila 3","Reihe 3 Alpha","行3アルファ","UV 타일 지오 디졸브 3열","行 3 Alpha","Строка 3 Альфа"
"_UVTileGeoDissolveAlpha_Row3_0","Row 3 Column 0","Fila 3 columna 0","Zeile 3 Spalte 0","行3列0","3열 0행","行 3 列 0","Строка 3 Колонка 0"
"_UVTileGeoDissolveAlpha_Row3_1","Row 3 Column 1","Fila 3 columna 1","Zeile 3 Spalte 1","行3列1","3열 1행","行 3 列 1","Строка 3 Колонка 1"
"_UVTileGeoDissolveAlpha_Row3_2","Row 3 Column 2","Fila 3 columna 2","Zeile 3 Spalte 2","行3列2","3열 2행","行 3 列 2","Строка 3 Колонка 2"
"_UVTileGeoDissolveAlpha_Row3_3","Row 3 Column 3","Fila 3 columna 3","Zeile 3 Spalte 3","行3列3","3열 3행","行 3 列 3","Строка 3 Колонка 3"
"s_start_UVTileGeoDissolveRow2","Row 2 Alpha","Alfa de la fila 2","Reihe 2 Alpha","行2アルファ","UV 타일 지오 디졸브 2열","行 2 Alpha","Строка 2 Альфа"
"_UVTileGeoDissolveAlpha_Row2_0","Row 2 Column 0","Fila 2 columna 0","Zeile 2 Spalte 0","行2列0","2열 0행","行 2 列 0","Строка 2 Колонка 0"
"_UVTileGeoDissolveAlpha_Row2_1","Row 2 Column 1","Fila 2 columna 1","Zeile 2 Spalte 1","行2列1","2열 1행","行 2 列 1","Строка 2 Колонка 1"
"_UVTileGeoDissolveAlpha_Row2_2","Row 2 Column 2","Fila 2 columna 2","Zeile 2 Spalte 2","行2列2","2열 2행","行 2 列 2","Строка 2 Колонка 2"
"_UVTileGeoDissolveAlpha_Row2_3","Row 2 Column 3","Fila 2 columna 3","Zeile 2 Spalte 3","行2列3","2열 3행","行 2 列 3","Строка 2 Колонка 3"
"s_start_UVTileGeoDissolveRow1","Row 1 Alpha","Alfa de la fila 1","Reihe 1 Alpha","行1アルファ","UV 타일 지오 디졸브 1열","行 1 Alpha","Строка 1 Альфа"
"_UVTileGeoDissolveAlpha_Row1_0","Row 1 Column 0","Fila 1 Columna 0","Zeile 1 Spalte 0","行1列0","1열 0행","行 1 列 0","Строка 1 Колонка 0"
"_UVTileGeoDissolveAlpha_Row1_1","Row 1 Column 1","Fila 1 columna 1","Zeile 1 Spalte 1","行1列1","1열 1행","行 1 列 1","Строка 1 Колонка 1"
"_UVTileGeoDissolveAlpha_Row1_2","Row 1 Column 2","Fila 1 columna 2","Zeile 1 Spalte 2","行1列2","1열 2행","行 1 列 2","Строка 1 Колонка 2"
"_UVTileGeoDissolveAlpha_Row1_3","Row 1 Column 3","Fila 1 columna 3","Zeile 1 Spalte 3","行1列3","1열 3행","行 1 列 3","Строка 1 Колонка 3"
"s_start_UVTileGeoDissolveRow0","Row 0 Alpha","Alfa de la fila 0","Zeile 0 Alpha","行0アルファ","UV 타일 지오 디졸브 0열","行 0 Alpha","Строка 0 Альфа"
"_UVTileGeoDissolveAlpha_Row0_0","Row 0 Column 0","Fila 0 columna 0","Zeile 0 Spalte 0","行0列0","0열 0행","行 0 列 0","Строка 0 Колонка 0"
"_UVTileGeoDissolveAlpha_Row0_1","Row 0 Column 1","Fila 0 columna 1","Zeile 0 Spalte 1","行0列1","0열 1행","行 0 列 1","Строка 0 Колонка 1"
"_UVTileGeoDissolveAlpha_Row0_2","Row 0 Column 2","Fila 0 columna 2","Zeile 0 Spalte 2","行0列2","0열 2행","行 0 列 2","Строка 0 Колонка 2"
"_UVTileGeoDissolveAlpha_Row0_3","Row 0 Column 3","Fila 0 columna 3","Zeile 0 Spalte 3","行0列3","0열 3행","行 0 列 3","Строка 0 Колонка 3"
"_DecalAlphaIntensity","Alpha Intensity","Intensidad alfa 0","Alpha-Intensität","アルファ強度","","","Интенсивность Альфы"
"_DecalAlphaIntensity1","Alpha Intensity","Intensidad alfa 1","Alpha-Intensität","アルファ強度","","","Интенсивность Альфы"
"_DecalAlphaIntensity2","Alpha Intensity","Intensidad alfa 2","Alpha-Intensität","アルファ強度","","","Интенсивность Альфы"
"_DecalAlphaIntensity3","Alpha Intensity","Intensidad alfa 3","Alpha-Intensität","アルファ強度","","","Интенсивность Альфы"
"_UDIMDiscardRow3_0","Row 3","Fila 3","Zeile 3","行3","3열","第3行","Строка 3 "
"_UDIMDiscardRow2_0","Row 2","Fila 2","Zeile 2","行2","2열 ","第2行","Строка 2"
"_UDIMDiscardRow1_0","Row 1","Fila 1","Zeile 1","行1","1열 ","第1行","Строка 1"
"_UDIMDiscardRow0_0","Row 0","Fila 0","Zeile 0","行0","0열 ","第0行","Строка 0"
"_UDIMFaceDiscardRow3_0","Row 3","Fila 3","Zeile 3","行3","3열","第3行","Строка 3 "
"_UDIMFaceDiscardRow2_0","Row 2","Fila 2","Zeile 2","行2","2열 ","第2行","Строка 2"
"_UDIMFaceDiscardRow1_0","Row 1","Fila 1","Zeile 1","行1","1열 ","第1行","Строка 1"
"_UDIMFaceDiscardRow0_0","Row 0","Fila 0","Zeile 0","行0","0열 ","第0行","Строка 0"
"_RgbNormalRBlendSources","Normal Blend","Mezcla de las normales (Canal R)","Normal Mischmodus (R)","ノーマル混合 (R)","RGB 노멀(R) 혼합 소스","","Смешивание Нормали"
"_RgbNormalGBlendSources","Normal Blend","Mezcla de las normales (Canal G)","Normal Mischmodus (G)","ノーマル混合 (G)","RGB 노멀(G) 혼합 소스","","Смешивание Нормали"
"_RgbNormalBBlendSources","Normal Blend","Mezcla de las normales (Canal B)","Normal Mischmodus (B)","ノーマル混合 (B)","RGB 노멀(B) 혼합 소스","","Смешивание Нормали"
"_RgbNormalABlendSources","Normal Blend","Mezcla de las normales (Canal A)","Normal Mischmodus (A)","ノーマル混合 (A)","RGB 노멀(A) 혼합 소스","","Смешивание Нормали"
"_ShadowColorTexAddition","Intensity","Intensidad","Intensität","強度","그림자 색상 텍스처 추가","","Интенсивность"
"_ShadowNormalStrength","Normal Blend","Mezcla de las normales","Normal Mischmodus","ノーマル混合","그림자 노멀 강도","","Смешивание Нормали"
"_Shadow2ndColorTexAddition","Intensity","Intensidad","Intensität","強度","2차 그림자 설정 (색상 추가)","","Интенсивность"
"_Shadow2ndNormalStrength","Normal Blend","Mezcla de las normales","Normal Mischmodus","ノーマル混合","2차 그림자 설정 (노멀 강도)","","Смешивание Нормали"
"_Shadow3rdColorTexAddition","Intensity","Intensidad","Intensität","強度","3차 그림자 설정 (색상 추가)","","Интенсивность"
"_Shadow3rdNormalStrength","Normal Blend","Mezcla de las normales","Normal Mischmodus","ノーマル混合","3차 그림자 설정 (노멀 강도)","","Смешивание Нормали"
"_ShadowBorderMaskLOD","Border Map LOD","Nivel de detalle del mapa de bordes","Detailgrad RandTextur","ボーダーマップLOD","그림자 경계 마스크 LOD","",""
"_AnisoFadeByLightDirection","Fade By Light Dir","Desvanecimiento por dirección de la luz","","光の方向によるフェード","빛의 방향에 따른 페이드(사라짐)","",""
"_AnisoNormalBlend","Normal Blend","Mezcla de las normales","Normal Mischmodus","ノーマル混合","노멀 블렌드","","Смешивание Нормали"
"_DepthFXWarning","Depth FX doesn't write to depth. Which can break certain transparent effects like custom fog and raymarching.","Los efectos de profundidad no escriben en el búfer de profundidad. Esto puede romper ciertos efectos de transparencia como la niebla personalizada y el trazado de rayos (raymarching)","Depth FX schreibt nicht in die Tiefe was bestimmte transparente Effekte wie benutzerdefinierten Nebel und Raymarching beeinträchtigen kann.","Depth FXは深度データに書き込みを行いません。そのため、カスタマイズされた霧やレイマーチングなどの特定の透明効果が正常に動作しなくなる可能性があります。","깊이 효과가 깊이 버퍼에 기록되지 않습니다. (커스텀 안개나 레이마칭 같은 투명 효과가 깨질 수 있음)","",""
"s_start_PPPosterization","Posterization","Posterización","","ポスタリゼーション","포스터화","",""
"_TPS_TwoSidedRings","Two Sided Rings","Anillos de doble cara","","両面リング","양면 링 효과","",""
"_EnableOutlinesRenderFeature","Enable Render Feature","Activar función de renderizado","","レンダリング機能を有効にする","렌더링 기능 활성화","",""
"m_start_Constellation","Constellation","Constelación","","座標","별자리 효과","",""
"_ConstellationEnable","Enable Constellation","Activar constelación","","座標を有効にする","별자리 활성화","",""
"_ConstellationBlendMode","Blend &","Mezcla y ","","混合 &","혼합 &","",""
"_ConstellationUV","UV","UV","","UV","UV","","UV"
"_ConstellationColor","Color","Color","","カラー","색상","","Цвет"
"_ConstellationEmissionStrength","Emission Strength","Intensidad de la emisión","","発光の強さ","발광(이미션) 강도","","Сила Свечения"
"_ConstellationDensity","Density","Densidad","","密度","밀도","","Плотность"
"_ConstellationCenter","Z Center","Centro en el eje Z","","Z軸の中心","Z축 중심","","Z Центр"
"_ConstellationPanSpeed","Pan Speed","Velocidad de barrido","","パンの速度","팬(흐르는) 속도","","Скорость Прокрутки"
"_ConstellationOffset","Offset","Desplazamiento","","オフセット","오프셋 (위치 편차)","","Смещение"
"_ConstellationStarMovement","Star Movement","Movimiento de las estrellas","","星の動き","별 움직임","",""
"_ConstellationLineThickness","Line Thickness","Grosor de la línea","","線の太さ","선 두께","",""
"_ConstellationLineThicknessVariation","Line Thickness Variation","Variación del grosor de la línea","","線の太さの変動","선 두께 변화량","",""
"_ConstellationLineBrightness","Line Brightness","Brillo de la línea","","線の明るさ","선 밝기","",""
"_ConstellationStarSize","Star Size","Tamaño de las estrellas","","星の大きさ","별 크기","",""
"_ConstellationStarBrightness","Star Brightness","Brillo estelar","","星の明るさ","별 밝기","",""
"_ConstellationTwinkleSpeed","Twinkle Speed","Velocidad de parpadeo","","煌めきの速度","반짝임 속도","",""
"_ConstellationDepthFade","Depth Fade","Desvanecimiento por profundidad","","深度フェード","깊이에 따른 페이드","",""
"_ConstellationMask","Mask","Máscara","","マスク","마스크 (영역 지정)","","Маска"
"_ConstellationMaskPan","Panning","Barrido","","パンニング","패닝 (이미지 흐르게 하기)","","Прокрутка"
"_ConstellationMaskInvert","Invert","Invertir","","反転","반전","","Инвертировать"
"_ConstellationMaskUV","UV","UV","","UV","UV","","UV"
"_ConstellationMaskGlobalMask","Use Global Mask","Usar máscara global","","グローバルマスクを利用する","글로벌 마스크 사용","",""
"_ConstellationMaskGlobalMaskBlendType","Blending","Tipo de mezcla","","ブレンディング","블렌딩 (혼합)","","Смешивание"
"_ConstellationApplyGlobalMaskIndex","Write to Global Mask","Escribir en máscara global","","グローバルマスクへ書き込む","글로벌 마스크에 기록","",""
"_ConstellationApplyGlobalMaskBlendType","Blending","Tipo de mezcla","","ブレンディング","블렌딩 (혼합)","","Смешивание"
"m_start_gt7tonemapping","GT7 Tone Mapping","Mapeo de tonos al estilo Gran Turismo 7 (GT7)","","グランツーリスモ7（GT7）風のトーンマッピング","GT7 톤 매핑 (색감 보정)","",""
"_GT7ToneMapping","Enable","Activar","","有効","활성화","","Включить"
"_GT7TM_ColorAccuracy","Color Accuracy","Precisión de color","","色の正確さ","색상 정확도","",""
"_GT7TM_ChromaFadeStart","Chroma Fade Start","Inicio del desvanecimiento cromático","","色の褪せ始め","크로마(채도) 페이드 시작","",""
"_GT7TM_ChromaFadeEnd","Chroma Fade End","Fin del desvanecimiento cromático","","色の褪せ終わり","크로마(채도) 페이드 종료","",""
"_ColorThemeIndex","Color Theme Index","Índice del tema de color","","色テーマのインデックス","컬러 테마 색인","",""
"m_start_Bump2ndMap","Normal Map 2","Segundo mapa de normales","","ノーマルマップ2","노멀 맵 2 (추가 질감)","",""
"_UseBump2ndMap","Enable","Activar","","有効","활성화","","Включить"
"_Bump2ndMap","Normal Map","Mapa de normales","","ノーマルマップ","노멀 맵","","Карта Нормалей"
"_Bump2ndScale","Intensity","Intensidad","","強度","강도(세기)","","Интенсивность"
"_Bump2ndMapPan","Panning","Barrido","","パンニング","흐르기 속도","","Прокрутка"
"_Bump2ndMapUV","UV","UV","","UV","UV","","UV"
"_Bump2ndMapStochastic","Stochastic Sampling","Muestreo estocástico","","確率的サンプリング","스토캐스틱 샘플링 (타일링 현상 방지)","","Стохастическая Выборка"
"_Bump2ndScaleMask","Mask","Máscara","","マスク","마스크","","Маска"
"_Bump2ndScaleMaskPan","Panning","Barrido","","パンニング","흐르기 속도","","Прокрутка"
"_Bump2ndScaleMaskUV","UV","UV","","UV","UV","","UV"
"_Decal0PosHelp","To apply Positioning using Raycast edit this Material directly from your Mesh in the Scene. Click for video tutorial.","Para aplicar el posicionamiento mediante lanzamiento de rayos (Raycast), edita este material directamente desde la malla (Mesh) en la escena. Haz clic para ver el videotutorial.","","レイキャストを使用した配置を適用するには、シーン内のメッシュからこのマテリアルを直接編集してください。動画解説はここをクリックしてください。","레이캐스트를 사용하여 포지셔닝을 적용하려면 이 자료를 장면 내 메쉬에서 직접 편집하세요. 동영상 튜토리얼을 보려면 클릭하세요.","",""
"_Decal1PosHelp","To apply Positioning using Raycast edit this Material directly from your Mesh in the Scene. Click for video tutorial.","Para aplicar el posicionamiento mediante lanzamiento de rayos (Raycast), edita este material directamente desde la malla (Mesh) en la escena. Haz clic para ver el videotutorial.","","レイキャストを使用した配置を適用するには、シーン内のメッシュからこのマテリアルを直接編集してください。動画解説はここをクリックしてください。","레이캐스트를 사용하여 포지셔닝을 적용하려면 이 자료를 장면 내 메쉬에서 직접 편집하세요. 동영상 튜토리얼을 보려면 클릭하세요.","",""
"_Decal2PosHelp","To apply Positioning using Raycast edit this Material directly from your Mesh in the Scene.","Para aplicar el posicionamiento mediante lanzamiento de rayos (Raycast), edita este material directamente desde la malla (Mesh) en la escena. Haz clic para ver el videotutorial.","","レイキャストを使用した配置を適用するには、シーン内のメッシュからこのマテリアルを直接編集してください。動画解説はここをクリックしてください。","레이캐스트를 사용하여 포지셔닝을 적용하려면 장면 내 메쉬에서 이 재료를 직접 편집합니다.","",""
"_Decal3PosHelp","To apply Positioning using Raycast edit this Material directly from your Mesh in the Scene. Click for video tutorial.","Para aplicar el posicionamiento mediante lanzamiento de rayos (Raycast), edita este material directamente desde la malla (Mesh) en la escena. Haz clic para ver el videotutorial.","","レイキャストを使用した配置を適用するには、シーン内のメッシュからこのマテリアルを直接編集してください。動画解説はここをクリックしてください。","레이캐스트를 사용하여 포지셔닝을 적용하려면 이 자료를 장면 내 메쉬에서 직접 편집하세요. 동영상 튜토리얼을 보려면 클릭하세요.","",""
"_MatcapColorThemeIndex","Color Theme Index","Índice del tema de color","","色テーマのインデックス","색상 테마","",""
"_Matcap2ColorThemeIndex","Color Theme Index","Índice del tema de color","","色テーマのインデックス","색상 테마","",""
"_Matcap3ColorThemeIndex","Color Theme Index","Índice del tema de color","","色テーマのインデックス","색상 테마","",""
"_Matcap4ColorThemeIndex","Color Theme Index","Índice del tema de color","","色テーマのインデックス","색상 테마","",""
"_UDIMDiscardHeader","UDIM","Mapeo de texturas multidimensional (UDIM)","","多次元テクスチャマッピング（UDIM）","UDIM ( 텍스쳐 타일 행/열 )","",""
"_UDIMDiscardRow3_1","Row 3 Col 1","Fila 3 Columna 1","","3行目 1列目","행 3 열 1","",""
"_UDIMDiscardRow3_2","Row 3 Col 2","Fila 3 Columna 2","","3行目 2列目","행 3 열 2","",""
"_UDIMDiscardRow3_3","Row 3 Col 3","Fila 3 Columna 3","","3行目 3列目","행 3 열 3","",""
"_UDIMDiscardRow2_1","Row 2 Col 1","Fila 2 Columna 1","","2行目 1列目","행 2 열 1","",""
"_UDIMDiscardRow2_2","Row 2 Col 2","Fila 2 Columna 2","","2行目 2列目","행 2 열 2","",""
"_UDIMDiscardRow2_3","Row 2 Col 3","Fila 2 Columna 3","","2行目 3列目","행 2 열 3","",""
"_UDIMDiscardRow1_1","Row 1 Col 1","Fila 1 Columna 1","","1行目 1列目","행 1 열 1","",""
"_UDIMDiscardRow1_2","Row 1 Col 2","Fila 1 Columna 2","","1行目 2列目","행 1 열 2","",""
"_UDIMDiscardRow1_3","Row 1 Col 3","Fila 1 Columna 3","","1行目 3列目","행 1 열 3","",""
"_UDIMDiscardRow0_1","Row 0 Col 1","Fila 0 Columna 1","","0行目 1列目","행 0 열 1","",""
"_UDIMDiscardRow0_2","Row 0 Col 2","Fila 0 Columna 2","","0行目 2列目","행 0 열 2","",""
"_UDIMDiscardRow0_3","Row 0 Col 3","Fila 0 Columna 3","","0行目 3列目","행 0 열 3","",""
"_FaceDiscardHeader","UDIM","Mapeo de texturas multidimensional (UDIM)","","多次元テクスチャマッピング（UDIM）","UDIM ( 텍스쳐 타일 행/열 )","",""
"_UDIMFaceDiscardRow3_1","Face Row 3 Col 1","Cara Fila 3 Columna 1","","3行目 1列目","페이스 행 3 열 1","",""
"_UDIMFaceDiscardRow3_2","Face Row 3 Col 2","Cara Fila 3 Columna 2","","3行目 2列目","페이스 행 3 열 2","",""
"_UDIMFaceDiscardRow3_3","Face Row 3 Col 3","Cara Fila 3 Columna 3","","3行目 3列目","페이스 행 3 열 3","",""
"_UDIMFaceDiscardRow2_1","Face Row 2 Col 1","Cara Fila 2 Columna 1","","2行目 1列目","페이스 행 2 열 1","",""
"_UDIMFaceDiscardRow2_2","Face Row 2 Col 2","Cara Fila 2 Columna 2","","2行目 2列目","페이스 행 2 열 2","",""
"_UDIMFaceDiscardRow2_3","Face Row 2 Col 3","Cara Fila 2 Columna 3","","2行目 3列目","페이스 행 2 열 3","",""
"_UDIMFaceDiscardRow1_1","Face Row 1 Col 1","Cara Fila 1 Columna 1","","1行目 1列目","페이스 행 1 열 1","",""
"_UDIMFaceDiscardRow1_2","Face Row 1 Col 2","Cara Fila 1 Columna 2","","1行目 2列目","페이스 행 1 열 2","",""
"_UDIMFaceDiscardRow1_3","Face Row 1 Col 3","Cara Fila 1 Columna 3","","1行目 3列目","페이스 행 1 열 3","",""
"_UDIMFaceDiscardRow0_1","Face Row 0 Col 1","Cara Fila 0 Columna 1","","0行目 1列目","페이스 행 0 열 1","",""
"_UDIMFaceDiscardRow0_2","Face Row 0 Col 2","Cara Fila 0 Columna 2","","0行目 2列目","페이스 행 0 열 2","",""
"_UDIMFaceDiscardRow0_3","Face Row 0 Col 3","Cara Fila 0 Columna 3","","0行目 3列目","페이스 행 0 열 3","",""
"_EmissionColorThemeIndex","Color Theme Index","Índice del tema de color","","色テーマのインデックス","색상 테마 ","",""
"_EmissionColor1ThemeIndex","Color Theme Index","Índice del tema de color","","色テーマのインデックス","색상 테마","",""
"_EmissionColor2ThemeIndex","Color Theme Index","Índice del tema de color","","色テーマのインデックス","색상 테마","",""
"_EmissionColor3ThemeIndex","Color Theme Index","Índice del tema de color","","色テーマのインデックス","색상 테마","",""
"_GlitterTexturePixelMode","Pixel Mode","Modo de píxeles","","ピクセル モード","픽셀 모드","",""
"_GlitterFullCoverage","Full Coverage","Cobertura total","","全範囲","전체 덮기","",""
"_GlitterDistanceLOD","Distance LOD","Nivel de detalle por distancia","","距離LOD","거리에 따른 상세도(LOD) 설정","",""
"s_start_GlitterLinearSparkleControl","Linear Emission Control","Control de emisión lineal","","線形発光制御","선형 발광 제어","",""
"_GlitterLinearMinBrightness","Min Brightness","Brillo mínimo","","最低明度","최소 밝기","",""
"_GlitterLinearBrightness","Max Brightness","Brillo máximo","","最大明度","최대 밝기","",""
"_GlitterLinearSpeed","Speed","Velocidad","","速度","속도","","Скорость"
"_GlitterLinearSensitivity","Sensitivity","Sensibilidad","","感度","민감도","",""
"_GlitterLinearContrast","Contrast","Contraste","","コントラスト","대비","",""
"_GlitterLinearPostContrast","Post Contrast","Poscontraste","","最終的な鮮明度補正","최종 선명도 보정","",""
"_GlitterLinearAngle","Angle Limit","Límite del ángulo","","角度制限","각도 제한","",""
"_GlitterLinearLightDirection","Light Direction","Dirección de la luz","","光源の方向","빛 방향","",""
"_GlitterLinearVRParallax","VR Parallax","Paralaje para realidad virtual","","VR視差","VR 입체감 효과","",""
"_GlitterLinearDistanceLOD","Distance LOD","Nivel de detalle por distancia","","距離LOD","거리 LOD","",""
"s_start_GlitterSpriteSheet","Sprite Sheet","Hoja de texturas (SpriteSheet)","","テクスチャシート（スプライトシート）","이미지 애니메이션","",""
"_GlitterSpriteSheetEnabled","Enable Sprite Sheet","Activar hoja de texturas (SpriteSheet)","","テクスチャシート（スプライトシート）の有効化","활성화 이미지 애니메이션","",""
"_GlitterSpriteSheetColumns","Columns","Columnas","","列","가로 칸수","",""
"_GlitterSpriteSheetRows","Rows","Filas","","行","세로 칸수","",""
"_GlitterSpriteSheetFrameSelection","Frame Selection","Selección del cuadro","","フレームの選択","프레임 선택","",""
"_GlitterSpriteSheetFPS","FPS","Cuadros por segundo (FPS)","","1秒あたりのフレーム数（FPS）","초당 프레임 수","",""
"_GlitterSpriteSheetRandomStart","Random Start Frame","Cuadro inicial aleatorio","","ランダムな初期フレーム","무작위 시작 프레임","",""
"_GlitterSpriteSheetTotalFrames","Total Frames (0 = auto)","Cuadros totales (0 = Auto)","","合計フレーム（0 = 自動）","총 프레임 수(0 = auto)","",""
"_GlitterHueShiftRandomOffset","Random Offset","Desplazamiento aleatorio","","ランダムなオフセット","랜덤 오프셋(위치)","",""
"s_start_VideoSettings","Video Texture Settings","Configuración de la textura del video","","ビデオテクスチャの設定","비디오 텍스처 설정","",""
"s_start_CRT","CRT Options","Opciones de tubo de rayos catódicos (CRT)","","ブラウン管（CRT）の オプション","CRT 효과 옵션","",""
"s_start_Gameboy","Gameboy Options","Opciones de Gameboy","","ゲームボーイのオプション","게임보이 스타일 옵션","",""
"m_lilFurCategory","lil Fur","Pelaje al estilo LilToon","","LilToon ファー","릴툰 퍼(털)","",""
"_FurRenderingMode","Fur Mode","Modo del pelaje","","ファーモード","털 모드","",""
"s_start_FurVector","Fur","Pelaje","","ファー","털","",""
"_FurVectorTex","Normal Map","Mapa de las normales","","ノーマルマップ","노멀 맵","","Карта Нормалей"
"_FurVectorScale","Vector scale","Escala del vector","","ベクトルの大きさ","방향 스케일","",""
"_FurLengthMask","Length Mask","Máscara de longitud","","長さマスク","길이 마스크","",""
"_FurVector","Vector|Length","Vector | Longitud","","ベクトル|長さ","방향|길이","",""
"_VertexColor2FurVector","VertexColor -> Vector","Color de vértice a vector","","頂点カラー > ベクトル","정점 색상으로 털 방향 전환","",""
"_FurGravity","Gravity","Gravedad","","重力","중력","",""
"_FurRandomize","Randomize","Aleatorizar","","ランダム化","방향 무작위화","",""
"s_start_FurAppearance","Appearance","Apariencia","","外観","형태","",""
"_FurNoiseMask","Noise","Ruido","","ノイズ","노이즈","",""
"s_start_FurLayers","Layers","Capas","","レイヤー","레이어","",""
"_FurLayerNum","Layer Counts","Número de capas","","レイヤー数","레이어 수(털 풍성하게?)","",""
"_FurRootOffset","Root Width","Grosor de la raíz","","根本の太さ","털 시작의 굵기","",""
"_FurTouchStrength","Touch strength","Intensidad de contacto","","タッチの強度","터치 강도","",""
"s_start_FurRimLight","Rim Light","Luz de contorno","","リムライト","림(테두리) 라이트","",""
"_FurRimColor","Color","Color","","カラー","색상","","Цвет"
"_FurRimFresnelPower","Fresnel Power","Potencia de Fresnel","","フレネルパワー","프레넬 강도(테두리 빛 안쪽 조절)","",""
"_FurRimAntiLight","Anti Light","Antiluz","","逆光補正","역광 억제","",""
"s_start_LilFurRendering","Rendering","Renderizado","","レンダリング","렌더링","",""
"_FurCull","Cull","Descarte de capas (Cull)","","Cull (描画面)","컬링","",""
"_FurSrcBlend","SrcBlend RGB","Mezcla de origen (Canales RGB)","","入力の混合（RGBチャンネル）","","",""
"_FurDstBlend","DstBlend RGB","Mezcla de destino (Canales RGB)","","出力の混合（RGBチャンネル）","","",""
"_FurSrcBlendAlpha","SrcBlend Alpha","Mezcla de origen (Canal Alfa)","","入力の混合 (アルファ)","","",""
"_FurDstBlendAlpha","DstBlend Alpha","Mezcla de destino (Canal Alfa)","","出力の混合 (アルファ)","","",""
"_FurBlendOp","BlendOp RGB","Operación de mezcla (Canales RGB)","","ブレンド Op RGB","","",""
"_FurBlendOpAlpha","BlendOp Alpha","Operación de mezcla (Canal Alfa)","","ブレンド Op アルファ","","",""
"_FurSrcBlendFA","SrcBlend RGB","Mezcla de origen (Canales RGB)","","入力の混合（RGBチャンネル）","","",""
"_FurDstBlendFA","DstBlend RGB","Mezcla de destino (Canales RGB)","","出力の混合（RGBチャンネル）","","",""
"_FurSrcBlendAlphaFA","SrcBlend Alpha","Mezcla de origen (Canal Alfa)","","入力の混合 (アルファ)","","",""
"_FurDstBlendAlphaFA","DstBlend Alpha","Mezcla de destino (Canal Alfa)","","出力の混合 (アルファ)","","",""
"_FurBlendOpFA","BlendOp RGB","Operación de mezcla (Canales RGB)","","ブレンド Op RGB","","",""
"_FurBlendOpAlphaFA","BlendOp Alpha","Operación de mezcla (Canal Alfa)","","ブレンド Op アルファ","","",""
"_FurZClip","ZClip","Recorte en profundidad Z","","ZClip","","",""
"_FurZWrite","ZWrite","Escritura de profundidad (ZWrite)","","ZWrite","","",""
"_FurZTest","ZTest","Prueba de profundidad (ZTest)","","ZTest","","",""
"_FurOffsetFactor","Offset Factor","Factor de desplazamiento","","","","",""
"_FurOffsetUnits","Offset Units","Unidades de desplazamiento","","","","",""
"_FurColorMask","Color Mask","Máscara del color","","","","",""
"_FurAlphaToMask","Alpha To Mask","Transparencia por máscara","","","","",""
"s_start_LilFurStencil","Stencil","Esténcil","","","","",""
"_FurStencilType","Stencil Type","Tipo de esténcil","","","","",""
"_FurStencilRef","Stencil Reference Value","Valor de referencia del esténcil","","","","",""
"_FurStencilReadMask","Stencil ReadMask Value","Valor de la máscara de lectura del esténcil","","","","",""
"_FurStencilWriteMask","Stencil WriteMask Value","Valor de la máscara de escritura del esténcil","","","","",""
"_FurStencilPass","Stencil Pass Op","Operación del esténcil al cumplirse","","","","",""
"_FurStencilFail","Stencil Fail Op","Operación del esténcil al fallar","","","","",""
"_FurStencilZFail","Stencil ZFail Op","Operación del esténcil al fallar la profundidad (ZFail)","","","","",""
"_FurStencilComp","Stencil Compare Function","Función de comparación del esténcil","","","","",""
"s_start_LilFurStencilBack","Back","Cara trasera","","","","",""
"_FurFFBFStencilHelp0","Front Face and Back Face Stencils only work when locked in due to Unity's Stencil managment","Los esténciles de cara frontal y trasera solo funcionan cuando están bloqueados debido a la gestión de esténciles de Unity","","","","",""
"_FurStencilBackPass","Back Pass Op","Operación del esténcil trasero al cumplirse","","","","",""
"_FurStencilBackFail","Back Fail Op","Operación del esténcil trasero al fallar","","","","",""
"_FurStencilBackZFail","Back ZFail Op","Operación del esténcil trasero al fallar la profundidad (ZFail)","","","","",""
"_FurStencilBackComp","Back Compare Function","Función de comparación del esténcil trasero","","","","",""
"s_start_LilFurStencilFront","Front","Cara frontal","","","","",""
"_FurFFBFStencilHelp1","Front Face and Back Face Stencils only work when locked in due to Unity's Stencil managment","Los esténciles de cara frontal y trasera solo funcionan cuando están bloqueados debido a la gestión de esténciles de Unity","","","","",""
"_FurStencilFrontPass","Front Pass Op","Operación del esténcil frontal al cumplirse","","","","",""
"_FurStencilFrontFail","Front Fail Op","Operación del esténcil frontal al fallar","","","","",""
"_FurStencilFrontZFail","Front ZFail Op","Operación del esténcil frontal al fallar la profundidad (ZFail)","","","","",""
"_FurStencilFrontComp","Front Compare Function","Función de comparación del esténcil frontal","","","","",""
"_ConstellationLayerFade","Layer Fade","Desvanecimiento de capa","","","","",""
"s_start_ConstellationRandomColors","Random Colors","Colores aleatorios","","","","",""
"_ConstellationRandomColors","Enable","Activar","","","","","Включить"
"_ConstellationSaturationRange","Saturation Range","Rango de saturación","","","","",""
"_ConstellationValueRange","Value Range","Rango de valor","","","","",""
"s_start_ConstellationAudioLink","Audio Link ♫","AudioLink ♫","","","","","AudioLink ♫"
"_ConstellationAudioLinkEnabled","Enable","Activar","","","","","Включить"
"_ConstellationALEmissionBand","Emission Band","Banda de emisión","","","","",""
"_ConstellationALEmissionMod","Emission Mod","Modificador de emisión","","","","",""
"_ConstellationALBrightnessBand","Star Brightness Band","Banda del brillo estelar","","","","",""
"_ConstellationALBrightnessMod","Star Brightness Mod","Modificador del brillo estelar","","","","",""
"_ConstellationALSizeBand","Star Size Band","Banda del tamaño de las estrellas","","","","",""
"_ConstellationALSizeMod","Star Size Mod","Modificador del tamaño de las estrellas","","","","",""
"_ConstellationALLineThicknessBand","Line Thickness Band","Banda del grosor de la línea","","","","",""
"_ConstellationALLineThicknessMod","Line Thickness Mod","Modificador del grosor de la línea","","","","",""
"_ConstellationALLineBrightnessBand","Line Brightness Band","Banda del brillo de la línea","","","","",""
"_ConstellationALLineBrightnessMod","Line Brightness Mod","Modificador del brillo de la línea","","","","",""
"_ConstellationALTwinkleType","Twinkle Motion Type","Tipo de animación de parpadeo","","","","",""
"_ConstellationALTwinkleBand","Twinkle Band","Banda del parpadeo","","","","",""
"_ConstellationALTwinkleSpeed","Twinkle Speed","Velocidad del parpadeo","","","","",""
"_ConstellationALMovementType","Movement Motion Type","Tipo de animación de movimiento","","","","",""
"_ConstellationALMovementBand","Movement Band","Banda del movimiento","","","","",""
"_ConstellationALMovementSpeed","Movement Speed","Velocidad del movimiento","","","","",""
"_ConstellationALHueShiftType","Hue Shift Motion Type","Tipo de animación de cambio de tono","","","","",""
"_ConstellationALHueShiftBand","Hue Shift Band","Banda del cambio de tono","","","","",""
"_ConstellationALHueShiftSpeed","Hue Shift Speed","Velocidad del cambio de tono","","","","","Скорость Сдвига Тона"
"_ConstellationALThemeColor","Theme Color","Color del tema","","","","",""
"_FurCutoutLength","Cutout Length","Longitud del recorte","","","","",""
"_Decal0AspectRatioMode","Aspect Ratio","Relación de aspecto","","","","","Соотношение Сторон"
"_Decal1AspectRatioMode","Aspect Ratio","Relación de aspecto","","","","","Соотношение Сторон"
"_Decal2AspectRatioMode","Aspect Ratio","Relación de aspecto","","","","","Соотношение Сторон"
"_Decal3AspectRatioMode","Aspect Ratio","Relación de aspecto","","","","","Соотношение Сторон"
"Shrink to Fit","Shrink to Fit","Reducir para ajustar","","","","",""
"Grow to Fit","Grow to Fit","Expandir para ajustar","","","","",""
"_FlipbookPosHelp","To apply Positioning using Raycast edit this Material directly from your Mesh in the Scene. Click for video tutorial.","Para aplicar el posicionamiento mediante lanzamiento de rayos (Raycast), edita este material directamente desde la malla (Mesh) en la escena. Haz clic para ver el videotutorial.","","","","",""
"_FlipbookPosition","Position","Posición","","","","","Позиция"
"_FlipbookScale","Scale","Escala","","","","","Масштаб"
"_FlipbookSideOffset","Side Offset","Desplazamiento lateral","","","","","Боковое Cмещение"
"_FlipbookAspectRatioMode","Aspect Ratio","Relación de aspecto","","","","","Соотношение Сторон"
"_FlipbookMirroredUVMode","Mirrored UV Mode","Modo de UV espejo","","","","",""
"_FlipbookSymmetryMode","Symmetry Mode","Modo simétrico","","","","",""
"m_start_Alpha","Alpha Options","Opciones alfa","","","","",""
"m_start_RGBMask","RGBA Color Masking","Enmascaramiento de color RGBA","","","","",""
"_DecalMaskPan","Panning","Barrido","","","","","Прокрутка"
"_DecalMaskUV","UV","UV","","","","","UV"
"_DepthRimDepthThreshold","Depth Threshold","Umbral de profundidad","","","","",""
"_DepthRimBinary","Binary","Binaria","","","","",""
"_DepthRimCameraClip","Fixed Size Threshold","Umbral de tamaño fijo","","","","",""
"_DepthRimMinDistance","Min Distance","Distancia mínima","","","","","Мин. Расстояние"
"_DepthRimMaxDistance","Max Distance","Distancia máxima","","","","","Макс. Расстояние"
"s_start_FixedRimMasking","Masking","Enmascaramiento","","","","","Маскирование"
"_DepthRimMask","Mask","Máscara","","","","","Маска"
"_DepthRimMaskUV","UV","UV","","","","","UV"
"_DepthRimMaskPan","Panning","Barrido","","","","","Прокрутка"
"_DepthRimMaskChannel","Channel","Canal","","","","","Канал"
"_DepthRimScreen","Screen","Pantalla","","","","","Экран"
"_DissolveSoftness","Softness","Suavidad","","","","","Мягкость"
"_DissolveDebugGradient","Debug Gradient","Gradiente de depuración","","","","",""
"s_start_BasicDissolve","Gradient","Gradiente","","","","","Градиент"
"s_start_pointToPoint","Point to Point","Punto a punto","","","","",""
"_DissolveP2PUV","UV","UV","","","","","UV"
"s_start_SphericalDissolve","Spherical","Esférico","","","","",""
"s_start_CenterOutDissolve","Center Out","Centrada","","","","",""
"_DissolveAlphaOnly","Alpha Only","Solo alfa","","","","",""
"_DissolveAlphaOnlyRamp","Alpha Ramp","Rampa alfa","","","","",""
"s_start_DetailNoise","Gradient Noise","Ruido de degradado","","","","",""
"_DissolveDetailNoiseEnabled","Enabled","Activado","","","","","Включено"
"_DissolveDetailNoiseMode","Mode","Modo","","","","","Режим"
"_DissolveDotNoiseScale","Scale","Escala","","","","","Масштаб"
"_DissolveDotNoiseOffset","Offset","Desplazamiento","","","","","Смещение"
"_DissolveDotNoiseSpeed","Speed","Velocidad","","","","","Скорость"
"_DissolveInvertDotNoise","Invert","Invertir","","","","","Инвертировать"
"_DissolveDetailEdgeMask","Edge Only","Solo bordes","","","","",""
"s_start_EdgeLine","Edge Line","Líneas de borde","","","","",""
"_DissolveEdgeEnabled","Enabled","Activado","","","","","Включено"
"_DissolveEdgeColor2","Color 2","Color 2","","","","",""
"_DissolveEdgeColor3","Color 3","Color 3","","","","",""
"_DissolveEdgeBorder1","Border 1","Borde 1","","","","",""
"_DissolveEdgeBorder2","Border 2","Borde 2","","","","",""
"_DissolveEdgeBlur1","Blur 1","Desenfoque 1","","","","",""
"_DissolveEdgeBlur2","Blur 2","Desenfoque 2","","","","",""
"_DissolveEdgeFlip","Flip Side","Invertir cara","","","","",""
"s_start_WaveMode","Wave Mode","Modo de onda","","","","",""
"_DissolveWaveMode","Enabled","Activado","","","","","Включено"
"_DissolveWaveWidth","Wave Width","Anchura de la onda","","","","",""
"_DissolveWaveBounds","Wave Bounds","Límites de la onda","","","","",""
"s_start_ContinuousAnimation","Continuous Dissolve","Disolución continua","","","","",""
"_ContinuousDissolveEnabled","Enabled","Activada","","","","","Включено"
"_ContinuousDissolveWave","Wave Shape","Forma de la onda","","","","",""
"_ContinuousDissolveSpeed","Speed","Velocidad","","","","","Скорость"
"_ContinuousDissolveRange","Range","Rango","","","","","Диапазон"
"_ContinuousDissolvePhase","Phase","Fase","","","","",""
"_ContinuousDissolveBlend","Blend","Mezcla","","","","",""
"s_start_VertexHeight","Vertex Height","Altura de los vértices","","","","",""
"_DissolveVertexHeightEnabled","Enabled","Activada","","","","","Включено"
"_DissolveVertexHeight","Height","Altura","","","","",""
"_DissolveVertexHeightOffset","Offset","Desplazamiento","","","","","Смещение"
"_DissolveVertexHeightEasing","Easing","Suavizado","","","","",""
"_DissolveVertexHeightDetailStrength","Detail Strength","Intensidad del detalle","","","","",""
"_DissolveVertexHeightDirection","Direction","Dirección","","","","","Направление"
"_DissolveVertexHeightDirectionSpace","Direction Space","Espacio de dirección","","","","",""
"_DissolveVertexHeightDirectionBlend","Direction Blend","Mezcla de dirección","","","","",""
"_DissolveVertexHeightDotMask","Dot Mask","Máscara de producto escalar","","","","",""
"_DissolveVertexHeightContinue","Continue Past Peak","Continuar tras el pico","","","","",""
"_AudioLinkDissolveEdgeWidthBand","Edge Width Band","Banda de ancho del borde","","","","",""
"_AudioLinkDissolveEdgeWidth","Edge Width Mod","Modificador de ancho del borde","","","","",""
"_AudioLinkDissolveEdgeEmissionBand","Edge Emission Band","Banda de emisión del borde","","","","",""
"_AudioLinkDissolveEdgeEmission","Edge Emission Mod","Modificador de emisión del borde","","","","",""
"_AudioLinkDissolveAlphaMotionType","Alpha Chrono Motion Type","Tipo de movimiento por cronotensidad alfa","","","","",""
"_AudioLinkDissolveAlphaChronoBand","Alpha Chrono Band","Banda de cronotensidad alfa","","","","",""
"_AudioLinkDissolveAlphaChronoSpeed","Alpha Chrono Speed","Velocidad de cronotensidad alfa","","","","",""
"_AudioLinkDissolveHueShiftMotionType","Hue Shift Chrono Motion Type","Tipo de movimiento por cronotensidad de cambio de tono","","","","",""
"_AudioLinkDissolveHueShiftChronoBand","Hue Shift Chrono Band","Banda de cronotensidad de cambio de tono","","","","",""
"_AudioLinkDissolveHueShiftChronoSpeed","Hue Shift Chrono Speed","Velocidad de cronotensidad de cambio de tono","","","","",""
"s_start_UVTileDissolve","UV Tile Dissolve","Disolución de teselas UV","","","","",""
"_DistortionMode","Distortion Mode","Modo de disolución","","","","",""
"_DistortionTiling","Tiling","Mosaico","","","","",""
"_DistortionPanSpeed","Pan Speed","Velocidad de barrido","","","","","Скорость Прокрутки"
"s_start_DistortionTexture","Texture Mode","Modo de textura","","","","",""
"s_start_DistortionGerstner","Gerstner Waves","Ondas Gerstner","","","","",""
"_DistortionGerstnerSpeed","Wave Speed","Velocidad de la onda","","","","","Скорость Волны"
"_DistortionGerstnerScale","Wave Density","Densidad de la onda","","","","",""
"_DistortionGerstnerStrength","Flow Strength","Intensidad de flujo","","","","",""
"_DistortionGerstnerSteepness","Wave Steepness","Pendiente de la onda","","","","",""
"ss_start_DistortionGerstnerWave1","Wave 1","Onda 1","","","","","Волна 1"
"_DistortionGerstnerWave1","Wave 1","Onda 1","","","","","Волна 1"
"ss_start_DistortionGerstnerWave2","Wave 2","Onda 2","","","","","Волна 2"
"_DistortionGerstnerWave2","Wave 2","Onda 2","","","","","Волна 2"
"ss_start_DistortionGerstnerWave3","Wave 3","Onda 3","","","","","Волна 3"
"_DistortionGerstnerWave3","Wave 3","Onda 3","","","","","Волна 3"
"ss_start_DistortionGerstnerWave4","Wave 4","Onda 4","","","","","Волна 4"
"_DistortionGerstnerWave4","Wave 4","Onda 4","","","","","Волна 4"
"s_start_DistortionSimplex","Simplex Noise","Ruido Simplex","","","","",""
"_DistortionSimplexScale","Scale","Escala","","","","","Масштаб"
"_DistortionSimplexStrength","Strength","Intensidad","","","","","Сила"
"_DistortionSimplexSpeed","Speed","Velocidad","","","","","Скорость"
"s_start_DistortionVoronoi","Voronoi","Voronoi","","","","","Вороной"
"_DistortionVoronoiScale","Scale","Escala","","","","","Масштаб"
"_DistortionVoronoiStrength","Strength","Intensidad","","","","","Сила"
"_DistortionVoronoiSpeed","Speed","Velocidad","","","","","Скорость"
"_DistortionVoronoiEdgeBlend","Edge Blend","Mezcla de borde","","","","",""
"s_start_DistortionCurl","Curl Noise","Ruido rotacional","","","","",""
"_DistortionCurlScale","Scale","Escala","","","","","Масштаб"
"_DistortionCurlStrength","Strength","Intensidad","","","","","Сила"
"_DistortionCurlSpeed","Speed","Velocidad","","","","","Скорость"
"s_start_DistortionFBM","Fractal Brownian Motion","Movimiento browniano fractal","","","","",""
"_DistortionFBMScale","Scale","Escala","","","","","Масштаб"
"_DistortionFBMStrength","Strength","Intensidad","","","","","Сила"
"_DistortionFBMSpeed","Speed","Velocidad","","","","","Скорость"
"_DistortionFBMOctaves","Octaves","Octavas","","","","","Октавы"
"_DistortionFBMLacunarity","Lacunarity","Lacunaridad","","","","","Лакунарность"
"_DistortionFBMGain","Gain","Ganancia","","","","","Усиление"
"_PolarMode","Mode","Modo","","","","","Режим"
"_RefractionChromaticAberration","Chromatic Aberration","Aberración cromática","","","","","Хроматическая Аберрация"
"_RefractionCABlurHelp","Chromatic Aberration and Blur cannot be used at the same time","La aberración cromática y el desenfoque no pueden ser usados a la vez","","","","",""
"_GrabBlurFalloff","Distance Scaling","Escalado por distancia","","","","",""
"_SSAONormalBias","Normal Rejection","Rechazo de normales","","","","",""
"_SSAOCameraClip","Camera Clip","Recorte de cámara","","","","",""
"_RimBlur","Blur","Desenfoque","","","","","Размытие"
"_RimLinear","Linear","Lineal","","","","","Линейный"
"_Rim2Linear","Linear","Lineal","","","","","Линейный"
"_CenterOutDissolveLinear","Linear","Lineal","","","","","Линейный"
"_EmissionCenterOutLinear","Linear","Lineal","","","","","Линейный"
"_AlphaMaskR","R Channel","Canal R","","","","","Канал R"
"_AlphaMaskG","G Channel","Canal G","","","","","Канал G"
"_AlphaMaskB","B Channel","Canal B","","","","","Канал B"
"_AlphaMaskA","A Channel","Canal A","","","","","Канал A"
"_AlphaMaskChannelBlendMode","Channel Blend","Mezcla de canal","","","","",""
"_AlphaMaskMinMax","Min Max","Mín Máx","","","","","Мин. Макс."
"_AlphaMaskGamma","Gamma","Gamma","","","","","Гамма"
"_LightingLightVolumesNormalBias","Normal Bias Sampling","Muestreo con sesgo normal","Normalen-Bias Sampling","ノーマルバイアス サンプリング","노멀 바이어스 샘플링","法线偏移采样","Сэмплирование Смещения Нормали"
"_EmissionCenterOutLinear1","Linear","Lineal","","","","","Линейный"
"_EmissionCenterOutLinear2","Linear","Lineal","","","","","Линейный"
"_EmissionCenterOutLinear3","Linear","Lineal","","","","","Линейный"
"m_start_Squish","Squish","Estrujado","","","","","Squish"
"_EnableSquish","Squish","Estrujado","","","","","Squish"
"_SquishWarning","Squish requires an Orifice to act as a plane collider","El estrujado requiere de un orificio que actúe como plano de colisión","","","","",""
"_SquishEnabled","Animation Toggle","Alternar animación","","","","",""
"_SquishPlaneSize","Collider Size","Tamaño del colisionador","","","","",""
"_SquishStrength","Squish Strength","Intensidad del estrujado","","","","",""
"_SquishSpread","Squish Spread","Expansión del estrujado","","","","",""
"_SquishMax","Max Squish","Máximo estrujado","","","","",""
"_SquishFalloff","Squish Falloff","Atenuación del estrujado","","","","",""
"_SquishClipOffset","Z-Clipping Fix","Arreglo del recorte en profundidad","","","","",""
"_SquishGradient","Color Gradient","Gradiente del color","","","","",""
"_SquishGradientMin","Gradient Min","Gradiente mínimo","","","","",""
"_SquishGradientMax","Gradient Max","Gradiente máximo","","","","",""
"_SquishGradientIntensity","Gradient Intensity","Intensidad del gradiente","","","","",""
"s_start_SquishMasking","Masking","Enmascaramiento","","","","","Маскирование"
"_SquishMask","Squish Mask","Máscara del estrujado","","","","",""
"_SquishMaskUV","UV","UV","","","","","UV"
"_SquishMaskChannel","Channel","Canal","","","","","Канал"
"_SquishnMaskInvert","Invert","Invertir","","","","","Инвертировать"
"_SquishApplyGlobalMaskIndex","Write to Global Mask","Escribir en la máscara global","","","","",""
"_SquishApplyGlobalMaskBlendType","Blending","Mezcla","","","","","Смешивание"
"s_start_SquishBlending","Blending","Mezcla","","","","","Смешивание"
"_SquishReplace","Replace","Reemplazar","","","","","Замена"
"_SquishMultiply","Multiply","Multiplicar","","","","","Умножение"
"_SquishAddToLight","Unlit Add","Agregar a la luz","","","","",""
"_GrabBlurPattern","Pattern","Patrón","","","","","Паттерн"
"_GrabBlurUseDepth","Use Depth","Usar profundidad","","","","","Использовать Глубину"
"_GrabBlurDepthWarning","Put the DepthGet.prefab on your avatar so depth works in all worlds.","Debe colocar el objeto preconfigurado DepthGet.prefab en tu avatar para que la profundidad funcione en los mundos.","","","","",""
"_GrabBlurDepthRamp","Depth Ramp","Rampa de profundidad","","","","",""
"_BackfaceReminder","This feature requires Cull in Rendering to be set to Off in order for this to work!","¡Esta característica requiere que el descarte de caras (Cull) en las opciones de renderizado esté desactivado para que funcione! ","","","","",""
"_GlobalThemeSaturationMethod0","Saturation Style","Estilo de saturación","","","","","Стиль Насыщенности"
"_GlobalThemeSaturationMethod1","Saturation Style","Estilo de saturación","","","","","Стиль Насыщенности"
"_GlobalThemeSaturationMethod2","Saturation Style","Estilo de saturación","","","","","Стиль Насыщенности"
"_GlobalThemeSaturationMethod3","Saturation Style","Estilo de saturación","","","","","Стиль Насыщенности"
"m_TriplanarProjectionCategory","Triplanar Projection","Proyección triplanar","","","","",""
"_TriplanarPerfWarning","Triplanar Projection is expensive. It samples textures three times and can be especially heavy with normals, masks, lighting, or extra features enabled.","","","","","",""
"_TriplanarDepthWarning","Depth Projection requires the depth buffer. Put the DepthGet.prefab on your avatar so it'll work in every world.","","","","","",""
"_TriplanarDepthGet","Add DepthGet Prefab to Scene","","","","","",""
"_TriplanarBlendType","Blend Method","Método de mezcla","","","","",""
"_TriplanarBlendSharpeness","Blend Sharpness","Nitidez de la mezcla","","","","",""
"_TriplanarTexture","Triplanar Texture","Textura triplanar","","","","",""
"_TriplanarTexturePan","Panning","Barrido","","","","","Прокрутка"
"_TriplanarTextureUV","UV","UV","","","","","UV"
"_TriplanarNormal","Triplanar Normal","Normal triplanar","","","","",""
"_TriplanarNormalScale","Intensity","Intensidad","","","","","Интенсивность"
"_TriplanarNormalPan","Panning","Barrido","","","","","Прокрутка"
"_TriplanarNormalStochastic","Stochastic Sampling","Muestreo estocástico","","","","","Стохастическая Выборка"
"_TriplanarMask","Triplanar Mask","Máscara triplanar","","","","",""
"_TriplanarMaskPan","Panning","Barrido","","","","","Прокрутка"
"_TriplanarMaskUV","UV","UV","","","","","UV"
"_TriplanarMaskInvert","Invert","Invertir","","","","","Инвертировать"
"_TriplanarMaxSize","Max Size","Tamaño máximo","","","","",""
"_TriplanarEdgeWidth","Edge Width","Anchura del borde","","","","",""
"_TriplanarEdgeFade","Edge Fade","Suavidad del borde","","","","",""
"_TriplanarCameraFade","Camera Fade","","","","","",""
"_Bump2ndScaleMaskGlobalMask","Global Mask","Máscara global","","","","","Глобальная Маска"
"_Bump2ndScaleMaskGlobalMaskBlendType","Blending","Mezcla","","","","","Смешивание"
"_BakeColorAdjustButton","Bake Color Adjust","Ajuste de color precalculado","","","","",""
"s_start_MainTint","Tint","Tinte","","","","","Оттенок"
"_MainTintTexture","Tint Texture","Textura del tinte","","","","",""
"_MainTintTexturePan","Panning","Barrido","","","","","Прокрутка"
"_MainTintTextureUV","UV","UV","","","","","UV"
"m_start_BentNormal","Bent Normal Map","Mapa de normales curvadas (Bent Normal Map)","","","","",""
"_EnableBentNormal","Enable","Activar","","","","","Включить"
"_BentNormalMap","Bent Normal Map","Mapa de normales curvadas (Bent Normal Map)","","","","",""
"_BentNormalMapPan","Panning","Barrido","","","","","Прокрутка"
"_BentNormalMapUV","UV","UV","","","","","UV"
"_BentNormalMapStochastic","Stochastic Sampling","Muestreo estocástico","","","","","Стохастическая Выборка"
"_BentNormalSpecOccStrength","Specular Occlusion Strength","Intensidad de la oclusión especular","","","","",""
"_BentNormalIndirectDiffuse","Use for Indirect Diffuse","Usar para difuminado indirecto","","","","",""
"_DepthRimDepthGetWarning","Depth Rim Lighting Requires depth. Put the DepthGet.prefab on your avatar so it'll work in every world.","La iluminación del contorno por profundidad requiere de datos de profundidad. Debe colocar el objeto preconfigurado DepthGet.prefab en tu avatar para que funcione en cada mundo.","","","","",""
"_DepthRimSpawnDepthGet","Add DepthGet Prefab to Scene","Añade el objeto preconfigurado DepthGet a la escena","","","","",""
"s_start_FixedRimLightDir","Light Direction","Dirección de la luz","","","","","Направление Света"
"_DepthRimLightDirMethod","Method","Método","","","","","Метод"
"_DepthRimShadowMask","Mix Attenuation","Atenuación de la mezcla","","","","",""
"_DepthRimMixRampedLightMap","Mix Ramped Light Map","Mapa de luces por gradiente de la mezcla","","","","",""
"_SSSLightColorMix","Light Color Mix","Mezcla del color de la luz","","","","",""
"_SSSShadowStrength","Shadow Strength","Intensidad de las sombras","","","","",""
"s_start_SSSGlobalMasks","Global Masks","Máscaras globales","","","","","Глобальные Маски"
"_SSSGlobalMaskIndex","Apply From Global Mask","Aplicar desde la máscara global","","","","","Применить из Глобальной Маски"
"_SSSGlobalMaskBlendType","Blending","Mezcla","","","","","Смешивание"
"ss_start_StylizedReflectionLilSpecular","Specular","Especular","","","","",""
"ss_start_StylizedReflectionLilEnviroReflections","Environment Reflections","Reflejos del entorno","","","","",""
"_SSAOSpawnDepthGet","Add DepthGet Prefab to Scene","Añade el objeto preconfigurado DepthGet a la escena","","","","",""
"m_start_poiContactShadows","Contact Shadows","Sombras por contacto","","","","",""
"_ContactShadowsEnabled","Contact Shadows Enabled","Activar sombras por contacto","","","","",""
"_ContactShadowsDepthWarning","Contact Shadows Requires depth. Put the DepthGet.prefab on your avatar so it'll work in every world.","Las sombras por contacto requieren de datos de profundidad. Debe colocar el objeto preconfigurado DepthGet.prefab en tu avatar para que funcione en cada mundo.","","","","",""
"_ContactShadowsSpawnDepthGet","Add DepthGet Prefab to Scene","Añade el objeto preconfigurado DepthGet a la escena","","","","",""
"_ContactShadowsAnimationToggle","Animatable Toggle","Alternar animación","","","","","Анимируемый Переключатель"
"_ContactShadowsIntensity","Shadow Intensity","Intensidad de las sombras","","","","","Интенсивность Тени"
"_ContactShadowsMaxDistance","Max Distance","Distancia máxima","","","","","Макс. Расстояние"
"_ContactShadowsQuality","Quality","Calidad","","","","","Качество"
"_ContactShadowsThickness","Thickness","Grosor","","","","",""
"_ContactShadowsBias","Depth Bias","Sesgo de profundidad","","","","",""
"s_start_ContactShadowsLightSource","Light Source","Fuente de luz","","","","",""
"_ContactShadowsLightSource","Light Source","Fuente de luz","","","","",""
"_ContactShadowsCustomLightDir","Custom Light Direction","Dirección de la luz personalizada","","","","",""
"s_start_ContactShadowsFalloff","Falloff","Atenuación","","","","",""
"_ContactShadowsCameraFalloff","Camera Distance Falloff","Atenuación por distancia de la cámara","","","","",""
"s_start_ContactShadowsApplication","Application Mode","Modo de aplicación","","","","",""
"_ContactShadowsApplyMode","Apply Mode","Modo a aplicar","","","","",""
"s_start_ContactShadowsColorAndMasking","Color And Masking","Esmascarado y color","","","","",""
"_ContactShadowsEnableMaskTexture","Use Mask?","¿Usar máscara?","","","","","Использовать Маску?"
"_ContactShadowsMask","Mask","Máscara","","","","","Маска"
"_ContactShadowsMaskPan","Panning","Barrido","","","","","Прокрутка"
"_ContactShadowsMaskUV","UV","UV","","","","","UV"
"_ContactShadowsMaskChannel","Channel","Canal","","","","","Канал"
"_ContactShadowsMaskInvert","Invert","Invertir","","","","","Инвертировать"
"_ContactShadowsColor","Shadow Color","Color de la sombra","","","","","Цвет Тени"
"_ContactShadowsBlendType","Blend Mode","Modo de mezcla","","","","","Режим Смешивания"
"s_start_ContactShadowsAdvanced","Global Masks","Máscaras globales","","","","",""
"_ContactShadowsNormalBias","Normal Rejection","Rechazo de normales","","","","",""
"_ContactShadowsHideInLight","Hide In Light","Esconder en luz","","","","",""
"_ContactShadowsNoiseScale","Dither Noise","Ruido de tramado","","","","",""
"_ContactShadowsRejectionDepth","Rejection Depth","Profundidad del rechazo","","","","",""
"_ContactShadowsGlobalMaskIndex","Apply From Global Mask","Aplicar desde la máscara global","","","","","Применить из Глобальной Маски"
"_ContactShadowsGlobalMaskBlendType","Blending","Mezcla","","","","","Смешивание"
"_ContactShadowsApplyGlobalMaskIndex","Apply to Global Mask","Aplicar a la máscara global","","","","","Применить к Глобальной Маске"
"_ContactShadowsApplyGlobalMaskBlendType","Blending","Mezcla","","","","","Смешивание"
"_ContactShadowsDebug","Debug","Depuración","","","","","Отладка"
"_LTCGI_SpecularMultiplier","Specular Multiplier","Multiplicador especular","","","","",""
"_LTCGI_DiffuseMultiplier","Diffuse Multiplier","Multiplicador difuso","","","","",""
"_DepthBulgeDepthGetWarning","Depth Bulge Requires depth. Put the DepthGet.prefab on your avatar so it'll work in every world.","El bulto por profundidad requiere de datos de profundidad. Debe colocar el objeto preconfigurado DepthGet.prefab en tu avatar para que funcione en cada mundo.","","","","",""
"_DepthBulgeSpawnDepthGet","Add DepthGet Prefab to Scene","Añade el objeto preconfigurado DepthGet a la escena","","","","",""
"_DepthFXDepthGetWarning","Depth FX Requires depth. Put the DepthGet.prefab on your avatar so it'll work in every world.","Los efectos de profundidad requieren de datos de profundidad. Debe colocar el objeto preconfigurado DepthGet.prefab en tu avatar para que funcione en cada mundo.","","","","",""
"_DepthFXSpawnDepthGet","Add DepthGet Prefab to Scene","Añade el objeto preconfigurado DepthGet a la escena","","","","",""
"_ParallaxInternalMapMaskInvert","Invert","Invertir","","","","","Инвертировать"
"_ParallaxInternalMapMaskGlobalMask","Global Mask","Máscara global","","","","","Глобальная Маска"
"_ParallaxInternalMapMaskGlobalMaskBlendType","Blending","Mezcla","","","","","Смешивание"
"_ConstellationStarSpeedMultiplier","Star Speed","Velocidad de las estrellas","","","","",""
"_ConstellationALColorOverride","Color Override","Anulación del color","","","","",""
"_ConstellationALColorOverrideThemeIndex","Theme Color","Color temático","","","","",""
"_ConstellationALColorOverrideBand","Color Override Band","Banda de anulación del color","","","","",""
"_ConstellationALColorOverrideRamp","Color Override Ramp","Rmpa de anulación del color","","","","",""
"_SquishSpawnGlass","Add SquishGlass Prefab to Scene","Añade el objeto preconfigurado SquishGlass a la escena","","","","",""
"_SquishMaskInvert","Invert","Invertir","","","","","Инвертировать"
"s_start_ALDecalPositioning","Positioning","Posicionamiento","","","","","Позиционирование"
"_ALDecalPosition","Position","Posición","","","","","Позиция"
"_ALDecalRotation","Rotation","Rotación","","","","","Вращение"
"_ALDecalRotationSpeed","Rotation Speed","Velocidad de rotación","","","","","Скорость Ротации"
"_ALDecalScale","Scale","Escala","","","","","Масштаб"
"_ALDecalSideOffset","Side Offset","Desplazamiento lateral","","","","","Боковое Cмещение"
"_ALDecalMirroredUVMode","Mirrored UV Mode","Modo de UV espejo","","","","",""
"_ALDecalSymmetryMode","Symmetry Mode","Modo simétrico","","","","",""
"_ALDecalTiled","Tiled","Calcomanía en mosaico","","","","","Мозаика"
"s_start_ALDecalSpectrumOptions","Spectrum","Espectro","","","","","Спектр"
"_ALDecalBilateral","Bilateral Mode","Modo bilateral","","","","",""
"_ALDecalMirrorBand","Mirror Spectrum","Espectro del espejo","","","","",""
"_ALDecalBandRange","Band Range","Rango de la banda","","","","",""
"s_start_ALDecalClippingOptions","Clipping","Recorte","","","","",""
"_ALDecalColorMode","Color Mode","Modo del color","","","","",""
"_ALDecalColorChordEmission","ColorChord Emission","Emisión del acorde de color","","","","",""
"_ALDecalDebug","Debug","Depuración","","","","","Отладка"
"_ALDecalDebugBorderWidth","Debug Border Width","Anchura del borde de depuración","","","","",""
"ss_start_LocalTranslation","Local Translation","Traslación local","","","","",""
"ss_start_LocalRotation","Local Rotation","Rotación local","","","","",""
"ss_start_ContinuousRotation","Continuous Rotation","Rotación continua","","","","",""
"ss_start_VertexScale","Vertex Scale","Escala de los vértices","","","","",""
"ss_start_WorldTranslation","World Translation","Traslación global","","","","",""
"ss_start_ALVertexHeight","Vertex Height","Altura de los vértices","","","","",""
"ss_start_vertexRoundingAL","Vertex Rounding","Redondeado de los vértices","","","","",""
"ss_start_ALSpectrumMotion","Spectrum Motion","Movimiento del espectro","","","","",""
"m_start_PoiTimeOptions","Time Source","Fuente de tiempo","","","","","Источник Времени"
"_PoiTimeSource","Time Source","Fuente de tiempo","","","","","Источник Времени"
"_HeightmaskGlobalMask","Global Mask","Máscara global","","","","","Глобальная Маска"
"_HeightmaskGlobalMaskBlendType","Blending","Mezcla","","","","","Смешивание"
"m_start_PoiSkin","Skin","","","","","",""
"_PoiSkinPreset","Skin Tone Preset","","","","","",""
"_PoiSkinDetailMap","Skin Detail Map","","","","","",""
"s_start_PoiSkinPigment","Pigment","","","","","",""
"_PoiSkinLUT","Skin Color LUT","","","","","",""
"_PoiSkinMelanin","Melanin","","","","","",""
"_PoiSkinMelaninRedness","Melanin Redness","","","","","",""
"_PoiSkinHemoglobin","Hemoglobin","","","","","",""
"s_start_PoiSkinFreckles","Freckles","","","","","",""
"_PoiSkinFreckleMapTiling","Tiling","","","","","",""
"_PoiSkinFreckleStrength","Strength","","","","","",""
"_PoiSkinFreckleSharpness","Sharpness","","","","","",""
"_PoiSkinFreckleRedness","Redness Shift","","","","","",""
"s_start_PoiSkinTan","Tan","","","","","",""
"_PoiSkinTanMapTiling","Tiling","","","","","",""
"_PoiSkinTanAmount","Amount","","","","","",""
"_PoiSkinTanRednessShift","Redness Shift","","","","","",""
"_PoiSkinBrightness","Brightness","","","","","",""
"_PoiSkinColorTint","Tint","","","","","",""
"_PoiSkinBlendMode","Blend Mode","","","","","",""
"_PoiSkinBlend","Blend","","","","","",""
"m_raymarchingCategory","Raymarching","","","","","",""
"m_start_PoiLavaLamp","Lava Lamp","","","","","",""
"s_start_LavaLampSDF","Volume Bounds","","","","","",""
"_SDFTexture","SDF Volume","","","","","",""
"_SDFPixelSize","SDF Pixel Size","","","","","",""
"_SDFLowerCorner","SDF Lower Corner","","","","","",""
"_SDFSize","SDF Size","","","","","",""
"_MinThickness","Min Thickness","","","","","",""
"s_start_LavaLampRefraction","Refraction","","","","","",""
"_LavaLampRefractiveIndex","Refraction Index","","","","","",""
"s_start_LavaLampBindData","Bind Data","","","","","",""
"_BindDataMode","Use Mesh Bind Data","","","","","",""
"_BindPositionsSlot","Bind Positions UV Channel","","","","","",""
"_BindNormalsSlot","Bind Normals UV Channel","","","","","",""
"_BindTangentsSlot","Bind Tangents UV Channel","","","","","",""
"_WorldRecale","World Rescale","","","","","",""
"s_start_LavaLampMask","Mask","","","","","",""
"_LavaLampMask","Mask","","","","","",""
"_LavaLampMaskPan","Panning","","","","","",""
"s_start_LavaLampBlobs","Lava Blobs","","","","","",""
"_LavaPadding","Padding","","","","","",""
"_LavaSmoothingFactor","Smoothing","","","","","",""
"_LavaVerticalSeparation","Vertical Spacing","","","","","",""
"_LavaSkipChance","Invisible Blob Chance","","","","","",""
"_LavaMinSize","Min Size","","","","","",""
"_LavaMaxSize","Max Size","","","","","",""
"_LavaSizeDistribution","Size Distribution","","","","","",""
"_LavaMinSpeed","Min Speed","","","","","",""
"_LavaMaxSpeed","Max Speed","","","","","",""
"_LavaMinDriftSpeed","Min Drift Speed","","","","","",""
"_LavaMaxDriftSpeed","Max Drift Speed","","","","","",""
"_LavaReflectiveness","Reflectiveness","","","","","",""
"_LavaPerceptualRoughness","Roughness","","","","","",""
"_LavaSubsurface","Translucency","","","","","",""
"s_start_LavaLampMatcap","Matcap","","","","","",""
"_LavaLampMatcap","Matcap","","","","","",""
"_LavaLampMatcapBorder","Border","","","","","",""
"_LavaLampMatcapIntensity","Intensity","","","","","",""
"_LavaLampMatcapAlpha","Alpha","","","","","",""
"_LavaLampMatcapBlendMode","Blend Mode","","","","","",""
"s_start_LavaLampRegion","Region","","","","","",""
"_LavaScale0","Scale","","","","","",""
"_LavaTopReservoirHeight0","Top Reservoir Height","","","","","",""
"_LavaBottomReservoirHeight0","Bottom Reservoir Height","","","","","",""
"_LavaCoreColor0","Lava Color","","","","","",""
"_LavaWaterHazeColor0","Haze Color","","","","","",""
"_LavaWaterHazeStrength0","Haze Density","","","","","",""
"_LavaWaterTintColor0","Tint Color","","","","","",""
"_LavaWaterTintStrength0","Tint Strength","","","","","",""
"_LavaTopLightColor0","Top Color","","","","","",""
"_LavaTopLightBrightness0","Top Emission","","","","","",""
"_LavaBottomLightColor0","Bottom Color","","","","","",""
"_LavaBottomLightBrightness0","Bottom Emission","","","","","",""
"_LavaLightFalloff0","Color Range","","","","","",""
"_LavaFlowDirection0","Flow Direction","","","","","",""
"ss_start_MainHueShiftAL","Hue Shift Audio Link ♫","Cambio de tono Audio Link ♫","Farbtonverschiebung Audio Link ♫","色相シフト Audio Link ♫","색조 시프트 Audio Link ♫","色相偏移 Audio Link ♫","Сдвиг тона Audio Link ♫"
"_MainGradationMaskChannel","Gradation Mask","Máscara de gradación","Gradationsmaske","グラデーションマスク","그라데이션 마스크","渐变遮罩","Маска градации"
"_PoiSkinEnabled","Enable","Activar","Aktivieren","有効","활성화","启用","Включить"
"_PoiSkinFrecklesEnabled","Enable","Activar","Aktivieren","有効","활성화","启用","Включить"
"_PoiSkinFreckleMapUV","UV","UV","UV","UV","UV","UV","UV"
"_PoiSkinTanEnabled","Enable","Activar","Aktivieren","有効","활성화","启用","Включить"
"_PoiSkinTanMapUV","UV","UV","UV","UV","UV","UV","UV"
"s_start_Decal0ColorAdjust","Color Adjust","Ajuste de color","Farbanpassung","色調整","색상 조정","颜色调整","Коррекция цвета"
"_DecalColorAdjustEnabled","Color Adjust","Ajuste de color","Farbanpassung","色調整","색상 조정","颜色调整","Коррекция цвета"
"_DecalSaturation","Saturation","Saturación","Sättigung","飽和","채도","饱和度","Насыщенность"
"_DecalChromatize","Chromatize","Cromatizar","Chromatisieren","クロマタイズ","크로마타이즈","色度化","Хроматизировать"
"_DecalBrightness","Brightness","Brillo","Helligkeit","明るさ","밝기","亮度","Яркость"
"_DecalGamma","Gamma","Gamma","Gamma","ガンマ","감마","Gamma","Гамма"
"s_start_Decal0ALColorOverrideS","Color Override","Anulación del color","Farbüberschreibung","カラーオーバーライド","색상 오버라이드","颜色覆盖","Переопределение цвета"
"_AudioLinkDecal0ColorOverrideEnabled","Color Override","Anulación del color","Farbüberschreibung","カラーオーバーライド","색상 오버라이드","颜色覆盖","Переопределение цвета"
"_AudioLinkDecal0ColorOverride","Color","Color","Farbe","色","색상","颜色","Цвет"
"_AudioLinkDecal0ColorOverrideThemeIndex","Theme Color","Color temático","Themenfarbe","テーマカラー","테마 색상","主题颜色","Цвет темы"
"_AudioLinkDecal0ColorOverrideBand","Color Override Band","Banda de anulación del color","Farbüberschreibungsband","カラーオーバーライドバンド","색상 오버라이드 밴드","颜色覆盖频段","Полоса переопределения цвета"
"_AudioLinkDecal0ColorOverrideRamp","Color Override Ramp","Rampa de anulación del color","Farbüberschreibungsrampe","カラーオーバーライドランプ","색상 오버라이드 램프","颜色覆盖渐变","Рампа переопределения цвета"
"s_start_Decal1ColorAdjust","Color Adjust","Ajuste de color","Farbanpassung","色調整","색상 조정","颜色调整","Коррекция цвета"
"_DecalColorAdjustEnabled1","Color Adjust","Ajuste de color","Farbanpassung","色調整","색상 조정","颜色调整","Коррекция цвета"
"_DecalSaturation1","Saturation","Saturación","Sättigung","飽和","채도","饱和度","Насыщенность"
"_DecalChromatize1","Chromatize","Cromatizar","Chromatisieren","クロマタイズ","크로마타이즈","色度化","Хроматизировать"
"_DecalBrightness1","Brightness","Brillo","Helligkeit","明るさ","밝기","亮度","Яркость"
"_DecalGamma1","Gamma","Gamma","Gamma","ガンマ","감마","Gamma","Гамма"
"s_start_Decal1ALColorOverrideS","Color Override","Anulación del color","Farbüberschreibung","カラーオーバーライド","색상 오버라이드","颜色覆盖","Переопределение цвета"
"_AudioLinkDecal1ColorOverrideEnabled","Color Override","Anulación del color","Farbüberschreibung","カラーオーバーライド","색상 오버라이드","颜色覆盖","Переопределение цвета"
"_AudioLinkDecal1ColorOverride","Color","Color","Farbe","色","색상","颜色","Цвет"
"_AudioLinkDecal1ColorOverrideThemeIndex","Theme Color","Color temático","Themenfarbe","テーマカラー","테마 색상","主题颜色","Цвет темы"
"_AudioLinkDecal1ColorOverrideBand","Color Override Band","Banda de anulación del color","Farbüberschreibungsband","カラーオーバーライドバンド","색상 오버라이드 밴드","颜色覆盖频段","Полоса переопределения цвета"
"_AudioLinkDecal1ColorOverrideRamp","Color Override Ramp","Rampa de anulación del color","Farbüberschreibungsrampe","カラーオーバーライドランプ","색상 오버라이드 램프","颜色覆盖渐变","Рампа переопределения цвета"
"s_start_Decal2ColorAdjust","Color Adjust","Ajuste de color","Farbanpassung","色調整","색상 조정","颜色调整","Коррекция цвета"
"_DecalColorAdjustEnabled2","Color Adjust","Ajuste de color","Farbanpassung","色調整","색상 조정","颜色调整","Коррекция цвета"
"_DecalSaturation2","Saturation","Saturación","Sättigung","飽和","채도","饱和度","Насыщенность"
"_DecalChromatize2","Chromatize","Cromatizar","Chromatisieren","クロマタイズ","크로마타이즈","色度化","Хроматизировать"
"_DecalBrightness2","Brightness","Brillo","Helligkeit","明るさ","밝기","亮度","Яркость"
"_DecalGamma2","Gamma","Gamma","Gamma","ガンマ","감마","Gamma","Гамма"
"s_start_Decal2ALColorOverrideS","Color Override","Anulación del color","Farbüberschreibung","カラーオーバーライド","색상 오버라이드","颜色覆盖","Переопределение цвета"
"_AudioLinkDecal2ColorOverrideEnabled","Color Override","Anulación del color","Farbüberschreibung","カラーオーバーライド","색상 오버라이드","颜色覆盖","Переопределение цвета"
"_AudioLinkDecal2ColorOverride","Color","Color","Farbe","色","색상","颜色","Цвет"
"_AudioLinkDecal2ColorOverrideThemeIndex","Theme Color","Color temático","Themenfarbe","テーマカラー","테마 색상","主题颜色","Цвет темы"
"_AudioLinkDecal2ColorOverrideBand","Color Override Band","Banda de anulación del color","Farbüberschreibungsband","カラーオーバーライドバンド","색상 오버라이드 밴드","颜色覆盖频段","Полоса переопределения цвета"
"_AudioLinkDecal2ColorOverrideRamp","Color Override Ramp","Rampa de anulación del color","Farbüberschreibungsrampe","カラーオーバーライドランプ","색상 오버라이드 램프","颜色覆盖渐变","Рампа переопределения цвета"
"s_start_Decal3ColorAdjust","Color Adjust","Ajuste de color","Farbanpassung","色調整","색상 조정","颜色调整","Коррекция цвета"
"_DecalColorAdjustEnabled3","Color Adjust","Ajuste de color","Farbanpassung","色調整","색상 조정","颜色调整","Коррекция цвета"
"_DecalSaturation3","Saturation","Saturación","Sättigung","飽和","채도","饱和度","Насыщенность"
"_DecalChromatize3","Chromatize","Cromatizar","Chromatisieren","クロマタイズ","크로마타이즈","色度化","Хроматизировать"
"_DecalBrightness3","Brightness","Brillo","Helligkeit","明るさ","밝기","亮度","Яркость"
"_DecalGamma3","Gamma","Gamma","Gamma","ガンマ","감마","Gamma","Гамма"
"s_start_Decal3ALColorOverrideS","Color Override","Anulación del color","Farbüberschreibung","カラーオーバーライド","색상 오버라이드","颜色覆盖","Переопределение цвета"
"_AudioLinkDecal3ColorOverrideEnabled","Color Override","Anulación del color","Farbüberschreibung","カラーオーバーライド","색상 오버라이드","颜色覆盖","Переопределение цвета"
"_AudioLinkDecal3ColorOverride","Color","Color","Farbe","色","색상","颜色","Цвет"
"_AudioLinkDecal3ColorOverrideThemeIndex","Theme Color","Color temático","Themenfarbe","テーマカラー","테마 색상","主题颜色","Цвет темы"
"_AudioLinkDecal3ColorOverrideBand","Color Override Band","Banda de anulación del color","Farbüberschreibungsband","カラーオーバーライドバンド","색상 오버라이드 밴드","颜色覆盖频段","Полоса переопределения цвета"
"_AudioLinkDecal3ColorOverrideRamp","Color Override Ramp","Rampa de anulación del color","Farbüberschreibungsrampe","カラーオーバーライドランプ","색상 오버라이드 램프","颜色覆盖渐变","Рампа переопределения цвета"
"s_start_UVTileGeoDissolve","UV Tile Geometric Dissolve","Disolución geométrica de teselas UV","UV-Fliesengeometrie auflösen","UVタイルの幾何学的ディゾルブ","UV 타일 지오 디졸브","UV Tile 几何溶解","Геометрическое растворение UV-плиток"
"ss_start_UVTileGeoDissolveRow3","Row 3 Alpha","Alfa de la fila 3","Reihe 3 Alpha","行3アルファ","3열 알파","行 3 Alpha","Строка 3 Альфа"
"ss_start_UVTileGeoDissolveRow2","Row 2 Alpha","Alfa de la fila 2","Reihe 2 Alpha","行2アルファ","2열 알파","行 2 Alpha","Строка 2 Альфа"
"ss_start_UVTileGeoDissolveRow1","Row 1 Alpha","Alfa de la fila 1","Reihe 1 Alpha","行1アルファ","1열 알파","行 1 Alpha","Строка 1 Альфа"
"ss_start_UVTileGeoDissolveRow0","Row 0 Alpha","Alfa de la fila 0","Reihe 0 Alpha","行0アルファ","0열 알파","行 0 Alpha","Строка 0 Альфа"
"_GrabBlurSpawnDepthGet","Add DepthGet Prefab to Scene","Añade el objeto preconfigurado DepthGet a la escena","DepthGet-Prefab zur Szene hinzufügen","DepthGetプレハブをシーンに追加","DepthGet 프리팹을 씬에 추가","将 DepthGet 预制体添加到场景","Добавить префаб DepthGet на сцену"
"_GIWarning","Due to the shader locking system, Static Batching is unsupported! For this reason, you should keep your usage of Poiyomi World to a strict minimum.","Debido al sistema de bloqueo de shaders, el Static Batching no es compatible. Por esta razón, debes mantener el uso de Poiyomi World al mínimo estricto.","Aufgrund des Shader-Sperrsystems wird Static Batching nicht unterstützt! Aus diesem Grund solltest du die Verwendung von Poiyomi World auf ein striktes Minimum beschränken.","シェーダーのロックシステムのため、Static Batching はサポートされていません！このため、Poiyomi World の使用は最小限にとどめてください。","셰이더 잠금 시스템으로 인해 Static Batching은 지원되지 않습니다! 따라서 Poiyomi World 사용을 최소한으로 유지하세요.","由于着色器锁定系统，不支持静态批处理（Static Batching）！因此，应将 Poiyomi World 的使用保持在严格的最低限度。","Из-за системы блокировки шейдера статическая пакетная обработка (Static Batching) не поддерживается! По этой причине сведите использование Poiyomi World к строгому минимуму."
"_BakeryMode","Bakery Mode","Modo Bakery","Bakery-Modus","Bakeryモード","Bakery 모드","Bakery 模式","Режим Bakery"
"_RNM0","RNM0","RNM0","RNM0","RNM0","RNM0","RNM0","RNM0"
"_RNM1","RNM1","RNM1","RNM1","RNM1","RNM1","RNM1","RNM1"
"_RNM2","RNM2","RNM2","RNM2","RNM2","RNM2","RNM2","RNM2"
"_LightmapBicubic","Use Bicubic Filtering","Usar filtrado bicúbico","Bikubische Filterung verwenden","バイキュービックフィルタリングを使用","바이큐빅 필터링 사용","使用双三次过滤","Использовать бикубическую фильтрацию"
